SEQ,FECHA_CREACION,PREFIJO,CARRIER,AWB,ORIGEN,DESTINO,CODIGO_AGENTE,NOMBRE_AGENTE,PIEZAS,CWEIGHT,GROSSW,VOLUMEN,RATE,FLETE,SUBTOTAL,TAX,TOTAL,CODIGO_CLIENTE,CURRENCY,PRICE_CLASS,SHC_LIST,CHARGE_CODE,CREATE_OPER
20313657,2026-02-26,480,ET,00106046,CGO,LIM,0000009CGO,AWESOME CARGO,10,7046,7046,5.189,,0,0,0,,,CNY,,HEA,,JVALDOS
20313614,2026-02-26,480,ET,00148444,CGO,BOG,0000009CGO,AWESOME CARGO,127,2643,2643,15.84,,0,0,0,,,CNY,,,,JVALDOS
20313593,2026-02-26,480,ET,00148525,CGO,BOG,0000009CGO,AWESOME CARGO,144,3020,2893,18.12,,0,0,0,,,CNY,,,,JVALDOS
20313578,2026-02-26,480,ET,00148492,CGO,BOG,0000009CGO,AWESOME CARGO,137,3020,2684,18.12,,0,0,0,,,CNY,,,,JVALDOS
20313559,2026-02-26,480,ET,00148503,CGO,BOG,0000009CGO,AWESOME CARGO,128,2640,2575,15.84,,0,0,0,,,CNY,,,,JVALDOS
20313535,2026-02-26,480,ET,00148573,CGO,BOG,0000009CGO,AWESOME CARGO,95,1960,1907,11.76,,0,0,0,,,CNY,,,,JVALDOS
20313479,2026-02-26,480,ET,00148466,CGO,BOG,0000009CGO,AWESOME CARGO,140,3020,2761,18.12,,0,0,0,,,CNY,,,,JVALDOS
20313447,2026-02-26,480,ET,00148470,CGO,BOG,0000009CGO,AWESOME CARGO,146,3020,2902,18.12,,0,0,0,,,CNY,,,,JVALDOS
20313422,2026-02-26,480,ET,00148481,CGO,BOG,0000009CGO,AWESOME CARGO,145,3020,2951,18.12,,0,0,0,,,CNY,,,,JVALDOS
20313399,2026-02-26,480,ET,00148514,CGO,BOG,0000009CGO,AWESOME CARGO,91,1960,1849,11.76,,0,0,0,,,CNY,,,,JVALDOS
20313349,2026-02-26,480,ET,00148562,CGO,BOG,0000009CGO,AWESOME CARGO,128,2640,2597,15.84,,0,0,0,,,CNY,,,,JVALDOS
20313336,2026-02-26,480,ET,00148536,CGO,BOG,0000009CGO,AWESOME CARGO,145,3020,2846,18.12,,0,0,0,,,CNY,,,,JVALDOS
20313290,2026-02-26,480,ET,00148551,CGO,BOG,0000009CGO,AWESOME CARGO,142,3020,2862,18.12,,0,0,0,,,CNY,,,,JVALDOS
20312680,2026-02-26,480,ET,00148540,CGO,BOG,0000009CGO,AWESOME CARGO,143,3020,2808,18.12,,0,0,0,,,CNY,,,,JVALDOS
20312662,2026-02-26,480,ET,00314624,NLU,BOG,86100310015,ALOW FORWARDING MEXICO SA DE CV,5,3341.5,700,20.048,0.6,1904.65,1904.65,84.21,,,USD,,,PP,JVALDOS
20312635,2026-02-26,480,ET,00221513,NLU,BOG,86102340015,JAS FORWARDING DE MEXICO SA DE CV,1,1610,1610,2.785,0.85,1300.07,1300.07,57.48,,,USD,,HEA,,JVALDOS
20312573,2026-02-26,480,ET,00300845,NLU,BOG,86100380004,PLUSCARGO TRANSPORTE MEXICANA SA DE,3,714.5,491,4.286,0.7,475.14,475.14,21.01,,,USD,,HEA,,JVALDOS
20312552,2026-02-26,480,ET,00211584,NLU,BOG,86114130001,DHL GLOBAL FORWARDING MEXICO SA DE,34,9567,9566.8,39.206,0.7,6362.05,6362.05,281.27,,,USD,,HEA,,JVALDOS
20311766,2026-02-26,480,ET,00266523,NLU,BOG,86100470002,TIBA MEXICO SA DE CV,5,2028,2028,7.071,1,1926.6,1926.6,85.18,,,USD,,HEA,,JVALDOS
20311622,2026-02-26,480,ET,00226505,NLU,BOG,86100040003,EXPEDITORS INTERNATIONAL DE MEXICO,10,599.5,87,3.595,0.6,341.71,341.71,15.11,,,USD,,,PP,JVALDOS
20311588,2026-02-26,480,ET,00226494,NLU,BOG,86100040003,EXPEDITORS INTERNATIONAL DE MEXICO,2,556,232,3.335,0.55,290.51,290.51,12.84,,,USD,,,PP,JVALDOS
20311514,2026-02-26,480,ET,00295186,NLU,BOG,86100370005,GRUPO DE INTERCAMBIO COMERCIAL SA D,9,796,796,3.449,1,756.2,756.2,33.43,,,USD,,,,JVALDOS
20311476,2026-02-26,480,ET,00211676,NLU,BOG,86114130001,DHL GLOBAL FORWARDING MEXICO SA DE,1,2500,920.7,1.663,1,2375,2375,105,,,USD,,HEA,PP,JVALDOS
20311449,2026-02-26,480,ET,00211632,NLU,BOG,86114130001,DHL GLOBAL FORWARDING MEXICO SA DE,28,5689,3946,34.132,0.7,3783.18,3783.18,167.26,,,USD,,,PP,JVALDOS
20311394,2026-02-26,480,ET,00241555,NLU,BOG,86102310092,KUEHNE + NAGEL FORWARDING,3,710.5,189,4.262,0.65,438.74,438.74,19.4,,,USD,,,PP,JVALDOS
20311213,2026-02-26,480,ET,00241566,NLU,BOG,86102310092,KUEHNE + NAGEL FORWARDING,1,397,397,0.882,0.6,226.29,226.29,10,,,USD,,HEA,PP,JVALDOS
20311083,2026-02-26,480,ET,00241544,NLU,BOG,86102310092,KUEHNE + NAGEL FORWARDING,18,6595,6595,31.77,0.6,3759.15,3759.15,166.19,,,USD,,HEA,PP,JVALDOS
20309928,2026-02-26,480,A7,00314720,NLU,CGO,86199910016,NEWTRAL MEXICO,1,220,42,1.319,2.5,522.5,522.5,23.36,,86199910016,USD,,,,YMEDINA
20305873,2026-02-26,480,A7,00282855,VCP,NLU,0000002ATC,ATC AVIATION SERVICES,4,1259,1258.6,1.266,,0,0,0,,,USD,,HEA,,KVIALLI
20301662,2026-02-26,480,A7,00147556,CGO,SCL,0000009CGO,AWESOME CARGO,79,1580,1499,9.48,1,0.95,0.95,0,,0000009GYF,USD,,,PP,CGOOP1
20301642,2026-02-26,480,A7,00147560,CGO,SCL,0000009CGO,AWESOME CARGO,96,2238,2238,11.52,1,0.95,0.95,0,,0000009GYF,USD,,,PP,CGOOP1
20301625,2026-02-26,480,A7,00147545,CGO,SCL,0000009CGO,AWESOME CARGO,97,2263,2263,11.64,1,0.95,0.95,0,,0000009GYF,USD,,,PP,CGOOP1
20301606,2026-02-26,480,A7,00147534,CGO,SCL,0000009CGO,AWESOME CARGO,107,2140,2132,12.84,1,0.95,0.95,0,,0000009GYF,USD,,,PP,CGOOP1
20301577,2026-02-26,480,A7,00147501,CGO,SCL,0000009CGO,AWESOME CARGO,48,965,965,5.76,1,0.95,0.95,0,,0000009GYF,USD,,,PP,CGOOP1
20301561,2026-02-26,480,A7,00147523,CGO,SCL,0000009CGO,AWESOME CARGO,96,2229,2229,11.52,1,0.95,0.95,0,,0000009GYF,USD,,,PP,CGOOP1
20301494,2026-02-26,480,A7,00147512,CGO,SCL,0000009CGO,AWESOME CARGO,96,2167,2167,11.52,1,0.95,0.95,0,,0000009GYF,USD,,,PP,CGOOP1
20301412,2026-02-26,480,A7,00149424,CGO,SCL,0000009CGO,AWESOME CARGO,65,1280,1142,7.68,1,0.95,0.95,0,,0000009FAL,USD,,,PP,CGOOP1
20301379,2026-02-26,480,A7,00149413,CGO,SCL,0000009CGO,AWESOME CARGO,130,2590,2355,15.54,1,0.95,0.95,0,,0000009FAL,USD,,,PP,CGOOP1
20301348,2026-02-26,480,A7,00149855,CGO,SCL,0000009CGO,AWESOME CARGO,46,1000,892,6,1,0.95,0.95,0,,0000009FAL,USD,,,PP,CGOOP1
20301313,2026-02-26,480,A7,00146996,CGO,SCL,0000009CGO,AWESOME CARGO,92,2000,1698,12,1,0.95,0.95,0,,0000009FAL,USD,,,PP,CGOOP1
20301278,2026-02-26,480,A7,00146985,CGO,SCL,0000009CGO,AWESOME CARGO,92,2000,1823,12,1,0.95,0.95,0,,0000009FAL,USD,,,PP,CGOOP1
20301235,2026-02-26,480,A7,00146974,CGO,SCL,0000009CGO,AWESOME CARGO,91,2080,1687,12.48,1,0.95,0.95,0,,0000009FAL,USD,,,PP,CGOOP1
20301197,2026-02-26,480,A7,00146963,CGO,SCL,0000009CGO,AWESOME CARGO,90,2000,1710,12,1,0.95,0.95,0,,0000009FAL,USD,,,PP,CGOOP1
20301157,2026-02-26,480,A7,00146952,CGO,SCL,0000009CGO,AWESOME CARGO,85,2000,1645,12,1,0.95,0.95,0,,0000009FAL,USD,,,PP,CGOOP1
20301072,2026-02-26,480,A7,00146941,CGO,SCL,0000009CGO,AWESOME CARGO,100,2000,1755,12,1,0.95,0.95,0,,0000009FAL,USD,,,PP,CGOOP1
20301043,2026-02-26,480,A7,00146930,CGO,SCL,0000009CGO,AWESOME CARGO,97,2000,1952,12,1,0.95,0.95,0,,0000009FAL,USD,,,PP,CGOOP1
20301032,2026-02-26,480,A7,00146926,CGO,SCL,0000009CGO,AWESOME CARGO,96,2000,1963,12,1,0.95,0.95,0,,0000009FAL,USD,,,PP,CGOOP1
20301017,2026-02-26,480,A7,00146915,CGO,SCL,0000009CGO,AWESOME CARGO,94,2008,2008,12,1,0.95,0.95,0,,0000009FAL,USD,,,PP,CGOOP1
20300957,2026-02-26,480,A7,00146904,CGO,SCL,0000009CGO,AWESOME CARGO,94,2160,1558,12.96,1,0.95,0.95,0,,0000009FAL,USD,,,PP,CGOOP1
20300883,2026-02-26,480,A7,00146893,CGO,SCL,0000009CGO,AWESOME CARGO,100,2000,1749,12,1,0.95,0.95,0,,0000009FAL,USD,,,PP,CGOOP1
20300845,2026-02-26,480,A7,00146882,CGO,SCL,0000009CGO,AWESOME CARGO,45,1000,860,6,1,0.95,0.95,0,,0000009FAL,USD,,,PP,CGOOP1
20300782,2026-02-26,480,A7,00146871,CGO,SCL,0000009CGO,AWESOME CARGO,92,2000,1779,12,1,0.95,0.95,0,,0000009FAL,USD,,,PP,CGOOP1
20300771,2026-02-26,480,A7,00146860,CGO,SCL,0000009CGO,AWESOME CARGO,97,2000,1750,12,1,0.95,0.95,0,,0000009FAL,USD,,,PP,CGOOP1
20300731,2026-02-26,480,A7,00146856,CGO,SCL,0000009CGO,AWESOME CARGO,93,2000,1727,12,1,0.95,0.95,0,,0000009FAL,USD,,,PP,CGOOP1
20300708,2026-02-26,480,A7,00146845,CGO,SCL,0000009CGO,AWESOME CARGO,98,2000,1806,12,1,0.95,0.95,0,,0000009FAL,USD,,,PP,CGOOP1
20300686,2026-02-26,480,A7,00146834,CGO,SCL,0000009CGO,AWESOME CARGO,98,2000,1778,12,1,0.95,0.95,0,,0000009FAL,USD,,,PP,CGOOP1
20300575,2026-02-26,480,A7,00146823,CGO,SCL,0000009CGO,AWESOME CARGO,79,2000,1668,12,1,0.95,0.95,0,,0000009FAL,USD,,,PP,CGOOP1
20300547,2026-02-26,480,A7,00146812,CGO,SCL,0000009CGO,AWESOME CARGO,92,2000,1782,12,1,0.95,0.95,0,,0000009FAL,USD,,,PP,CGOOP1
20300332,2026-02-26,480,A7,00146801,CGO,SCL,0000009CGO,AWESOME CARGO,86,2040,1574,12.24,1,0.95,0.95,0,,0000009FAL,USD,,,PP,CGOOP1
20279438,2026-02-25,480,A7,00302654,SCL,CGO,75100510015,ANDES INTERGACIÓN LOGÍSTICA,100,2030,2030,8.428,2.25,0,0,0,,~020279438S,CLP,,COL PES,PP,System
20278625,2026-02-25,480,A7,00302610,SCL,CGO,75100510015,ANDES INTERGACIÓN LOGÍSTICA,100,2088,2088,8.428,2.25,0,0,0,,~020278625S,CLP,,COL PES,PP,System
20278617,2026-02-25,480,A7,00302621,SCL,CGO,75100510015,ANDES INTERGACIÓN LOGÍSTICA,100,2057,2057,8.428,2.25,0,0,0,,~020278617S,CLP,,COL PES,PP,System
20278608,2026-02-25,480,A7,00302643,SCL,CGO,75100510015,ANDES INTERGACIÓN LOGÍSTICA,200,4135,4135,16.856,2.25,0,0,0,,~020278608S,CLP,,COL PES,PP,System
20278587,2026-02-25,480,A7,00302713,SCL,CGO,75100510015,ANDES INTERGACIÓN LOGÍSTICA,100,2118,2118,8.428,2.25,0,0,0,,~020278587S,CLP,,COL PES,PP,System
20278568,2026-02-25,480,A7,00302680,SCL,CGO,75100510015,ANDES INTERGACIÓN LOGÍSTICA,200,4776,4776,16.856,2.25,0,0,0,,~020278568S,CLP,,COL PES,PP,System
20278550,2026-02-25,480,A7,00302665,SCL,CGO,75100510015,ANDES INTERGACIÓN LOGÍSTICA,200,4056,4056,16.856,2.25,0,0,0,,~020278550S,CLP,,COL PES,PP,System
20278519,2026-02-25,480,A7,00302676,SCL,CGO,75100510015,ANDES INTERGACIÓN LOGÍSTICA,200,4717,4717,16.856,2.25,0,0,0,,~020278519S,CLP,,COL PES,PP,System
20278492,2026-02-25,480,A7,00302691,SCL,CGO,75100510015,ANDES INTERGACIÓN LOGÍSTICA,200,4875,4875,16.856,2.25,0,0,0,,~020278492S,CLP,,COL PES,PP,System
20278476,2026-02-25,480,A7,00302702,SCL,CGO,75100510015,ANDES INTERGACIÓN LOGÍSTICA,100,2033,2033,8.428,2.25,0,0,0,,~020278476S,CLP,,COL PES,PP,System
20274000,2026-02-24,480,A7,00283301,VCP,NLU,0000002ATC,ATC AVIATION SERVICES,2,333.5,259,2,,0,0,0,,,USD,,,,KVIALLI
20236618,2026-02-22,480,A7,00147490,CGO,SCL,0000009CGO,AWESOME CARGO,28,1940,573,11.64,1,0.95,0.95,0,,0000009GYF,USD,,,PP,CGOOP1
20236605,2026-02-22,480,A7,00147420,CGO,SCL,0000009CGO,AWESOME CARGO,51,1940,1117,11.64,1,0.95,0.95,0,,0000009GYF,USD,,,PP,CGOOP1
20236533,2026-02-22,480,A7,00147464,CGO,SCL,0000009CGO,AWESOME CARGO,52,1940,1164,11.64,1,0.95,0.95,0,,0000009GYF,USD,,,PP,CGOOP1
20236467,2026-02-22,480,A7,00147486,CGO,SCL,0000009CGO,AWESOME CARGO,91,2023,2023,11.64,1,0.95,0.95,0,,0000009GYF,USD,,,PP,CGOOP1
20236455,2026-02-22,480,A7,00147431,CGO,SCL,0000009CGO,AWESOME CARGO,97,2196,2196,11.64,1,0.95,0.95,0,,0000009GYF,USD,,,PP,CGOOP1
20236453,2026-02-22,480,A7,00147442,CGO,SCL,0000009CGO,AWESOME CARGO,97,2159,2159,11.64,1,0.95,0.95,0,,0000009GYF,USD,,,PP,CGOOP1
20236451,2026-02-22,480,A7,00147453,CGO,SCL,0000009CGO,AWESOME CARGO,108,2060,2060,11.64,1,0.95,0.95,0,,0000009GYF,USD,,,PP,CGOOP1
20236428,2026-02-22,480,A7,00147475,CGO,SCL,0000009CGO,AWESOME CARGO,96,2147,2147,11.64,1,0.95,0.95,0,,0000009GYF,USD,,,PP,CGOOP1
20236404,2026-02-22,480,A7,00149391,CGO,SCL,0000009CGO,AWESOME CARGO,101,1940,1766,11.64,1,0.95,0.95,0,,0000009FUJ,USD,,,PP,CGOOP1
20233597,2026-02-22,480,A7,00146790,CGO,SCL,0000009CGO,AWESOME CARGO,93,1940,1625,11.64,1,0.95,0.95,0,,0000009FUJ,USD,,,PP,CGOOP1
20233595,2026-02-22,480,A7,00146775,CGO,SCL,0000009CGO,AWESOME CARGO,92,1940,1545,11.64,1,0.95,0.95,0,,0000009FUJ,USD,,,PP,CGOOP1
20233592,2026-02-22,480,A7,00146720,CGO,SCL,0000009CGO,AWESOME CARGO,94,1940,1414,11.64,1,0.95,0.95,0,,0000009FUJ,USD,,,PP,CGOOP1
20233575,2026-02-22,480,A7,00146716,CGO,SCL,0000009CGO,AWESOME CARGO,90,1940,1576,11.64,1,0.95,0.95,0,,0000009FUJ,USD,,,PP,CGOOP1
20233567,2026-02-22,480,A7,00149844,CGO,SCL,0000009CGO,AWESOME CARGO,45,900,863,5.4,1,0.95,0.95,0,,0000009FUJ,USD,,,PP,CGOOP1
20233559,2026-02-22,480,A7,00149833,CGO,SCL,0000009CGO,AWESOME CARGO,93,1940,1761,11.64,1,0.95,0.95,0,,0000009FUJ,USD,,,,CGOOP1
20233552,2026-02-22,480,A7,00146786,CGO,SCL,0000009CGO,AWESOME CARGO,85,1940,1657,11.64,1,0.95,0.95,0,,0000009FUJ,USD,,,PP,CGOOP1
20233534,2026-02-22,480,A7,00146764,CGO,SCL,0000009CGO,AWESOME CARGO,85,1940,1675,11.64,1,0.95,0.95,0,,0000009FUJ,USD,,,PP,CGOOP1
20233531,2026-02-22,480,A7,00146753,CGO,SCL,0000009CGO,AWESOME CARGO,100,1983,1983,11.64,1,0.95,0.95,0,,0000009FUJ,USD,,,PP,CGOOP1
20233518,2026-02-22,480,A7,00146742,CGO,SCL,0000009CGO,AWESOME CARGO,85,1940,1615,11.64,1,0.95,0.95,0,,0000009FUJ,USD,,,PP,CGOOP1
20233513,2026-02-22,480,A7,00146731,CGO,SCL,0000009CGO,AWESOME CARGO,92,1940,1745,11.64,1,0.95,0.95,0,,0000009FUJ,USD,,,PP,CGOOP1
20233505,2026-02-22,480,A7,00146705,CGO,SCL,0000009CGO,AWESOME CARGO,87,1940,1670,11.64,1,0.95,0.95,0,,0000009FUJ,USD,,,PP,CGOOP1
20233496,2026-02-22,480,A7,00146694,CGO,SCL,0000009CGO,AWESOME CARGO,96,1940,1939,11.64,1,0.95,0.95,0,,0000009FUJ,USD,,,PP,CGOOP1
20233480,2026-02-22,480,A7,00146683,CGO,SCL,0000009CGO,AWESOME CARGO,90,1940,1853,11.64,1,0.95,0.95,0,,0000009FUJ,USD,,,PP,CGOOP1
20232926,2026-02-22,480,A7,00146661,CGO,SCL,0000009CGO,AWESOME CARGO,98,1940,1778,11.64,1,0.95,0.95,0,,0000009FUJ,USD,,,PP,CGOOP1
20232914,2026-02-22,480,A7,00146650,CGO,SCL,0000009CGO,AWESOME CARGO,93,1940,1748,11.64,1,0.95,0.95,0,,0000009FUJ,USD,,,PP,CGOOP1
20232904,2026-02-22,480,A7,00146646,CGO,SCL,0000009CGO,AWESOME CARGO,87,1940,1752,11.64,1,0.95,0.95,0,,0000009FUJ,USD,,,PP,CGOOP1
20232895,2026-02-22,480,A7,00146672,CGO,SCL,0000009CGO,AWESOME CARGO,98,1940,1729,11.64,1,0.95,0.95,0,,0000009FUJ,USD,,,PP,CGOOP1
20232892,2026-02-22,480,A7,00146635,CGO,SCL,0000009CGO,AWESOME CARGO,94,1940,1726,11.64,1,0.95,0.95,0,,0000009FUJ,USD,,,PP,CGOOP1
20232878,2026-02-22,480,A7,00146624,CGO,SCL,0000009CGO,AWESOME CARGO,98,1940,1733,11.64,1,0.95,0.95,0,,0000009FUJ,USD,,,PP,CGOOP1
20232876,2026-02-22,480,A7,00146613,CGO,SCL,0000009CGO,AWESOME CARGO,100,1940,1750,11.64,1,0.95,0.95,0,,0000009FUJ,USD,,,PP,CGOOP1
20232848,2026-02-22,480,A7,00146602,CGO,SCL,0000009CGO,AWESOME CARGO,97,1940,1716,11.64,1,0.95,0.95,0,,0000009FUJ,USD,,,PP,CGOOP1
20224833,2026-02-21,480,A7,00302584,SCL,CGO,75100510015,ANDES INTERGACIÓN LOGÍSTICA,200,4785,4785,16.994,2.25,0,0,0,,~020224833S,CLP,,COL PES,PP,System
20224816,2026-02-21,480,A7,00302562,SCL,CGO,75100510015,ANDES INTERGACIÓN LOGÍSTICA,200,4757,4757,16.994,2.25,0,0,0,,~020224816S,CLP,,COL PES,PP,System
20224807,2026-02-21,480,A7,00302595,SCL,CGO,75100510015,ANDES INTERGACIÓN LOGÍSTICA,200,4078,4078,16.856,2.25,0,0,0,,~020224807S,CLP,,COL PES,PP,System
20224793,2026-02-21,480,A7,00302606,SCL,CGO,75100510015,ANDES INTERGACIÓN LOGÍSTICA,200,4139,4139,16.856,2.25,0,0,0,,~020224793S,CLP,,COL PES,PP,System
20224772,2026-02-21,480,A7,00302573,SCL,CGO,75100510015,ANDES INTERGACIÓN LOGÍSTICA,200,5366,5366,16.856,2.25,0,0,0,,~020224772S,CLP,,COL PES,PP,System
20224735,2026-02-21,480,A7,00302540,SCL,CGO,75100510015,ANDES INTERGACIÓN LOGÍSTICA,200,4303,4303,16.994,2.25,0,0,0,,~020224735S,CLP,,COL PES,PP,System
20224607,2026-02-21,480,A7,00302525,SCL,CGO,75100510015,ANDES INTERGACIÓN LOGÍSTICA,200,4111,4111,16.856,2.25,0,0,0,,~020224607S,CLP,,COL PES,PP,System
20224588,2026-02-21,480,A7,00302536,SCL,CGO,75100510015,ANDES INTERGACIÓN LOGÍSTICA,199,4179,4179,16.772,2.25,0,0,0,,~020224588S,CLP,,COL PES,PP,System
20224533,2026-02-21,480,A7,00302551,SCL,CGO,75100510015,ANDES INTERGACIÓN LOGÍSTICA,200,4456,4456,16.994,2.25,0,0,0,,~020224533S,CLP,,COL PES,PP,System
20224468,2026-02-21,480,A7,00302514,SCL,CGO,75100510015,ANDES INTERGACIÓN LOGÍSTICA,200,4203,4203,16.856,2.25,0,0,0,,~020224468S,CLP,,COL PES,PP,System
20184768,2026-02-19,480,A7,00147416,CGO,SCL,0000009CGO,AWESOME CARGO,91,2016,2016,10.92,1,0.95,0.95,0,,0000009GYF,USD,,,PP,CGOOP1
20184709,2026-02-19,480,A7,00147405,CGO,SCL,0000009CGO,AWESOME CARGO,97,2098,2098,11.454,1,0.95,0.95,0,,0000009GYF,USD,,,PP,CGOOP1
20184680,2026-02-19,480,A7,00147372,CGO,SCL,0000009CGO,AWESOME CARGO,105,2104,2104,11.46,1,0.95,0.95,0,,0000009GYF,USD,,,PP,CGOOP1
20184639,2026-02-19,480,A7,00147350,CGO,SCL,0000009CGO,AWESOME CARGO,29,638,638,3.48,1,0.95,0.95,0,,0000009GYF,USD,,,PP,CGOOP1
20184618,2026-02-19,480,A7,00147383,CGO,SCL,0000009CGO,AWESOME CARGO,96,2208,2208,11.52,1,0.95,0.95,0,,0000009GYF,USD,,,PP,CGOOP1
20184554,2026-02-19,480,A7,00147361,CGO,SCL,0000009CGO,AWESOME CARGO,96,2198,2198,11.52,1,0.95,0.95,0,,0000009GYF,USD,,,PP,CGOOP1
20184435,2026-02-19,480,A7,00146532,CGO,SCL,0000009CGO,AWESOME CARGO,95,2000,1770,12,1,0.95,0.95,0,,0000009FAL,USD,,,PP,CGOOP1
20184408,2026-02-19,480,A7,00146462,CGO,SCL,0000009CGO,AWESOME CARGO,97,2000,1688,12,1,0.95,0.95,0,,0000009FAL,USD,,,PP,CGOOP1
20184367,2026-02-19,480,A7,00147394,CGO,SCL,0000009CGO,AWESOME CARGO,96,2230,2230,11.405,1,0.95,0.95,0,,0000009GYF,USD,,,PP,CGOOP1
20184342,2026-02-19,480,A7,00146591,CGO,SCL,0000009CGO,AWESOME CARGO,92,2000,1769,12,1,0.95,0.95,0,,0000009FAL,USD,,,PP,CGOOP1
20184329,2026-02-19,480,A7,00146580,CGO,SCL,0000009CGO,AWESOME CARGO,97,2000,1786,12,1,0.95,0.95,0,,0000009FAL,USD,,,PP,CGOOP1
20184317,2026-02-19,480,A7,00146576,CGO,SCL,0000009CGO,AWESOME CARGO,93,2000,1800,12,1,0.95,0.95,0,,0000009FAL,USD,,,PP,CGOOP1
20184287,2026-02-19,480,A7,00146565,CGO,SCL,0000009CGO,AWESOME CARGO,85,2000,1712,12,1,0.95,0.95,0,,0000009FAL,USD,,,PP,CGOOP1
20184274,2026-02-19,480,A7,00146554,CGO,SCL,0000009CGO,AWESOME CARGO,86,2000,1686,12,1,0.95,0.95,0,,0000009FAL,USD,,,PP,CGOOP1
20184253,2026-02-19,480,A7,00146521,CGO,SCL,0000009CGO,AWESOME CARGO,91,2000,1964,12,1,0.95,0.95,0,,0000009FAL,USD,,,PP,CGOOP1
20184233,2026-02-19,480,A7,00146510,CGO,SCL,0000009CGO,AWESOME CARGO,92,2000,1768,12,1,0.95,0.95,0,,0000009FAL,USD,,,PP,CGOOP1
20184217,2026-02-19,480,A7,00146506,CGO,SCL,0000009CGO,AWESOME CARGO,94,2000,1762,12,1,0.95,0.95,0,,0000009FAL,USD,,,PP,CGOOP1
20184195,2026-02-19,480,A7,00146495,CGO,SCL,0000009CGO,AWESOME CARGO,85,2000,1706,12,1,0.95,0.95,0,,0000009FAL,USD,,,PP,CGOOP1
20184190,2026-02-19,480,A7,00146484,CGO,SCL,0000009CGO,AWESOME CARGO,92,2000,1777,12,1,0.95,0.95,0,,0000009FAL,USD,,,PP,CGOOP1
20184182,2026-02-19,480,A7,00146473,CGO,SCL,0000009CGO,AWESOME CARGO,91,2000,1793,12,1,0.95,0.95,0,,0000009FAL,USD,,,PP,CGOOP1
20184156,2026-02-19,480,A7,00146451,CGO,SCL,0000009CGO,AWESOME CARGO,97,2043,2043,12,1,0.95,0.95,0,,0000009FAL,USD,,,PP,CGOOP1
20184120,2026-02-19,480,A7,00146440,CGO,SCL,0000009CGO,AWESOME CARGO,96,2003,2003,12,1,0.95,0.95,0,,0000009FAL,USD,,,PP,CGOOP1
20184031,2026-02-19,480,A7,00149752,CGO,SCL,0000009CGO,AWESOME CARGO,93,1900,1708,11.4,1,0.95,0.95,0,,0000009FAL,USD,,,PP,CGOOP1
20183927,2026-02-19,480,A7,00149741,CGO,SCL,0000009CGO,AWESOME CARGO,90,1900,1623,11.4,1,0.95,0.95,0,,0000009FAL,USD,,,PP,CGOOP1
20183873,2026-02-19,480,A7,00146543,CGO,SCL,0000009CGO,AWESOME CARGO,95,2100,1598,12.6,1,0.95,0.95,0,,0000009FAL,USD,,,,CGOOP1
20183519,2026-02-19,480,A7,00146436,CGO,SCL,0000009CGO,AWESOME CARGO,94,2080,1628,12.48,1,0.95,0.95,0,,0000009FAL,USD,,,PP,CGOOP1
20183455,2026-02-19,480,A7,00146425,CGO,SCL,0000009CGO,AWESOME CARGO,99,2035,2035,12,1,0.95,0.95,0,,0000009FAL,USD,,,PP,CGOOP1
20183392,2026-02-19,480,A7,00146414,CGO,SCL,0000009CGO,AWESOME CARGO,86,2000,1716,12,1,0.95,0.95,0,,0000009FAL,USD,,,PP,CGOOP1
20182812,2026-02-19,480,A7,00146403,CGO,SCL,0000009CGO,AWESOME CARGO,100,2000,1832,12,1,0.95,0.95,0,,0000009FAL,USD,,,PP,CGOOP1
20154994,2026-02-18,480,A7,00302466,SCL,CGO,75100510015,ANDES INTERGACIÓN LOGÍSTICA,140,3086,3086,11.799,2.25,0,0,0,,~020154994S,CLP,,COL PES,PP,System
20154988,2026-02-18,480,A7,00302455,SCL,CGO,75100510015,ANDES INTERGACIÓN LOGÍSTICA,200,4167,4167,16.856,2.25,0,0,0,,~020154988S,CLP,,COL PES,PP,System
20154977,2026-02-18,480,A7,00302444,SCL,CGO,75100510015,ANDES INTERGACIÓN LOGÍSTICA,200,5352,5352,16.856,2.25,0,0,0,,~020154977S,CLP,,COL PES,PP,System
20154940,2026-02-18,480,A7,00302433,SCL,CGO,75100510015,ANDES INTERGACIÓN LOGÍSTICA,200,5320,5320,16.856,2.25,0,0,0,,~020154940S,CLP,,COL PES,PP,System
20154932,2026-02-18,480,A7,00302422,SCL,CGO,75100510015,ANDES INTERGACIÓN LOGÍSTICA,200,5368,5368,16.856,2.25,0,0,0,,~020154932S,CLP,,COL PES,PP,System
20154906,2026-02-18,480,A7,00302470,SCL,CGO,75100510015,ANDES INTERGACIÓN LOGÍSTICA,200,5159,5159,16.856,2.25,0,0,0,,~020154906S,CLP,,COL PES,PP,System
20154819,2026-02-18,480,A7,00302481,SCL,CGO,75100510015,ANDES INTERGACIÓN LOGÍSTICA,100,2490,2490,8.428,2.25,0,0,0,,~020154819S,CLP,,COL PES,PP,System
20154689,2026-02-18,480,A7,00302503,SCL,CGO,75100510015,ANDES INTERGACIÓN LOGÍSTICA,100,2037,2037,8.428,2.25,0,0,0,,~020154689S,CLP,,COL PES,PP,System
20154580,2026-02-18,480,A7,00302492,SCL,CGO,75100510015,ANDES INTERGACIÓN LOGÍSTICA,100,2015,2015,8.428,2.25,0,0,0,,~020154580S,CLP,,COL PES,PP,System
20154282,2026-02-18,480,A7,01012384,NLU,HAV,0000009TMA,AWESOME CARGO,76,45877,45877,147.136,1,0,1,0,,~020154282S,USD,,HEA,PP,DVARGAS
20153494,2026-02-17,HWB,A7,I338139,NLU,PEK,86114130001,DHL GLOBAL FORWARDING MEXICO SA DE,1,1096,1096,0,0,0,0,0,,~020153494S,USD,,HEA,PP,SGUTIERREZ
20148645,2026-02-17,480,A7,00207642,NLU,PEK,86114130001,DHL GLOBAL FORWARDING MEXICO SA DE,1,1096,1096,1.38,0.8,832.96,832.96,37.09,,86114130001,USD,,HEA,PP,YMEDINA
20132239,2026-02-16,480,ET,00141492,NLU,LIM,0000009TMA,AWESOME CARGO,5,4256,4256,6.9,,0,0,0,,86199080015,USD,,HEA,,PTOLEDO
20125707,2026-02-16,480,A7,00101931,HGH,NLU,0000009CGO,AWESOME CARGO,4,891,202,5.344,1,0.95,0.95,0,,~020125707S,USD,,HEA,PP,HGHOP
20125685,2026-02-16,480,A7,00121844,HGH,NLU,0000009CGO,AWESOME CARGO,32,1000,699,5.998,1,0.95,0.95,0,,0000009HAS,USD,,HEA,PP,HGHOP
20125627,2026-02-16,480,A7,00101916,HGH,NLU,0000009CGO,AWESOME CARGO,7,1644,1625,9.863,1,0.95,0.95,0,,~020125627S,USD,,HEA,PP,HGHOP
20125588,2026-02-16,480,A7,00073150,HGH,NLU,0000009CGO,AWESOME CARGO,4,4737,4737,21.999,1,0.95,0.95,0,,~020125588S,USD,,HEA,PP,HGHOP
20125508,2026-02-16,480,A7,00073124,HGH,NLU,0000009CGO,AWESOME CARGO,53,1097,1097,6.509,1,0.95,0.95,0,,~020125508S,USD,,,PP,HGHOP
20125477,2026-02-16,480,A7,00149306,HGH,NLU,0000009CGO,AWESOME CARGO,25,559,559,2.25,1,0.95,0.95,0,,0000009SZT,USD,,,PP,HGHOP
20125466,2026-02-16,480,A7,00149284,HGH,NLU,0000009CGO,AWESOME CARGO,100,2120,2120,9,1,0.95,0.95,0,,0000009SZT,USD,,,PP,HGHOP
20125443,2026-02-16,480,A7,00149273,HGH,NLU,0000009CGO,AWESOME CARGO,100,2196,2196,9,1,0.95,0.95,0,,0000009SZT,USD,,,PP,HGHOP
20125400,2026-02-16,480,A7,00149730,HGH,NLU,0000009CGO,AWESOME CARGO,100,1653,1653,9,1,0.95,0.95,0,,0000009FAL,USD,,,PP,HGHOP
20124836,2026-02-16,480,A7,00073135,HGH,VCP,0000009CGO,AWESOME CARGO,4,2270,2270,3.115,1,0.95,0.95,0,,0000009CWL,USD,,HEA,PP,HGHOP
20124625,2026-02-16,480,A7,00073146,HGH,VCP,0000009CGO,AWESOME CARGO,4,3746,3746,1.909,1,0.95,0.95,0,,0000009CWL,USD,,,PP,HGHOP
20124583,2026-02-16,480,A7,00149586,HGH,VCP,0000009CGO,AWESOME CARGO,83,1987,1587,11.92,1,0.95,0.95,0,,0000009HRI,USD,,,PP,HGHOP
20124549,2026-02-16,480,A7,00121951,HGH,VCP,0000009CGO,AWESOME CARGO,76,1096,1096,5.934,1,0.95,0.95,0,,0000009HRI,USD,,,PP,HGHOP
20124539,2026-02-16,480,A7,00121940,HGH,VCP,0000009CGO,AWESOME CARGO,23,542,542,2.76,1,0.95,0.95,0,,0000009HRI,USD,,,PP,HGHOP
20124526,2026-02-16,480,A7,00121936,HGH,VCP,0000009CGO,AWESOME CARGO,68,1360,1098,8.16,1,0.95,0.95,0,,0000009HBI,USD,,,PP,HGHOP
20124507,2026-02-16,480,A7,00121925,HGH,VCP,0000009CGO,AWESOME CARGO,50,1000,115,6,1,0.95,0.95,0,,0000009ZUB,USD,,,PP,HGHOP
20123921,2026-02-16,480,A7,00149726,HGH,NLU,0000009CGO,AWESOME CARGO,100,1646,1646,9,1,1563.7,1563.7,0,,0000009FAL,USD,,,PP,HGHOP
20115109,2026-02-15,480,A7,00147346,CGO,SCL,0000009CGO,AWESOME CARGO,91,2057,2057,10.92,1,0.95,0.95,0,,0000009YUT,USD,,HEA,PP,CGOOP1
20115089,2026-02-15,480,A7,00147335,CGO,SCL,0000009CGO,AWESOME CARGO,104,2145,2145,11.477,1,0.95,0.95,0,,0000009YUT,USD,,HEA,PP,CGOOP1
20115043,2026-02-15,480,A7,00147324,CGO,SCL,0000009CGO,AWESOME CARGO,97,2160,2160,11.463,1,0.95,0.95,0,,0000009YUT,USD,,HEA,PP,CGOOP1
20115035,2026-02-15,480,A7,00147313,CGO,SCL,0000009CGO,AWESOME CARGO,95,2151,2151,11.4,1,0.95,0.95,0,,0000009YUT,USD,,HEA,PP,CGOOP1
20115024,2026-02-15,480,A7,00147302,CGO,SCL,0000009CGO,AWESOME CARGO,96,2223,2223,11.414,1,0.95,0.95,0,,0000009YUT,USD,,HEA,PP,CGOOP1
20114971,2026-02-15,480,A7,00147291,CGO,SCL,0000009CGO,AWESOME CARGO,35,542,542,2.83,1,0.95,0.95,0,,0000009YUT,USD,,HEA,PP,CGOOP1
20114939,2026-02-15,480,A7,00147280,CGO,SCL,0000009CGO,AWESOME CARGO,96,2225,2225,11.432,1,0.95,0.95,0,,0000009YUT,USD,,HEA,PP,CGOOP1
20114935,2026-02-15,480,A7,00073102,CGO,SCL,0000009CGO,AWESOME CARGO,88,1985,1985,10.56,1,0.95,0.95,0,,0000009YUT,USD,,HEA,PP,CGOOP1
20114917,2026-02-15,480,A7,00149822,CGO,SCL,0000009CGO,AWESOME CARGO,100,2000,1810,12,1,0.95,0.95,0,,0000009FUJ,USD,,HEA,PP,CGOOP1
20114912,2026-02-15,480,A7,00146392,CGO,SCL,0000009CGO,AWESOME CARGO,92,2000,1854,12,1,0.95,0.95,0,,0000009FUJ,USD,,HEA,PP,CGOOP1
20114907,2026-02-15,480,A7,00146381,CGO,SCL,0000009CGO,AWESOME CARGO,84,2000,1694,12,1,0.95,0.95,0,,0000009FUJ,USD,,HEA,PP,CGOOP1
20114775,2026-02-15,480,A7,00146370,CGO,SCL,0000009CGO,AWESOME CARGO,100,2003.5,1518,12.019,1,0.95,0.95,0,,0000009FUJ,USD,,HEA,PP,CGOOP1
20114700,2026-02-15,480,A7,00146366,CGO,SCL,0000009CGO,AWESOME CARGO,84,2000,1661,12,1,0.95,0.95,0,,0000009FUJ,USD,,HEA,PP,CGOOP1
20114648,2026-02-15,480,A7,00146355,CGO,SCL,0000009CGO,AWESOME CARGO,90,2000,1757,12,1,0.95,0.95,0,,0000009FUJ,USD,,HEA,PP,CGOOP1
20114633,2026-02-15,480,A7,00146344,CGO,SCL,0000009CGO,AWESOME CARGO,100,2000,1817,12,1,0.95,0.95,0,,0000009FUJ,USD,,HEA,PP,CGOOP1
20114629,2026-02-15,480,A7,00146333,CGO,SCL,0000009CGO,AWESOME CARGO,85,2000,1686,12,1,0.95,0.95,0,,0000009FUJ,USD,,HEA,PP,CGOOP1
20114624,2026-02-15,480,A7,00146322,CGO,SCL,0000009CGO,AWESOME CARGO,84,2000,1676,12,1,0.95,0.95,0,,0000009FUJ,USD,,HEA,PP,CGOOP1
20114621,2026-02-15,480,A7,00146311,CGO,SCL,0000009CGO,AWESOME CARGO,85,2000,1648,12,1,0.95,0.95,0,,0000009FUJ,USD,,HEA,PP,CGOOP1
20114576,2026-02-15,480,A7,00146300,CGO,SCL,0000009CGO,AWESOME CARGO,95,2005,2005,12,1,0.95,0.95,0,,0000009FUJ,USD,,HEA,PP,CGOOP1
20114569,2026-02-15,480,A7,00146296,CGO,SCL,0000009CGO,AWESOME CARGO,92,2000,1728,12,1,0.95,0.95,0,,0000009FUJ,USD,,HEA,PP,CGOOP1
20114556,2026-02-15,480,A7,00146285,CGO,SCL,0000009CGO,AWESOME CARGO,98,2000,1874,12,1,0.95,0.95,0,,0000009FUJ,USD,,HEA,PP,CGOOP1
20114538,2026-02-15,480,A7,00146274,CGO,SCL,0000009CGO,AWESOME CARGO,98,2022,2022,12,1,0.95,0.95,0,,0000009FUJ,USD,,HEA,PP,CGOOP1
20114505,2026-02-15,480,A7,00146263,CGO,SCL,0000009CGO,AWESOME CARGO,84,2000,1713,12,1,0.95,0.95,0,,0000009FUJ,USD,,HEA,PP,CGOOP1
20114493,2026-02-15,480,A7,00146252,CGO,SCL,0000009CGO,AWESOME CARGO,100,2000,1800,12,1,1900,1900,0,,0000009FUJ,USD,,HEA,PP,CGOOP1
20114484,2026-02-15,480,A7,00146241,CGO,SCL,0000009CGO,AWESOME CARGO,100,2000,1748,12,1,0.95,0.95,0,,0000009FUJ,USD,,HEA,PP,CGOOP1
20114480,2026-02-15,480,A7,00146230,CGO,SCL,0000009CGO,AWESOME CARGO,97,2000,1960,12,1,0.95,0.95,0,,0000009FUJ,USD,,HEA,PP,CGOOP1
20114473,2026-02-15,480,A7,00146226,CGO,SCL,0000009CGO,AWESOME CARGO,87,2000,1923,12,1,0.95,0.95,0,,0000009FUJ,USD,,HEA,PP,CGOOP1
20114467,2026-02-15,480,A7,00146215,CGO,SCL,0000009CGO,AWESOME CARGO,94,2000,1733,12,1,0.95,0.95,0,,0000009FUJ,USD,,HEA,PP,CGOOP1
20114358,2026-02-15,480,A7,00146204,CGO,SCL,0000009CGO,AWESOME CARGO,98,2000,1714,12,1,0.95,0.95,0,,0000009FUJ,USD,,HEA,PP,CGOOP1
20109212,2026-02-15,HWB,A7,MEX69613689,NLU,PVG,86102340015,JAS FORWARDING DE MEXICO SA DE CV,8,5193,5193,0,0,0,0,0,,~020109212S,USD,,HEA,PP,ABARCENAS
20107640,2026-02-14,HWB,A7,1072476348,NLU,PEK,86102310092,KUEHNE + NAGEL FORWARDING,2,206,206,0,0,0,0,0,,~020107640S,USD,,,PP,ABARCENAS
20107610,2026-02-14,HWB,A7,CUU0029615,NLU,PEK,86199080015,DSV AIR SEA SA DE CV,2,188,188,0,0,0,0,0,,~020107522S,USD,,,PP,ABARCENAS
20107522,2026-02-14,HWB,A7,CUU0029617,NLU,PEK,86199080015,DSV AIR SEA SA DE CV,1,94.5,94.5,0,0,0,0,0,,~020107522S,USD,,,PP,ABARCENAS
20107476,2026-02-14,HWB,A7,I327269,VCP,NLU,0000002ATC,ATC AVIATION SERVICES,5,2048.5,2048.4,0,0,0,0,0,,~020107476S,BRL,,HEA,PP,VMAXIMO
20107471,2026-02-14,HWB,A7,I362613,NLU,PVG,86114130001,DHL GLOBAL FORWARDING MEXICO SA DE,1,127,127,0,0,0,0,0,,~020107471S,USD,,,PP,ABARCENAS
20107464,2026-02-14,HWB,A7,I327979,VCP,NLU,0000002ATC,ATC AVIATION SERVICES,10,4213.5,4213.1,0,0,0,0,0,,~020107464S,BRL,,HEA,PP,VMAXIMO
20107442,2026-02-14,HWB,A7,I327391,VCP,NLU,0000002ATC,ATC AVIATION SERVICES,10,4213.5,4213.1,0,0,0,0,0,,~020107442S,BRL,,HEA,PP,VMAXIMO
20107414,2026-02-14,HWB,A7,I328002,VCP,NLU,0000002ATC,ATC AVIATION SERVICES,10,4213.5,4213.1,0,0,0,0,0,,~020107414S,BRL,,HEA,PP,VMAXIMO
20107428,2026-02-14,HWB,A7,QRO0053308,NLU,PVG,86199080015,DSV AIR SEA SA DE CV,1,773.5,773.5,0,0,0,0,0,,~020107342S,USD,,HEA,PP,ABARCENAS
20107342,2026-02-14,HWB,A7,QRO0053307,NLU,PVG,86199080015,DSV AIR SEA SA DE CV,1,219.5,219.5,0,0,0,0,0,,~020107342S,USD,,HEA,PP,ABARCENAS
20107303,2026-02-14,HWB,A7,EDC1628644,VCP,NLU,0000002ATC,ATC AVIATION SERVICES,15,11468,11468,0,0,0,0,0,,~020107303S,USD,,HEA,PP,VMAXIMO
20107223,2026-02-14,HWB,A7,31144945912,VCP,NLU,0000002ATC,ATC AVIATION SERVICES,2,154.5,154.1,0,0,0,0,0,,~020107223S,BRL,,,PP,VMAXIMO
20106962,2026-02-14,HWB,A7,31144945913,VCP,NLU,0000002ATC,ATC AVIATION SERVICES,15,2683,2683,0,0,0,0,0,,~020106962S,BRL,,HEA,PP,VMAXIMO
20106943,2026-02-14,HWB,A7,MX106231974,NLU,PVG,86100280000,CEVA A&O MEXICO SA DE CV,10,6920,6920,0,0,0,0,0,,~020106943S,USD,,HEA,PP,ABARCENAS
20106899,2026-02-14,HWB,A7,RIO0014456,VCP,NLU,0000002ATC,ATC AVIATION SERVICES,3,202.5,98.7,0,0,0,0,0,,~020106899S,BRL,,,PP,VMAXIMO
20106868,2026-02-14,HWB,A7,RIO0014457,VCP,NLU,0000002ATC,ATC AVIATION SERVICES,9,891.5,634.7,0,0,0,0,0,,~020106868S,BRL,,,PP,VMAXIMO
20106720,2026-02-14,480,A7,00212516,NLU,PVG,86100280000,CEVA A&O MEXICO SA DE CV,10,6920,6920,27.225,0.7,4601.8,4601.8,203.71,,86100280000,USD,,HEA,PP,YMEDINA
20106653,2026-02-14,480,A7,00202602,NLU,PVG,86199080015,DSV AIR SEA SA DE CV,2,993,993,2.82,0.65,613.18,613.18,27.47,,86199080015,USD,,HEA,PP,YMEDINA
20106598,2026-02-14,480,A7,00301420,NLU,PVG,86101180001,VENTANA SERRA SA DE CV,1,330,128.9,1.98,3.5,1097.25,1097.25,48.67,,86101180001,USD,,,PP,YMEDINA
20106203,2026-02-14,480,ET,00300720,NLU,CCS,86101470011,ECM EXPRESS CARGO MEXICO SA DE CV,1,322.5,256,1.935,5.5,1685.06,1685.06,74.5,,86101470011,USD,,HEA,PP,PTOLEDO
20106189,2026-02-14,480,ET,00202322,NLU,BOG,0000009ETH,ETHIOPIAN CARGO,13,948.5,248,984.5,0.55,495.6,495.6,21.91,,86100040003,USD,,,PP,PTOLEDO
20106167,2026-02-14,480,ET,00202495,NLU,BOG,0000009ETH,ETHIOPIAN CARGO,5,480,480,0.878,1,456,456,20.16,,86100370005,USD,,,PP,PTOLEDO
20106156,2026-02-14,480,ET,00211562,NLU,BOG,86114130001,DHL GLOBAL FORWARDING MEXICO SA DE,5,952,575.8,5.712,0.7,633.08,633.08,27.99,,,USD,,,PP,PTOLEDO
20106092,2026-02-14,HWB,A7,14231040852,VCP,NLU,0000002ATC,ATC AVIATION SERVICES,9,3500,2596.1,0,0,0,0,0,,~020106092S,BRL,,HEA,PP,VMAXIMO
20106069,2026-02-14,480,ET,00202366,NLU,BOG,0000009ETH,ETHIOPIAN CARGO,5,691.5,558,4.149,0.55,361.31,361.31,15.97,,86100040003,USD,,,PP,PTOLEDO
20106036,2026-02-14,480,ET,00276496,NLU,BOG,86199300014,SAVINO DEL BENE MEXICO SA DE CV,1,300,300,0.864,,0,0,0,,,USD,,HEA,,PTOLEDO
20105983,2026-02-14,HWB,A7,411000007332,VCP,NLU,0000002ATC,ATC AVIATION SERVICES,10,5044,5043.8,0,0,0,0,0,,~020105983S,BRL,,HEA,PP,VMAXIMO
20105980,2026-02-14,480,ET,00148212,NLU,BOG,0000009CGO,AWESOME CARGO,88,1960,1869,11.76,0.7,1303.4,1303.4,57.62,,,USD,,,PP,PTOLEDO
20105965,2026-02-14,480,ET,00148201,NLU,BOG,0000009CGO,AWESOME CARGO,130,3020,2891,18.12,0.7,2008.3,2008.3,88.79,,,USD,,,PP,PTOLEDO
20105910,2026-02-14,HWB,A7,411000007332,VCP,NLU,0000002ATC,ATC AVIATION SERVICES,10,5044,5043.8,0,0,0,0,0,,~020105910S,BRL,,HEA,PP,VMAXIMO
20105953,2026-02-14,480,ET,00148190,NLU,BOG,0000009CGO,AWESOME CARGO,86,1960,1814,11.76,0.7,1303.4,1303.4,57.62,,,USD,,,PP,PTOLEDO
20105944,2026-02-14,480,ET,00148186,NLU,BOG,0000009CGO,AWESOME CARGO,120,2640,2527,15.84,0.7,1755.6,1755.6,77.62,,,USD,,,PP,PTOLEDO
20105912,2026-02-14,480,ET,00148175,NLU,BOG,0000009CGO,AWESOME CARGO,126,2689,2689,0,0.7,1788.18,1788.18,79.06,,,USD,,,PP,PTOLEDO
20105894,2026-02-14,480,ET,00148164,NLU,BOG,0000009CGO,AWESOME CARGO,136,3020,2817,18.12,0.7,2008.3,2008.3,88.79,,,USD,,,PP,PTOLEDO
20105877,2026-02-14,480,ET,00148153,NLU,BOG,0000009CGO,AWESOME CARGO,132,3020,2811,18.12,0.7,2008.3,2008.3,88.79,,,USD,,,PP,PTOLEDO
20105871,2026-02-14,480,ET,00148142,NLU,BOG,0000009CGO,AWESOME CARGO,134,3020,2763,18.12,0.7,2008.3,2008.3,88.79,,,USD,,,PP,PTOLEDO
20105857,2026-02-14,480,ET,00148131,NLU,BOG,0000009CGO,AWESOME CARGO,84,1960,1867,11.76,0.7,1303.4,1303.4,57.62,,,USD,,,PP,PTOLEDO
20105828,2026-02-14,480,ET,00148120,NLU,BOG,0000009CGO,AWESOME CARGO,116,2640,2487,15.84,0.7,1755.6,1755.6,77.62,,,USD,,,PP,PTOLEDO
20105782,2026-02-14,HWB,A7,2601681,VCP,NLU,0000002ATC,ATC AVIATION SERVICES,8,2582.5,1341.4,0,0,0,0,0,,~020105782S,BRL,,HEA,PP,VMAXIMO
20105804,2026-02-14,480,ET,00148116,NLU,BOG,0000009CGO,AWESOME CARGO,127,3020,2709,18.12,0.7,2008.3,2008.3,88.79,,,USD,,,PP,PTOLEDO
20105784,2026-02-14,480,ET,00148105,NLU,BOG,0000009CGO,AWESOME CARGO,136,3020,2948,18.12,0.7,2008.3,2008.3,88.79,,,USD,,,PP,PTOLEDO
20105752,2026-02-14,480,ET,00148094,NLU,BOG,0000009CGO,AWESOME CARGO,125,3020,2727,18.12,0.7,2008.3,2008.3,88.79,,,USD,,,PP,PTOLEDO
20105732,2026-02-14,480,ET,00148083,NLU,BOG,0000009CGO,AWESOME CARGO,130,3020,2742,3020,0.7,2008.3,2008.3,88.79,,0000009CGO,USD,,,PP,PTOLEDO
20105659,2026-02-14,HWB,A7,1072660356,VCP,NLU,0000002ATC,ATC AVIATION SERVICES,2,432,423,0,0,0,0,0,,~020105659S,BRL,,HEA,PP,VMAXIMO
20105627,2026-02-14,HWB,A7,1072581086,VCP,NLU,0000002ATC,ATC AVIATION SERVICES,4,601,601,0,0,0,0,0,,~020105627S,BRL,,HEA,PP,VMAXIMO
20096965,2026-02-14,480,A7,00302396,SCL,CGO,75100510015,ANDES INTERGACIÓN LOGÍSTICA,24,16426,16426,46.08,2.75,0,45171.5,0,,~020096965S,CLP,,COL PEP,PP,System
20096942,2026-02-14,480,A7,00302411,SCL,CGO,75100510015,ANDES INTERGACIÓN LOGÍSTICA,19,13021,13021,35.76,2.75,0,35807.75,0,,~020096942S,CLP,,COL PEP,PP,System
20096904,2026-02-14,480,A7,00302400,SCL,CGO,75100510015,ANDES INTERGACIÓN LOGÍSTICA,24,16436,16436,46.08,2.75,0,45199,0,,~020096904S,CLP,,COL PEP,PP,System
20095751,2026-02-13,HWB,A7,1072636186,VCP,NLU,0000002ATC,ATC AVIATION SERVICES,6,1257,1257,0,0,0,0,0,,~020095751S,BRL,,HEA,PP,VMONTEIRO
20094673,2026-02-13,480,A7,00207605,NLU,PVG,86114130001,DHL GLOBAL FORWARDING MEXICO SA DE,1,254,127,1.522,2.5,603.25,603.25,26.83,,86114130001,USD,,,PP,YMEDINA
20094611,2026-02-13,480,A7,00217523,NLU,PVG,86102340015,JAS FORWARDING DE MEXICO SA DE CV,8,5193,5193,6.636,0.65,3206.68,3206.68,142.03,,~020094611S,USD,,HEA,PP,YMEDINA
20094481,2026-02-13,480,A7,00202591,NLU,PEK,86199080015,DSV AIR SEA SA DE CV,3,720.5,282.5,4.322,0.7,479.13,479.13,21.54,,86199080015,USD,,,PP,YMEDINA
20094196,2026-02-13,480,A7,00237521,NLU,PEK,86102310092,KUEHNE + NAGEL FORWARDING,2,651,206,3.906,1.2,742.71,742.71,33.1,,86102310092,USD,,,PP,YMEDINA
20088705,2026-02-13,480,A7,00149435,HGH,NLU,0000009CGO,AWESOME CARGO,44,5260,5260,12,1,0.95,0.95,0,,0000009MAT,USD,,,PP,HGHOP
20088411,2026-02-13,480,A7,00121962,HGH,NLU,0000009CGO,AWESOME CARGO,50,2000,915,12,1,0.95,0.95,0,,0000009HAS,USD,,,PP,HGHOP
20088358,2026-02-13,480,A7,00121903,HGH,VCP,0000009CGO,AWESOME CARGO,60,2000,1117,12,1,0.95,0.95,0,,0000009HBI,USD,,,PP,HGHOP
20088342,2026-02-13,480,A7,00121892,HGH,VCP,0000009CGO,AWESOME CARGO,32,2000,532,12,1,0.95,0.95,0,,0000009HBI,USD,,,PP,HGHOP
20088308,2026-02-13,480,A7,00121822,HGH,VCP,0000009CGO,AWESOME CARGO,58,2000,1109,12,1,0.95,0.95,0,,0000009HBI,USD,,,PP,HGHOP
20088243,2026-02-13,480,A7,00121811,HGH,VCP,0000009CGO,AWESOME CARGO,60,2000,1093,12,1,0.95,0.95,0,,0000009HBI,USD,,,PP,HGHOP
20088219,2026-02-13,480,A7,00149575,HGH,VCP,0000009CGO,AWESOME CARGO,94,2000,1806,12,1,0.95,0.95,0,,0000009HRI,USD,,,PP,HGHOP
20088151,2026-02-13,480,A7,00149693,HGH,VCP,0000009CGO,AWESOME CARGO,100,2000,1700,12,1,0.95,0.95,0,,0000009FUJ,USD,,,PP,HGHOP
20088123,2026-02-13,480,A7,00149601,HGH,VCP,0000009CGO,AWESOME CARGO,100,2000,1729,12,1,0,0,0,,0000009FUJ,USD,,,PP,HGHOP
20088108,2026-02-13,480,A7,00149531,HGH,VCP,0000009CGO,AWESOME CARGO,100,2000,1708,12,1,0.95,0.95,0,,0000009FUJ,USD,,,PP,HGHOP
20088082,2026-02-13,480,A7,00149520,HGH,VCP,0000009CGO,AWESOME CARGO,100,2000,1638,12,1,0.95,0.95,0,,0000009FUJ,USD,,,PP,HGHOP
20088049,2026-02-13,480,A7,00149516,HGH,VCP,0000009CGO,AWESOME CARGO,100,2000,1748,12,1,0.95,0.95,0,,0000009FUJ,USD,,,PP,HGHOP
20088003,2026-02-13,480,A7,00149505,HGH,VCP,0000009CGO,AWESOME CARGO,100,2000,1651,12,1,0.95,0.95,0,,0000009FUJ,USD,,,PP,HGHOP
20087976,2026-02-13,480,A7,00149494,HGH,VCP,0000009CGO,AWESOME CARGO,100,2000,1707,12,1,0.95,0.95,0,,0000009FUJ,USD,,,PP,HGHOP
20087948,2026-02-13,480,A7,00149483,HGH,VCP,0000009CGO,AWESOME CARGO,100,2000,1700,12,1,0.95,0.95,0,,0000009FUJ,USD,,,PP,HGHOP
20087820,2026-02-13,480,A7,00149472,HGH,VCP,0000009CGO,AWESOME CARGO,100,2000,1625,12,1,0.95,0.95,0,,0000009FUJ,USD,,,PP,HGHOP
20085329,2026-02-13,480,A7,00149704,HGH,NLU,0000009CGO,AWESOME CARGO,2,2000,228,12,1,0.95,0.95,0,,0000009ALL,USD,,HEA,PP,HGHOP
20085191,2026-02-13,480,A7,00073113,HGH,NLU,0000009CGO,AWESOME CARGO,1,2000,96,12,1,0.95,0.95,0,,0000009ALL,USD,,HEA,PP,HGHOP
20085155,2026-02-13,480,A7,00101920,HGH,NLU,0000009CGO,AWESOME CARGO,12,2000,1691,12,1,0.95,0.95,0,,0000009ZCP,USD,,HEA,PP,HGHOP
20085119,2026-02-13,480,A7,00102012,HGH,NLU,0000009CGO,AWESOME CARGO,21,2774,2774,12,1,0.95,0.95,0,,0000009ZCP,USD,,,PP,HGHOP
20085095,2026-02-13,480,A7,00149262,HGH,NLU,0000009CGO,AWESOME CARGO,100,2225,2225,12,1,0.95,0.95,0,,0000009SZI,USD,,,PP,HGHOP
20085074,2026-02-13,480,A7,00149240,HGH,NLU,0000009CGO,AWESOME CARGO,100,2109,2109,12,1,0.95,0.95,0,,0000009SZI,USD,,,PP,HGHOP
20085054,2026-02-13,480,A7,00149236,HGH,NLU,0000009CGO,AWESOME CARGO,100,2120,2120,12,1,0.95,0.95,0,,0000009SZI,USD,,,PP,HGHOP
20085036,2026-02-13,480,A7,00149225,HGH,NLU,0000009CGO,AWESOME CARGO,100,2083,2083,12,1,0.95,0.95,0,,0000009SZI,USD,,,PP,HGHOP
20085001,2026-02-13,480,A7,00149214,HGH,NLU,0000009CGO,AWESOME CARGO,100,2144,2144,12,1,0.95,0.95,0,,0000009SZI,USD,,,PP,HGHOP
20082747,2026-02-13,480,A7,00121726,HGH,NLU,0000009CGO,AWESOME CARGO,26,2000,542,12,1,0.95,0.95,0,,0000009SZP,USD,,,PP,HGHOP
20082726,2026-02-13,480,A7,00121715,HGH,NLU,0000009CGO,AWESOME CARGO,62,2000,1323,12,1,0.95,0.95,0,,0000009SZP,USD,,,PP,HGHOP
20082696,2026-02-13,480,A7,00149365,HGH,NLU,0000009CGO,AWESOME CARGO,100,2000,1778,12,1,0.95,0.95,0,,0000009FUJ,USD,,,PP,HGHOP
20082652,2026-02-13,480,A7,00149380,HGH,NLU,0000009CGO,AWESOME CARGO,100,2000,1575,12,1,0.95,0.95,0,,0000009FUJ,USD,,,PP,HGHOP
20082554,2026-02-13,480,A7,00149376,HGH,NLU,0000009CGO,AWESOME CARGO,100,2000,1569,12,1,0.95,0.95,0,,0000009FUJ,USD,,,PP,HGHOP
20067557,2026-02-12,480,A7,00283290,VCP,NLU,0000002ATC,ATC AVIATION SERVICES,30,555,255.3,3.316,0,0,0,0,,~020067557S,USD,,,PP,System
20067467,2026-02-12,480,A7,00282730,VCP,NLU,0000002ATC,ATC AVIATION SERVICES,12,2282,2281,13.69,0,0,0,0,,~020067467S,BRL,,,PP,System
20064778,2026-02-12,480,A7,00147265,CGO,SCL,0000009CGO,AWESOME CARGO,90,1991,1991,10.238,1,0.95,0.95,0,,0000009YUT,USD,,HEA,PP,CGOOP1
20064751,2026-02-12,480,A7,00147276,CGO,SCL,0000009CGO,AWESOME CARGO,17,322,322,1.772,1,0.95,0.95,0,,0000009YUT,USD,,HEA,PP,CGOOP1
20064692,2026-02-12,480,A7,00147254,CGO,SCL,0000009CGO,AWESOME CARGO,95,2224,2224,11.4,1,0.95,0.95,0,,0000009YUT,USD,,HEA,PP,CGOOP1
20064652,2026-02-12,480,A7,00147243,CGO,SCL,0000009CGO,AWESOME CARGO,95,2316,2316,11.4,1,2200.2,2200.2,0,,0000009YUT,CNY,,HEA,PP,CGOOP1
20064539,2026-02-12,480,A7,00147221,CGO,SCL,0000009CGO,AWESOME CARGO,95,2154,2154,11.4,1,0.95,0.95,0,,0000009YUT,USD,,HEA,PP,CGOOP1
20064432,2026-02-12,480,A7,00147210,CGO,SCL,0000009CGO,AWESOME CARGO,95,2184,2184,11.4,1,0.95,0.95,0,,0000009YUT,USD,,HEA,PP,CGOOP1
20064382,2026-02-12,480,A7,00147232,CGO,SCL,0000009CGO,AWESOME CARGO,95,2306,2306,11.4,1,0.95,0.95,0,,0000009YUT,USD,,HEA,PP,CGOOP1
20064331,2026-02-12,480,A7,00073091,CGO,SCL,0000009CGO,AWESOME CARGO,3,630,205,3.778,1,0.95,0.95,0,,~020064331S,USD,,HEA,PP,CGOOP1
20064266,2026-02-12,480,A7,00117224,CGO,SCL,0000009CGO,AWESOME CARGO,2,221,221,0.133,1,0.95,0.95,0,,~020064266S,USD,,HEA,PP,CGOOP1
20064211,2026-02-12,480,A7,00149811,CGO,SCL,0000009CGO,AWESOME CARGO,24,480,402,2.88,1,0.95,0.95,0,,0000009FUJ,USD,,HEA,PP,CGOOP1
20064170,2026-02-12,480,A7,00149564,CGO,SCL,0000009CGO,AWESOME CARGO,77,1508,1334,9.048,1,0.95,0.95,0,,0000009FUJ,USD,,HEA,PP,CGOOP1
20064118,2026-02-12,480,A7,00149553,CGO,SCL,0000009CGO,AWESOME CARGO,100,2000,1763,12,1,0.95,0.95,0,,0000009FUJ,USD,,HEA,PP,CGOOP1
20064088,2026-02-12,480,A7,00146193,CGO,SCL,0000009CGO,AWESOME CARGO,87,2000,1687,12,1,0.95,0.95,0,,0000009FUJ,USD,,HEA,PP,CGOOP1
20064063,2026-02-12,480,A7,00146182,CGO,SCL,0000009CGO,AWESOME CARGO,84,2000,1648,12,1,0.95,0.95,0,,0000009FUJ,USD,,HEA,PP,CGOOP1
20064022,2026-02-12,480,A7,00146171,CGO,SCL,0000009CGO,AWESOME CARGO,92,2000,1803,12,1,0.95,0.95,0,,0000009FUJ,USD,,HEA,PP,CGOOP1
20063997,2026-02-12,480,A7,00146160,CGO,SCL,0000009CGO,AWESOME CARGO,90,2000,1718,12,1,0.95,0.95,0,,0000009FUJ,USD,,HEA,PP,CGOOP1
20063822,2026-02-12,480,A7,00146156,CGO,SCL,0000009CGO,AWESOME CARGO,95,1980,1677,11.88,1,0.95,0.95,0,,0000009FUJ,USD,,HEA,PP,CGOOP1
20063793,2026-02-12,480,A7,00146145,CGO,SCL,0000009CGO,AWESOME CARGO,84,2000,1711,12,1,0.95,0.95,0,,0000009FUJ,USD,,HEA,PP,CGOOP1
20063772,2026-02-12,480,A7,00146134,CGO,SCL,0000009CGO,AWESOME CARGO,91,2000,1772,12,1,0.95,0.95,0,,0000009FUJ,USD,,HEA,PP,CGOOP1
20063763,2026-02-12,480,A7,00146123,CGO,SCL,0000009CGO,AWESOME CARGO,95,2033,2033,12,1,0.95,0.95,0,,0000009FUJ,USD,,HEA,PP,CGOOP1
20063754,2026-02-12,480,A7,00146112,CGO,SCL,0000009CGO,AWESOME CARGO,91,2000,1832,12,1,0.95,0.95,0,,0000009FUJ,USD,,HEA,PP,CGOOP1
20063735,2026-02-12,480,A7,00146101,CGO,SCL,0000009CGO,AWESOME CARGO,92,2000,1770,12,1,0.95,0.95,0,,0000009FUJ,USD,,HEA,PP,CGOOP1
20063729,2026-02-12,480,A7,00282833,VCP,NLU,0000002ATC,ATC AVIATION SERVICES,12,1914.5,733.4,11.486,0,0,0,0,,~020063729S,USD,,,PP,System
20063712,2026-02-12,480,A7,00146090,CGO,SCL,0000009CGO,AWESOME CARGO,84,2000,1666,12,1,0.95,0.95,0,,0000009FUJ,USD,,HEA,PP,CGOOP1
20063697,2026-02-12,480,A7,00146086,CGO,SCL,0000009CGO,AWESOME CARGO,100,2000,1798,12,1,0.95,0.95,0,,0000009FUJ,USD,,HEA,PP,CGOOP1
20063664,2026-02-12,480,A7,00146075,CGO,SCL,0000009CGO,AWESOME CARGO,97,2009,1741,12.052,1,0.95,0.95,0,,0000009FUJ,USD,,HEA,PP,CGOOP1
20063647,2026-02-12,480,A7,00146064,CGO,SCL,0000009CGO,AWESOME CARGO,100,2000,1898,12,1,0.95,0.95,0,,0000009FUJ,USD,,HEA,PP,CGOOP1
20063629,2026-02-12,480,A7,00146053,CGO,SCL,0000009CGO,AWESOME CARGO,92,2000,1771,12,1,0.95,0.95,0,,0000009FUJ,USD,,HEA,PP,CGOOP1
20063572,2026-02-12,480,A7,00146042,CGO,SCL,0000009CGO,AWESOME CARGO,100,2068,2068,12,1,0.95,0.95,0,,0000009FUJ,USD,,HEA,PP,CGOOP1
20062946,2026-02-12,480,A7,00146031,CGO,SCL,0000009CGO,AWESOME CARGO,101,2008,1355,12.048,1,0.95,0.95,0,,0000009FUJ,USD,,HEA,PP,CGOOP1
20062940,2026-02-12,480,A7,00146020,CGO,SCL,0000009CGO,AWESOME CARGO,91,2000,1743,12,1,0.95,0.95,0,,0000009FUJ,USD,,HEA,PP,CGOOP1
20062912,2026-02-12,480,A7,00146016,CGO,SCL,0000009CGO,AWESOME CARGO,99,2055,2055,12,1,0.95,0.95,0,,0000009FUJ,USD,,HEA,PP,CGOOP1
20062846,2026-02-12,480,A7,00146005,CGO,SCL,0000009CGO,AWESOME CARGO,82,2000,1848,12,1,0.95,0.95,0,,0000009FUJ,USD,,HEA,PP,CGOOP1
20043104,2026-02-11,480,A7,00139204,VCP,NLU,0000002ATC,ATC AVIATION SERVICES,20,6598.5,6598.5,27.12,,0,0,0,,,BRL,,,,System
20034394,2026-02-11,480,A7,00302341,SCL,CGO,75100510015,ANDES INTERGACIÓN LOGÍSTICA,100,2073,2073,8.428,2.25,0,0,0,,~020034394S,CLP,,COL PES,PP,System
20034389,2026-02-11,480,A7,00302352,SCL,CGO,75100510015,ANDES INTERGACIÓN LOGÍSTICA,100,2037,2037,8.428,2.25,0,0,0,,~020034389S,CLP,,COL PES,PP,System
20034386,2026-02-11,480,A7,00302385,SCL,CGO,75100510015,ANDES INTERGACIÓN LOGÍSTICA,70,1824,1824,5.9,2.25,0,0,0,,~020034386S,CLP,,COL PES,PP,System
20034351,2026-02-11,480,A7,00302330,SCL,CGO,75100510015,ANDES INTERGACIÓN LOGÍSTICA,200,4204,4204,16.856,2.25,0,0,0,,~020034351S,CLP,,COL PES,PP,System
20034346,2026-02-11,480,A7,00302282,SCL,CGO,75100510015,ANDES INTERGACIÓN LOGÍSTICA,200,4129,4129,16.856,2.25,0,0,0,,~020034346S,CLP,,COL PES,PP,System
20034332,2026-02-11,480,A7,00302271,SCL,CGO,75100510015,ANDES INTERGACIÓN LOGÍSTICA,200,4092,4092,16.856,2.25,0,0,0,,~020034332S,CLP,,COL PES,PP,System
20034298,2026-02-11,480,A7,00302293,SCL,CGO,75100510015,ANDES INTERGACIÓN LOGÍSTICA,100,2031,2031,8.497,2.25,0,0,0,,~020034298S,CLP,,COL PES,PP,System
20034263,2026-02-11,HWB,A7,EA2600098,NLU,CGO,99953520026,HENCO GLOBAL SA DE CV,2,380,380,0,0,0,0,0,,~020034263S,USD,,HEA,PP,DVARGAS
20034284,2026-02-11,480,A7,00302374,SCL,CGO,75100510015,ANDES INTERGACIÓN LOGÍSTICA,40,831,831,3.371,2.25,0,0,0,,~020034284S,CLP,,COL PES,PP,System
20034275,2026-02-11,480,A7,00302363,SCL,CGO,75100510015,ANDES INTERGACIÓN LOGÍSTICA,100,2202,2202,8.428,2.25,0,0,0,,~020034275S,CLP,,COL PES,PP,System
20034259,2026-02-11,480,A7,00302326,SCL,CGO,75100510015,ANDES INTERGACIÓN LOGÍSTICA,100,2355,2355,8.428,2.25,0,0,0,,~020034259S,CLP,,COL PES,PP,System
20034246,2026-02-11,480,A7,00302315,SCL,CGO,75100510015,ANDES INTERGACIÓN LOGÍSTICA,200,4569,4569,16.856,2.25,0,0,0,,~020034246S,CLP,,COL PES,PP,System
20033915,2026-02-11,480,A7,00302304,SCL,CGO,75100510015,ANDES INTERGACIÓN LOGÍSTICA,200,4461,4461,16.66,2.25,0,0,0,,~020033915S,CLP,,COL PES,PP,System
20033199,2026-02-11,HWB,A7,7XT1788,GDL,PVG,86114130001,DHL GLOBAL FORWARDING MEXICO SA DE,5,698.5,698.3,0,0,0,0,0,,~020033199S,MXN,,,PP,DVARGAS
20033156,2026-02-11,HWB,A7,7XT1793,GDL,PVG,86114130001,DHL GLOBAL FORWARDING MEXICO SA DE,2,259,259,0,0,0,0,0,,~020033156S,MXN,,,PP,DVARGAS
20031110,2026-02-10,HWB,A7,QRO0052141,NLU,PVG,86199080015,DSV AIR SEA SA DE CV,1,217,216.6,0,0,0,0,0,,~020031110S,USD,,HEA,PP,SGUTIERREZ
20030528,2026-02-10,480,A7,00202580,NLU,PVG,86199080015,DSV AIR SEA SA DE CV,1,217,216.6,0.636,1.45,297.54,297.54,13.41,,86199080015,USD,,HEA,PP,YMEDINA
20030399,2026-02-10,480,A7,00207546,GDL,PVG,86114130001,DHL GLOBAL FORWARDING MEXICO SA DE,7,1499,957.3,8.994,1,0,1,0,,~020030399S,MXN,,,PP,YMEDINA
20029668,2026-02-10,480,A7,00247520,NLU,CGO,99953520026,HENCO GLOBAL SA DE CV,2,480,380,2.88,1,0,0,0,,~020029668S,USD,,HEA,PP,YMEDINA
20028102,2026-02-10,HWB,A7,SUNEA0009526,VCP,MEX,0000002ATC,ATC AVIATION SERVICES,7,2388.5,2366.9,0,0,0,0,0,,~020028102S,USD,,HEA,PP,VMAXIMO
20008467,2026-02-09,480,A7,00111333,VCP,NLU,0000002ATC,ATC AVIATION SERVICES,8,2576,1341.4,15.456,0,0,0,0,,~020008467S,BRL,,,PP,System
20008241,2026-02-09,480,A7,00283264,VCP,NLU,0000002ATC,ATC AVIATION SERVICES,9,2596.5,2596.1,9.706,0,0,0,0,,~020008241S,USD,,,PP,System
20001226,2026-02-09,480,A7,00149590,HGH,VCP,0000009CGO,AWESOME CARGO,100,2000,1744,12,1,0.95,0.95,0,,0000009FUJ,USD,,,PP,HGHOP
20001214,2026-02-09,480,A7,00149461,HGH,VCP,0000009CGO,AWESOME CARGO,100,2000,1795,12,1,0.95,0.95,0,,0000009FUJ,USD,,,PP,HGHOP
20001173,2026-02-09,480,A7,00149450,HGH,VCP,0000009CGO,AWESOME CARGO,100,2000,1757,12,1,0.95,0.95,0,,0000009FUJ,USD,,,PP,HGHOP
20001037,2026-02-09,480,A7,00149446,HGH,VCP,0000009CGO,AWESOME CARGO,100,1735,1735,12,1,0.95,0.95,0,,0000009FUJ,USD,,,PP,HGHOP
20000800,2026-02-09,480,A7,00149671,HGH,BOG,0000009CGO,AWESOME CARGO,77,2000,1726,12,1,0.95,0.95,0,,0000009HRI,USD,,,PP,HGHOP
20000723,2026-02-09,480,A7,00149660,HGH,BOG,0000009CGO,AWESOME CARGO,86,2000,1925,12,1,0.95,0.95,0,,0000009HRI,USD,,,PP,HGHOP
20000709,2026-02-09,480,A7,00149656,HGH,BOG,0000009CGO,AWESOME CARGO,85,2000,1801,12,1,0.95,0.95,0,,0000009HRI,USD,,,PP,HGHOP
20000697,2026-02-09,480,A7,00149645,HGH,BOG,0000009CGO,AWESOME CARGO,90,2000,1930,12,1,0.95,0.95,0,,0000009HRI,USD,,,PP,HGHOP
20000657,2026-02-09,480,A7,00149682,HGH,BOG,0000009CGO,AWESOME CARGO,118,2000,1214,12,1,0.95,0.95,0,,0000009HRI,USD,,,PP,HGHOP
20000635,2026-02-09,480,A7,00149634,HGH,BOG,0000009CGO,AWESOME CARGO,81,2000,1848,12,1,0.95,0.95,0,,0000009HRI,USD,,,PP,HGHOP
20000615,2026-02-09,480,A7,00149623,HGH,BOG,0000009CGO,AWESOME CARGO,94,2000,1948,12,1,0.95,0.95,0,,0000009HRI,USD,,,PP,HGHOP
20000561,2026-02-09,480,A7,00149612,HGH,BOG,0000009CGO,AWESOME CARGO,89,2000,1876,12,1,0.95,0.95,0,,0000009HRI,USD,,,PP,HGHOP
20000540,2026-02-09,480,A7,00149144,HGH,BOG,0000009CGO,AWESOME CARGO,92,2000,1911,12,1,0.95,0.95,0,,0000009HRI,USD,,,PP,HGHOP
20000438,2026-02-09,480,A7,00149133,HGH,BOG,0000009CGO,AWESOME CARGO,86,2000,1848,12,1,0.95,0.95,0,,0000009HRI,USD,,,PP,HGHOP
20000415,2026-02-09,480,A7,00149122,HGH,BOG,0000009CGO,AWESOME CARGO,92,2000,1937,12,1,0.95,0.95,0,,0000009HRI,USD,,,PP,HGHOP
20000246,2026-02-09,480,A7,00149111,HGH,BOG,0000009CGO,AWESOME CARGO,90,2000,1908,12,1,0.96,0.96,0,,0000009HRI,USD,,,PP,HGHOP
20000151,2026-02-09,480,A7,00149203,HGH,NLU,0000009CGO,AWESOME CARGO,100,2142,2142,12,1,0.95,0.95,0,,0000009SZI,USD,,HEA,PP,HGHOP
20000122,2026-02-09,480,A7,00149192,HGH,NLU,0000009CGO,AWESOME CARGO,100,2147,2147,12,1,0.95,0.95,0,,0000009SZI,USD,,HEA,PP,HGHOP
20000107,2026-02-09,480,A7,00149181,HGH,NLU,0000009CGO,AWESOME CARGO,100,2144,2144,12,1,0.95,0.95,0,,0000009SZI,USD,,HEA,PP,HGHOP
20000069,2026-02-09,480,A7,00149170,HGH,NLU,0000009CGO,AWESOME CARGO,100,2087,2087,12,1,0.95,0.95,0,,0000009SZI,USD,,HEA,PP,HGHOP
20000047,2026-02-09,480,A7,00149166,HGH,NLU,0000009CGO,AWESOME CARGO,100,2129,2129,12,1,0,1,0,,0000009SZI,USD,,HEA,PP,HGHOP
20000017,2026-02-09,480,A7,00149155,HGH,NLU,0000009CGO,AWESOME CARGO,100,2102,2102,12,1,0.95,0.95,0,,0000009SZI,USD,,HEA,PP,HGHOP
19999835,2026-02-09,480,A7,00101986,HGH,NLU,0000009CGO,AWESOME CARGO,8,5068,5068,12,1,0.95,0.95,0,,0000009ZCP,USD,,HEA,PP,HGHOP
19999744,2026-02-09,480,A7,00121704,HGH,NLU,0000009CGO,AWESOME CARGO,28,2000,593,12,1,0.95,0.95,0,,0000009SZP,USD,,,PP,HGHOP
19999629,2026-02-09,480,A7,00121693,HGH,NLU,0000009CGO,AWESOME CARGO,61,2000,1365,12,0,0,0,0,,0000009SZP,USD,,,,HGHOP
19999599,2026-02-09,480,A7,00149354,HGH,NLU,0000009CGO,AWESOME CARGO,100,2000,1656,12,1,0.95,0.95,0,,0000009FUJ,USD,,,PP,HGHOP
19995765,2026-02-09,480,A7,00149343,HGH,NLU,0000009CGO,AWESOME CARGO,100,2000,1668,12,1,0.95,0.95,0,,0000009FUJ,USD,,,PP,HGHOP
19994005,2026-02-09,480,ET,00211551,NLU,CCS,86114130001,DHL GLOBAL FORWARDING MEXICO SA DE,1,446,446,0.789,5.5,2330.35,2330.35,103.03,,86114130001,USD,,HEA,PP,PTOLEDO
19993977,2026-02-09,480,ET,00300823,NLU,CCS,86100380004,PLUSCARGO TRANSPORTE MEXICANA SA DE,1,389,380,2.109,4.8,1773.84,1773.84,78.42,,86100380004,USD,,HEA,PP,PTOLEDO
19993963,2026-02-09,480,ET,00202683,NLU,BOG,86199080015,DSV AIR SEA SA DE CV,4,668.5,668.4,1.652,0.5,317.54,317.54,14.04,,86199080015,USD,,HEA,PP,PTOLEDO
19993932,2026-02-09,480,ET,00202333,NLU,BOG,0000009ETH,ETHIOPIAN CARGO,8,64,25,0.383,2.34,142.27,142.27,6.29,,86100040003,USD,,,PP,PTOLEDO
19993907,2026-02-09,480,ET,00148072,NLU,BOG,0000009CGO,AWESOME CARGO,88,1960,1904,11.76,0.7,1303.4,1303.4,57.62,,,USD,,,PP,PTOLEDO
19993884,2026-02-09,480,ET,00148061,NLU,BOG,0000009CGO,AWESOME CARGO,117,2640,2490,15.84,0.7,1755.6,1755.6,77.62,,,USD,,,PP,PTOLEDO
19993868,2026-02-09,480,ET,00148050,NLU,BOG,0000009CGO,AWESOME CARGO,125,3020,2759,18.12,0.7,2008.3,2008.3,88.79,,,USD,,,PP,PTOLEDO
19993856,2026-02-09,480,ET,00148046,NLU,BOG,0000009CGO,AWESOME CARGO,134,3020,2821,18.12,0.7,2008.3,2008.3,88.79,,,USD,,,PP,PTOLEDO
19993828,2026-02-09,480,ET,00148035,NLU,BOG,0000009CGO,AWESOME CARGO,125,3020,2861,18.12,0.7,2008.3,2008.3,88.79,,,USD,,,PP,PTOLEDO
19993786,2026-02-09,480,ET,00148024,NLU,BOG,0000009CGO,AWESOME CARGO,129,3020,2763,18.12,0.7,2008.3,2008.3,88.79,,,USD,,,PP,PTOLEDO
19993718,2026-02-09,480,ET,00202484,NLU,BOG,0000009ETH,ETHIOPIAN CARGO,12,775,775,2.9,1,1021.25,1021.25,45.15,,86100370005,USD,,,PP,PTOLEDO
19993718,2026-02-09,480,ET,00202484,NLU,BOG,0000009ETH,ETHIOPIAN CARGO,12,775,775,2.9,0,1021.25,1021.25,45.15,,86100370005,USD,,,PP,PTOLEDO
19993641,2026-02-09,480,ET,00266512,NLU,BOG,86100470002,TIBA MEXICO SA DE CV,4,1066,1065.4,2.924,0.6,607.62,607.62,26.86,,86100470002,USD,,HEA,PP,PTOLEDO
19993608,2026-02-09,480,ET,00202506,NLU,BOG,0000009ETH,ETHIOPIAN CARGO,8,1346,1090,8.072,0.6,767.22,767.22,33.92,,86100370005,USD,,,PP,PTOLEDO
19993585,2026-02-09,480,ET,00241522,NLU,BOG,86102310092,KUEHNE + NAGEL FORWARDING,16,6501.5,6501.5,31.06,0.6,3705.85,3705.85,163.84,,86102310092,USD,,HEA,PP,PTOLEDO
19993450,2026-02-09,HWB,A7,I293972,NLU,PVG,86114130001,DHL GLOBAL FORWARDING MEXICO SA DE,1,391,391,0,0,0,0,0,,~019993450S,USD,,HEA,PP,ABARCENAS
19993429,2026-02-09,HWB,A7,I235766,NLU,PVG,86114130001,DHL GLOBAL FORWARDING MEXICO SA DE,1,80,80,0,0,0,0,0,,~019993429S,USD,,,PP,ABARCENAS
19993283,2026-02-08,480,A7,00207594,NLU,PVG,86114130001,DHL GLOBAL FORWARDING MEXICO SA DE,2,471,471,1.492,0.65,290.84,290.84,13.22,,~019993283S,USD,,HEA,PP,AVARGAS
19993253,2026-02-08,480,A7,00301921,NLU,PVG,86100290010,SERVICIOS LOGISTICOS DYLO,4,546,540,3.275,1.1,570.57,570.57,25.39,,~019993253S,USD,,,PP,AVARGAS
19987493,2026-02-08,480,A7,00147206,CGO,SCL,0000009CGO,AWESOME CARGO,30,405,405,2.127,1,0.95,0.95,0,,0000009YUT,USD,,HEA,PP,CGOOP1
19987411,2026-02-08,480,A7,00147195,CGO,SCL,0000009CGO,AWESOME CARGO,100,2104,2104,11.395,1,0.95,0.95,0,,0000009YUT,USD,,HEA,PP,CGOOP1
19987387,2026-02-08,480,A7,00147184,CGO,SCL,0000009CGO,AWESOME CARGO,100,1819,1819,9.602,1,0.95,0.95,0,,0000009YUT,USD,,HEA,PP,CGOOP1
19987382,2026-02-08,480,A7,00147173,CGO,SCL,0000009CGO,AWESOME CARGO,96,2327,2327,11.463,1,0.95,0.95,0,,0000009YUT,USD,,HEA,PP,CGOOP1
19987372,2026-02-08,480,A7,00147162,CGO,SCL,0000009CGO,AWESOME CARGO,100,2276,2276,11.47,1,0.95,0.95,0,,0000009YUT,USD,,HEA,PP,CGOOP1
19987369,2026-02-08,480,A7,00147151,CGO,SCL,0000009CGO,AWESOME CARGO,96,2304,2304,11.405,1,0.95,0.95,0,,0000009YUT,USD,,HEA,PP,CGOOP1
19987364,2026-02-08,480,A7,00147140,CGO,SCL,0000009CGO,AWESOME CARGO,95,2268,2268,11.4,1,0.95,0.95,0,,0000009YUT,USD,,HEA,PP,CGOOP1
19987320,2026-02-08,480,A7,00117202,CGO,SCL,0000009CGO,AWESOME CARGO,2,365.5,217,2.191,1,0.95,0.95,0,,~019987320S,USD,,HEA,PP,CGOOP1
19987313,2026-02-08,480,A7,00149542,CGO,SCL,0000009CGO,AWESOME CARGO,100,1990,1754,11.94,1,0.95,0.95,0,,0000009FUJ,USD,,HEA,PP,CGOOP1
19987305,2026-02-08,480,A7,00145994,CGO,SCL,0000009CGO,AWESOME CARGO,106,1989,1670,11.933,1,0.95,0.95,0,,0000009FUJ,USD,,HEA,PP,CGOOP1
19987298,2026-02-08,480,A7,00145983,CGO,SCL,0000009CGO,AWESOME CARGO,97,2049,2049,12,1,0.95,0.95,0,,0000009FUJ,USD,,HEA,PP,CGOOP1
19987291,2026-02-08,480,A7,00145972,CGO,SCL,0000009CGO,AWESOME CARGO,94,2000,1763,12,1,0.95,0.95,0,,0000009FUJ,USD,,HEA,PP,CGOOP1
19987287,2026-02-08,480,A7,00145961,CGO,SCL,0000009CGO,AWESOME CARGO,84,2000,1687,12,1,0.95,0.95,0,,0000009FUJ,USD,,HEA,PP,CGOOP1
19987279,2026-02-08,480,A7,00145950,CGO,SCL,0000009CGO,AWESOME CARGO,90,2000,1743,12,1,0.95,0.95,0,,0000009FUJ,USD,,HEA,PP,CGOOP1
19987251,2026-02-08,480,A7,00145946,CGO,SCL,0000009CGO,AWESOME CARGO,84,2000,1629,12,1,0.95,0.95,0,,0000009FUJ,USD,,HEA,PP,CGOOP1
19987247,2026-02-08,480,A7,00145935,CGO,SCL,0000009CGO,AWESOME CARGO,94,2000,1989,12,1,0.95,0.95,0,,0000009FUJ,USD,,HEA,PP,CGOOP1
19987244,2026-02-08,480,A7,00145924,CGO,SCL,0000009CGO,AWESOME CARGO,92,2000,1769,12,1,0.95,0.95,0,,0000009FUJ,USD,,HEA,PP,CGOOP1
19987237,2026-02-08,480,A7,00145913,CGO,SCL,0000009CGO,AWESOME CARGO,82,2000,1661,12,1,0.95,0.95,0,,0000009FUJ,USD,,HEA,PP,CGOOP1
19987231,2026-02-08,480,A7,00145902,CGO,SCL,0000009CGO,AWESOME CARGO,99,2000,1802,12,1,0.95,0.95,0,,0000009FUJ,USD,,HEA,PP,CGOOP1
19987228,2026-02-08,480,A7,00145891,CGO,SCL,0000009CGO,AWESOME CARGO,93,2000,1750,12,1,0.95,0.95,0,,0000009FUJ,USD,,HEA,PP,CGOOP1
19987224,2026-02-08,480,A7,00145880,CGO,SCL,0000009CGO,AWESOME CARGO,100,2000,1890,12,1,0.95,0.95,0,,0000009FUJ,USD,,HEA,PP,CGOOP1
19987173,2026-02-08,480,A7,00145876,CGO,SCL,0000009CGO,AWESOME CARGO,96,2000,1742,12,1,0.95,0.95,0,,0000009FUJ,USD,,HEA,PP,CGOOP1
19987145,2026-02-08,480,A7,00145865,CGO,SCL,0000009CGO,AWESOME CARGO,90,2000,1796,12,1,0.95,0.95,0,,0000009FUJ,USD,,HEA,PP,CGOOP1
19987135,2026-02-08,480,A7,00145854,CGO,SCL,0000009CGO,AWESOME CARGO,104,1994.5,1559,11.966,1,0.95,0.95,0,,0000009FUJ,USD,,HEA,PP,CGOOP1
19987127,2026-02-08,480,A7,00145843,CGO,SCL,0000009CGO,AWESOME CARGO,98,2000,1838,12,1,0.95,0.95,0,,0000009FUJ,USD,,HEA,PP,CGOOP1
19987119,2026-02-08,480,A7,00145832,CGO,SCL,0000009CGO,AWESOME CARGO,97,1990,1641,11.94,1,0.95,0.95,0,,0000009FUJ,USD,,HEA,PP,CGOOP1
19987111,2026-02-08,480,A7,00145821,CGO,SCL,0000009CGO,AWESOME CARGO,98,2000,1793,12,1,0.95,0.95,0,,0000009FUJ,USD,,HEA,PP,CGOOP1
19987092,2026-02-08,480,A7,00145810,CGO,SCL,0000009CGO,AWESOME CARGO,100,2000,1762,12,1,0.95,0.95,0,,0000009FUJ,USD,,HEA,PP,CGOOP1
19986931,2026-02-08,480,A7,00145806,CGO,SCL,0000009CGO,AWESOME CARGO,100,1891.5,1511,11.348,1,0.95,0.95,0,,0000009FUJ,USD,,HEA,PP,CGOOP1
19979411,2026-02-07,480,A7,00300716,SCL,CGO,75100510015,ANDES INTERGACIÓN LOGÍSTICA,150,3362,3362,12.642,2.25,0,0,0,,~019979411S,CLP,,COL PES,PP,System
19979409,2026-02-07,480,A7,00300650,SCL,CGO,75100510015,ANDES INTERGACIÓN LOGÍSTICA,200,4150,4150,16.856,2.25,0,0,0,,~019979409S,CLP,,COL PES,PP,System
19979407,2026-02-07,480,A7,00300705,SCL,CGO,75100510015,ANDES INTERGACIÓN LOGÍSTICA,200,4170,4170,16.856,2.25,0,0,0,,~019979407S,CLP,,COL PES,PP,System
19979406,2026-02-07,480,A7,00300683,SCL,CGO,75100510015,ANDES INTERGACIÓN LOGÍSTICA,200,4062,4062,16.856,2.25,0,0,0,,~019979406S,CLP,,COL PES,PP,System
19979405,2026-02-07,480,A7,00300591,SCL,CGO,75100510015,ANDES INTERGACIÓN LOGÍSTICA,100,2045,2045,8.428,2.25,0,0,0,,~019979405S,CLP,,COL PES,PP,System
19979399,2026-02-07,480,A7,00300602,SCL,CGO,75100510015,ANDES INTERGACIÓN LOGÍSTICA,200,4100,4100,16.856,2.25,0,0,0,,~019979399S,CLP,,COL PES,PP,System
19979397,2026-02-07,480,A7,00300646,SCL,CGO,75100510015,ANDES INTERGACIÓN LOGÍSTICA,100,2089,2089,8.669,2.25,0,0,0,,~019979397S,CLP,,COL PES,PP,System
19979394,2026-02-07,480,A7,00300635,SCL,CGO,75100510015,ANDES INTERGACIÓN LOGÍSTICA,100,2086,2086,8.428,2.25,0,0,0,,~019979394S,CLP,,COL PES,PP,System
19979392,2026-02-07,480,A7,00300661,SCL,CGO,75100510015,ANDES INTERGACIÓN LOGÍSTICA,200,4187,4187,16.856,2.25,0,0,0,,~019979392S,CLP,,COL PES,PP,System
19979390,2026-02-07,480,A7,00300672,SCL,CGO,75100510015,ANDES INTERGACIÓN LOGÍSTICA,200,4346,4346,16.86,2.25,0,0,0,,~019979390S,CLP,,COL PES,PP,System
19979389,2026-02-07,480,A7,00300624,SCL,CGO,75100510015,ANDES INTERGACIÓN LOGÍSTICA,100,2032,2032,8.428,2.25,0,0,0,,~019979389S,CLP,,COL PES,PP,System
19979388,2026-02-07,480,A7,00300694,SCL,CGO,75100510015,ANDES INTERGACIÓN LOGÍSTICA,200,4197,4197,16.856,2.25,0,0,0,,~019979388S,CLP,,COL PES,PP,System
19979376,2026-02-07,480,A7,00300613,SCL,CGO,75100510015,ANDES INTERGACIÓN LOGÍSTICA,200,4037,4037,16.856,2.25,0,0,0,,~019979376S,CLP,,COL PES,PP,System
19973480,2026-02-07,480,A7,00149100,HGH,NLU,0000009CGO,AWESOME CARGO,42,1000,860,6,1,0.95,0.95,0,,0000009HRI,USD,,HEA,PP,HGHOP
19973456,2026-02-07,480,A7,00149096,HGH,NLU,0000009CGO,AWESOME CARGO,102,2000.5,1908,12.001,1,0.95,0.95,0,,0000009HRI,USD,,HEA,PP,HGHOP
19973446,2026-02-07,480,A7,00149085,HGH,NLU,0000009CGO,AWESOME CARGO,98,2360,1791,14.16,1,0.95,0.95,0,,0000009HRI,USD,,HEA,PP,HGHOP
19973370,2026-02-07,480,A7,00149074,HGH,NLU,0000009CGO,AWESOME CARGO,85,2380,1378,14.28,1,0.95,0.95,0,,0000009HRI,USD,,HEA,PP,HGHOP
19973343,2026-02-07,480,A7,00149063,HGH,NLU,0000009CGO,AWESOME CARGO,99,2000,1874,12,1,0,0,0,,0000009HRI,USD,,HEA,PP,HGHOP
19973335,2026-02-07,480,A7,00149052,HGH,NLU,0000009CGO,AWESOME CARGO,76,1658,1658,9.88,1,0.95,0.95,0,,0000009HRI,USD,,HEA,PP,HGHOP
19973321,2026-02-07,480,A7,00149041,HGH,NLU,0000009CGO,AWESOME CARGO,113,1789,1789,10.622,1,0.95,0.95,0,,0000009HRI,USD,,HEA,PP,HGHOP
19973312,2026-02-07,480,A7,00149030,HGH,NLU,0000009CGO,AWESOME CARGO,108,1805,1805,10.8,1,0.95,0.95,0,,0000009HRI,USD,,HEA,PP,HGHOP
19973300,2026-02-07,480,A7,00149026,HGH,NLU,0000009CGO,AWESOME CARGO,100,1958,1958,11.6,1,0.95,0.95,0,,0000009HRI,USD,,HEA,PP,HGHOP
19973298,2026-02-07,480,A7,00145644,HGH,NLU,0000009CGO,AWESOME CARGO,100,2000,1716,12,1,0.95,0.95,0,,0000009FAL,USD,,HEA,PP,HGHOP
19973295,2026-02-07,480,A7,00145633,HGH,NLU,0000009CGO,AWESOME CARGO,100,2000,1651,12,1,0.95,0.95,0,,0000009FAL,USD,,HEA,PP,HGHOP
19973293,2026-02-07,480,A7,00145622,HGH,NLU,0000009CGO,AWESOME CARGO,100,2000,1611,12,1,0.95,0.95,0,,0000009FAL,USD,,HEA,PP,HGHOP
19973291,2026-02-07,480,A7,00145611,HGH,NLU,0000009CGO,AWESOME CARGO,100,2000,1583,12,1,0.95,0.95,0,,0000009FAL,USD,,HEA,PP,HGHOP
19973287,2026-02-07,480,A7,00145600,HGH,NLU,0000009CGO,AWESOME CARGO,100,2000,1603,12,1,0.95,0.95,0,,0000009FAL,USD,,HEA,PP,HGHOP
19973280,2026-02-07,480,A7,00145596,HGH,NLU,0000009CGO,AWESOME CARGO,100,2000,1675,12,1,0.95,0.95,0,,0000009FAL,USD,,HEA,PP,HGHOP
19973277,2026-02-07,480,A7,00145585,HGH,NLU,0000009CGO,AWESOME CARGO,100,2000,1559,12,1,0.95,0.95,0,,0000009FAL,USD,,HEA,PP,HGHOP
19973265,2026-02-07,480,A7,00145574,HGH,NLU,0000009CGO,AWESOME CARGO,100,2000,1518,12,1,0.95,0.95,0,,0000009FAL,USD,,HEA,PP,HGHOP
19973263,2026-02-07,480,A7,00145563,HGH,NLU,0000009CGO,AWESOME CARGO,100,2000,1702,12,1,0.95,0.95,0,,0000009FAL,USD,,HEA,PP,HGHOP
19973261,2026-02-07,480,A7,00145552,HGH,NLU,0000009CGO,AWESOME CARGO,100,2000,1398,12,1,0.95,0.95,0,,0000009FAL,USD,,HEA,PP,HGHOP
19973258,2026-02-07,480,A7,00145541,HGH,NLU,0000009CGO,AWESOME CARGO,100,2000,1373,12,1,0.95,0.95,0,,0000009FAL,USD,,HEA,PP,HGHOP
19973231,2026-02-07,480,A7,00145530,HGH,NLU,0000009CGO,AWESOME CARGO,100,2000,1549,12,1,0.95,0.95,0,,0000009FAL,USD,,HEA,PP,HGHOP
19973206,2026-02-07,480,A7,00145526,HGH,NLU,0000009CGO,AWESOME CARGO,100,2000,1430,12,1,0.95,0.95,0,,0000009FAL,USD,,HEA,PP,HGHOP
19973203,2026-02-07,480,A7,00121542,HGH,NLU,0000009CGO,AWESOME CARGO,100,2056,2056,12,1,0.95,0.95,0,,0000009HRI,USD,,HEA,PP,HGHOP
19973189,2026-02-07,480,A7,00145736,HGH,VCP,0000009CGO,AWESOME CARGO,100,2000,1696,12,1,0.95,0.95,0,,0000009FAL,USD,,HEA,PP,HGHOP
19973181,2026-02-07,480,A7,00145725,HGH,VCP,0000009CGO,AWESOME CARGO,100,2000,1703,12,1,0.95,0.95,0,,0000009FAL,USD,,HEA,PP,HGHOP
19973171,2026-02-07,480,A7,00145714,HGH,VCP,0000009CGO,AWESOME CARGO,100,2000,1653,12,1,0.95,0.95,0,,0000009FAL,USD,,HEA,PP,HGHOP
19973094,2026-02-07,480,A7,00145703,HGH,VCP,0000009CGO,AWESOME CARGO,100,2000,1718,12,1,0.95,0.95,0,,0000009FAL,USD,,HEA,PP,HGHOP
19973064,2026-02-07,480,A7,00121914,HGH,VCP,0000009CGO,AWESOME CARGO,51,909,909,4.941,1,0.95,0.95,0,,0000009HBI,USD,,HEA,PP,HGHOP
19973052,2026-02-07,480,A7,00121682,HGH,VCP,0000009CGO,AWESOME CARGO,41,701,701,3.915,1,718.2,718.2,0,,0000009HBI,USD,,,PP,HGHOP
19973030,2026-02-07,480,A7,00121671,HGH,VCP,0000009CGO,AWESOME CARGO,34,756,756,3.992,1,0.95,0.95,0,,0000009HBI,USD,,,PP,HGHOP
19973013,2026-02-07,480,A7,00121660,HGH,VCP,0000009CGO,AWESOME CARGO,62,1090,1090,5.952,1,0.95,0.95,0,,0000009ZUB,USD,,,PP,HGHOP
19972893,2026-02-07,480,A7,00121656,HGH,VCP,0000009CGO,AWESOME CARGO,43,944,944,5.046,1,0.95,0.95,0,,0000009ZUB,USD,,,PP,HGHOP
19972725,2026-02-07,480,A7,00121531,HGH,NLU,0000009CGO,AWESOME CARGO,100,2039,2039,12,1,0.95,0.95,0,,0000009HRI,USD,,,PP,HGHOP
19967248,2026-02-06,HWB,A7,RIO0014299,VCP,NLU,0000002ATC,ATC AVIATION SERVICES,2,320.5,320.1,0,0,0,0,0,,~019967248S,BRL,,HEA,PP,WBORGES
19967220,2026-02-06,HWB,A7,ITJ0000312,VCP,NLU,0000002ATC,ATC AVIATION SERVICES,8,134,133.8,0,0,0,0,0,,~019967220S,BRL,,,PP,WBORGES
19966675,2026-02-06,HWB,A7,1072378050,VCP,NLU,0000002ATC,ATC AVIATION SERVICES,8,2560,1508.2,0,0,0,0,0,,~019966675S,BRL,,HEA,PP,WBORGES
19966599,2026-02-06,480,ET,00202473,NLU,BOG,0000009ETH,ETHIOPIAN CARGO,5,470,470,1.514,1.2,535.8,535.8,23.69,,,USD,,,PP,JVALDOS
19966551,2026-02-06,480,ET,00241511,NLU,BOG,86102310092,KUEHNE + NAGEL FORWARDING,2,11500,5815,33.675,1.2,13110,13110,579.6,,,USD,,HEA,PP,JVALDOS
19966031,2026-02-06,480,ET,00266501,NLU,BOG,86100470002,TIBA MEXICO SA DE CV,4,3522,3521.6,9.209,0.55,1840.24,1840.24,81.36,,,USD,,HEA,PP,JVALDOS
19965965,2026-02-06,480,ET,00300123,NLU,BOG,86102280003,IMPORTCARGO MÉXICO S.A. DE C.V.,12,6854,6853.3,17.016,0.6,3906.78,3906.78,172.72,,,USD,,HEA,PP,JVALDOS
19965824,2026-02-06,480,A7,00283286,VCP,NLU,0000002ATC,ATC AVIATION SERVICES,10,5044,5043.8,12.408,0,0,0,0,,~019965824S,USD,,,PP,System
19964859,2026-02-06,HWB,A7,14231040082,VCP,NLU,0000002ATC,ATC AVIATION SERVICES,8,4500,3078.7,0,0,0,0,0,,~019964859S,BRL,,HEA,PP,WBORGES
19964117,2026-02-06,HWB,A7,1072264203,VCP,NLU,0000002ATC,ATC AVIATION SERVICES,18,5760,2565.6,0,0,0,0,0,,~019964117S,BRL,,,PP,WBORGES
19961924,2026-02-06,HWB,A7,AGL20260053,VCP,NLU,0000002ATC,ATC AVIATION SERVICES,2,1000,887.6,0,0,0,0,0,,~019961924S,USD,,HEA,PP,WBORGES
19961338,2026-02-06,HWB,A7,1072144073,VCP,NLU,0000002ATC,ATC AVIATION SERVICES,3,536,247,0,0,0,0,0,,~019961338S,BRL,,,PP,WBORGES
19960437,2026-02-06,HWB,A7,31144945730,VCP,NLU,0000002ATC,ATC AVIATION SERVICES,3,1173.5,1173.5,0,0,0,0,0,,~019960437S,BRL,,HEA,PP,WBORGES
19959955,2026-02-06,HWB,A7,14231038870,VCP,NLU,0000002ATC,ATC AVIATION SERVICES,6,1500,662.7,0,0,0,0,0,,~019959955S,USD,,,PP,WBORGES
19959113,2026-02-06,HWB,A7,S2601558390,VCP,NLU,0000002ATC,ATC AVIATION SERVICES,4,3164,3163.9,0,0,0,0,0,,~019959113S,BRL,,HEA,PP,WBORGES
19949489,2026-02-06,HWB,A7,FC2158634,UIO,LAX,0000009TMA,AWESOME CARGO,2,52,49,0,0,0,0,0,,~019949489S,ECS,,,PP,JHERNANDEZ
19949434,2026-02-06,HWB,A7,FC2158604,UIO,LAX,0000009TMA,AWESOME CARGO,3,78,59,0,0,0,0,0,,~019949434S,ECS,,,PP,JHERNANDEZ
19949427,2026-02-06,HWB,A7,FC2158645,UIO,LAX,0000009TMA,AWESOME CARGO,2,35,32,0,0,0,0,0,,~019949427S,ECS,,,PP,SLEDESMA
19949242,2026-02-06,HWB,A7,FC2158567,UIO,LAX,0000009TMA,AWESOME CARGO,3,19,16,0,0,0,0,0,,~019949242S,ECS,,,PP,JHERNANDEZ
19949200,2026-02-06,HWB,A7,FC2158548,UIO,LAX,0000009TMA,AWESOME CARGO,4,15,13,0,0,0,0,0,,~019949200S,ECS,,,PP,JHERNANDEZ
19949054,2026-02-06,HWB,A7,FC2158547,UIO,LAX,0000009TMA,AWESOME CARGO,2,42,42,0,0,0,0,0,,~019949054S,ECS,,,PP,JHERNANDEZ
19949031,2026-02-06,HWB,A7,FC2158546,UIO,LAX,0000009TMA,AWESOME CARGO,1,26,23,0,0,0,0,0,,~019949031S,ECS,,,PP,JHERNANDEZ
19948915,2026-02-06,HWB,A7,FC2158500,UIO,LAX,0000009TMA,AWESOME CARGO,1,8,7,0,0,0,0,0,,~019948915S,ECS,,,PP,JHERNANDEZ
19948849,2026-02-06,HWB,MS,FC2158485,UIO,LAX,0000009TMA,AWESOME CARGO,2,39,36,0,0,0,0,0,,~019948849S,ECS,,,PP,JHERNANDEZ
19948836,2026-02-06,HWB,A7,FC2158648,UIO,LAX,0000009TMA,AWESOME CARGO,2,18,11,0,0,0,0,0,,~019948836S,ECS,,,PP,SLEDESMA
19948777,2026-02-06,HWB,A7,FC2158420,UIO,LAX,0000009TMA,AWESOME CARGO,1,29,21,0,0,0,0,0,,~019948777S,ECS,,,PP,JHERNANDEZ
19948749,2026-02-06,HWB,A7,FC2158675,UIO,LAX,0000009TMA,AWESOME CARGO,2,40,40,0,0,0,0,0,,~019948749S,ECS,,,PP,SLEDESMA
19948729,2026-02-06,HWB,A7,FC2158416,UIO,LAX,0000009TMA,AWESOME CARGO,2,16,14,0,0,0,0,0,,~019948729S,ECS,,,PP,JHERNANDEZ
19948682,2026-02-06,HWB,A7,FC2158717,UIO,LAX,0000009TMA,AWESOME CARGO,15,409,366,0,0,0,0,0,,~019948682S,ECS,,,PP,SLEDESMA
19948658,2026-02-06,HWB,A7,FC2158411,UIO,LAX,0000009TMA,AWESOME CARGO,2,8,6,0,0,0,0,0,,~019948658S,ECS,,,PP,JHERNANDEZ
19948621,2026-02-06,HWB,MS,FC2158718,UIO,LAX,0000009TMA,AWESOME CARGO,6,136,130,0,0,0,0,0,,~019948621S,ECS,,,PP,SLEDESMA
19948558,2026-02-06,HWB,A7,FC2158376,UIO,LAX,0000009TMA,AWESOME CARGO,17,90,62,0,0,0,0,0,,~019948558S,ECS,,,PP,JHERNANDEZ
19948548,2026-02-06,HWB,A7,FC2158020,UIO,LAX,0000009TMA,AWESOME CARGO,13,340,249,0,0,0,0,0,,~019948548S,ECS,,,PP,SLEDESMA
19948360,2026-02-06,HWB,A7,FC2158845,UIO,LAX,0000009TMA,AWESOME CARGO,4,104,87,0,1,0,0,0,,~019948360S,ECS,,,PP,SLEDESMA
19948390,2026-02-06,HWB,A7,FC2158360,UIO,LAX,0000009TMA,AWESOME CARGO,1,12,7,0,0,0,0,0,,~019948390S,ECS,,,PP,JHERNANDEZ
19948355,2026-02-06,HWB,A7,FC2158356,UIO,LAX,0000009TMA,AWESOME CARGO,2,22,14,0,0,0,0,0,,~019948355S,ECS,,,PP,JHERNANDEZ
19948312,2026-02-06,HWB,A7,FC2158359,UIO,LAX,0000009TMA,AWESOME CARGO,1,9,5,0,0,0,0,0,,~019948312S,ECS,,,PP,JHERNANDEZ
19948132,2026-02-06,HWB,A7,FC2158355,UIO,LAX,0000009TMA,AWESOME CARGO,1,29,19,0,0,0,0,0,,~019948132S,ECS,,,PP,JHERNANDEZ
19948105,2026-02-06,HWB,A7,FC2158354,UIO,LAX,0000009TMA,AWESOME CARGO,29,127,78,0,0,0,0,0,,~019948105S,ECS,,,PP,JHERNANDEZ
19947984,2026-02-06,HWB,A7,FC2158352,UIO,LAX,0000009TMA,AWESOME CARGO,3,58,53,0,0,0,0,0,,~019947984S,ECS,,,PP,JHERNANDEZ
19947913,2026-02-06,HWB,A7,LA1602013645,UIO,LAX,0000009TMA,AWESOME CARGO,22,338,338,0,0,0,0,0,,~019947913S,ECS,,,PP,ABARCENAS
19947901,2026-02-06,HWB,A7,LA1602012383,UIO,LAX,0000009TMA,AWESOME CARGO,6,71,71,0,0,0,0,0,,~019947901S,ECS,,,PP,ABARCENAS
19947888,2026-02-06,HWB,A7,LA1602011582,UIO,LAX,0000009TMA,AWESOME CARGO,4,29,29,0,0,0,0,0,,~019947888S,ECS,,,PP,ABARCENAS
19947845,2026-02-06,HWB,A7,LA1602012207,UIO,LAX,0000009TMA,AWESOME CARGO,4,46,46,0,0,0,0,0,,~019947845S,ECS,,,PP,ABARCENAS
19947836,2026-02-06,HWB,A7,LA1602012652,UIO,LAX,0000009TMA,AWESOME CARGO,125,1593,1593,0,0,0,0,0,,~019947836S,ECS,,,PP,ABARCENAS
19947736,2026-02-06,HWB,A7,LA1602011080,UIO,LAX,0000009TMA,AWESOME CARGO,9,100,100,0,0,0,0,0,,~019947736S,ECS,,,PP,ABARCENAS
19947732,2026-02-06,HWB,A7,LA1602009810,UIO,LAX,0000009TMA,AWESOME CARGO,249,2012,2012,0,0,0,0,0,,~019947696S,ECS,,,PP,ABARCENAS
19947696,2026-02-06,HWB,A7,LA1602009711,UIO,LAX,0000009TMA,AWESOME CARGO,22,160,160,0,0,0,0,0,,~019947696S,ECS,,,PP,ABARCENAS
19947689,2026-02-06,HWB,A7,LA1602012896,UIO,LAX,0000009TMA,AWESOME CARGO,57,602,602,0,0,0,0,0,,~019947689S,ECS,,,PP,ABARCENAS
19947606,2026-02-06,HWB,A7,LA1602011567,UIO,LAX,0000009TMA,AWESOME CARGO,609,3032,3032,0,0,0,0,0,,~019947606S,ECS,,,PP,ABARCENAS
19947441,2026-02-06,HWB,A7,FC2158848,UIO,LAX,0000009TMA,AWESOME CARGO,1,26,24,0,1,0,0,0,,~019947441S,ECS,,,PP,SLEDESMA
19947595,2026-02-06,HWB,A7,LA1602010676,UIO,LAX,0000009TMA,AWESOME CARGO,90,388,388,0,0,0,0,0,,~019947595S,ECS,,,PP,ABARCENAS
19947575,2026-02-06,HWB,A7,LA1602013124,UIO,LAX,0000009TMA,AWESOME CARGO,98,1737,1737,0,0,0,0,0,,~019947494S,ECS,,,PP,ABARCENAS
19947494,2026-02-06,HWB,A7,LA1602013100,UIO,LAX,0000009TMA,AWESOME CARGO,1,15,15,0,0,0,0,0,,~019947494S,ECS,,,PP,ABARCENAS
19947280,2026-02-05,592,A7,31312934,UIO,LAX,0000009TMA,AWESOME CARGO,6,2930,2930,10.419,1,0,1,0,,~019947280S,USD,,HEA,PP,YMEDINA
19947244,2026-02-05,592,A7,31312923,UIO,LAX,0000009TMA,AWESOME CARGO,13,7734,7734,24.504,1,0,1,0,,~019947244S,ECS,,HEA,PP,YMEDINA
19947186,2026-02-05,592,A7,31312982,UIO,LAX,0000009TMA,AWESOME CARGO,1296,13115.5,10123,78.693,0,0,0,0,,~019947186S,USD,,,PP,YMEDINA
19947128,2026-02-05,592,A7,31312960,UIO,LAX,0000009TMA,AWESOME CARGO,2,463,463,2.745,1,0,1,0,,~019947128S,ECS,,HEA,PP,YMEDINA
19946884,2026-02-05,592,A7,31312945,UIO,LAX,0000009TMA,AWESOME CARGO,122,1781,1463,10.686,1,0,0,0,,~019946884S,ECS,,,PP,YMEDINA
19945326,2026-02-05,480,A7,00283216,VCP,MEX,0000002ATC,ATC AVIATION SERVICES,7,2388,2366.9,14.328,0,0,0,0,,~019945326S,USD,,HEA,PP,System
19945247,2026-02-05,480,A7,00282903,VCP,NLU,0000002ATC,ATC AVIATION SERVICES,35,14688,14687.7,46.2,0,0,0,0,,~019945247S,BRL,,HEA,PP,System
19942394,2026-02-05,480,ET,00201924,NLU,BOG,0000009ETH,ETHIOPIAN CARGO,5,417,417,1.385,1.2,475.38,475.38,21.02,,,USD,,,PP,JVALDOS
19941826,2026-02-05,480,A7,00241500,NLU,BOG,86102310092,KUEHNE + NAGEL FORWARDING,19,6684,6683.6,34.283,0.6,3809.88,3809.88,168.44,,,USD,,HEA,PP,JVALDOS
19941765,2026-02-05,480,ET,00202193,NLU,BOG,0000009ETH,ETHIOPIAN CARGO,1,1800,647,0.641,0.6,1026,1026,45.36,,86114130001,USD,,HEA,PP,PTOLEDO
19941688,2026-02-05,480,ET,00211540,NLU,BOG,86114130001,DHL GLOBAL FORWARDING MEXICO SA DE,10,4273,4273,12.048,0.7,2841.54,2841.54,125.63,,86114130001,USD,,HEA,PP,PTOLEDO
19941635,2026-02-05,480,ET,00202344,NLU,BOG,0000009ETH,ETHIOPIAN CARGO,17,2319.5,524,10.954,0.5,1101.76,1101.76,48.71,,86100040003,USD,,,PP,PTOLEDO
19941578,2026-02-05,480,ET,00216521,NLU,BOG,86100280000,CEVA A&O MEXICO SA DE CV,1,75,75,0.446,9.5,676.87,676.87,29.93,,86100280000,USD,,,PP,PTOLEDO
19941481,2026-02-05,480,ET,00201736,NLU,BOG,0000009ETH,ETHIOPIAN CARGO,26,7426.5,4545,44.558,0.5,3527.59,3527.59,155.96,,86199080015,USD,,HEA,PP,PTOLEDO
19941382,2026-02-05,480,ET,00216510,NLU,LIM,86100280000,CEVA A&O MEXICO SA DE CV,1,525,525,1.431,1.9,947.62,947.62,41.9,,86100280000,USD,,HEA,PP,PTOLEDO
19933645,2026-02-05,480,A7,00147136,CGO,SCL,0000009CGO,AWESOME CARGO,48,1173,1173,5.76,1,0.95,0.95,0,,0000009YUT,USD,,HEA,PP,CGOOP1
19933630,2026-02-05,480,A7,00147125,CGO,SCL,0000009CGO,AWESOME CARGO,95,2292,2292,11.4,1,0.95,0.95,0,,0000009YUT,USD,,HEA,PP,CGOOP1
19933580,2026-02-05,480,A7,00147114,CGO,SCL,0000009CGO,AWESOME CARGO,96,2295,2295,11.41,1,0.95,0.95,0,,0000009YUT,USD,,HEA,PP,CGOOP1
19933554,2026-02-05,480,A7,00147103,CGO,SCL,0000009CGO,AWESOME CARGO,47,983,983,4.986,1,0.95,0.95,0,,0000009YUT,USD,,HEA,PP,CGOOP1
19933543,2026-02-05,480,A7,00147092,CGO,SCL,0000009CGO,AWESOME CARGO,95,2202,2202,11.4,1,0.95,0.95,0,,0000009YUT,USD,,HEA,PP,CGOOP1
19933502,2026-02-05,480,A7,00147081,CGO,SCL,0000009CGO,AWESOME CARGO,98,2257,2257,11.473,1,0.95,0.95,0,,0000009YUT,USD,,HEA,PP,CGOOP1
19933471,2026-02-05,480,A7,00147070,CGO,SCL,0000009CGO,AWESOME CARGO,95,2286,2286,11.4,1,0.95,0.95,0,,0000009YUT,USD,,HEA,PP,CGOOP1
19933458,2026-02-05,480,A7,00145784,CGO,SCL,0000009CGO,AWESOME CARGO,100,2000,1623,12,1,0.95,0.95,0,,0000009FUJ,USD,,HEA,PP,CGOOP1
19933420,2026-02-05,480,A7,00145773,CGO,SCL,0000009CGO,AWESOME CARGO,100,2000,1653,12,1,0.95,0.95,0,,0000009FUJ,USD,,HEA,PP,CGOOP1
19933381,2026-02-05,480,A7,00145460,CGO,SCL,0000009CGO,AWESOME CARGO,100,2000,1769,12,1,0.95,0.95,0,,0000009FUJ,USD,,HEA,PP,CGOOP1
19932792,2026-02-05,480,A7,00145095,CGO,SCL,0000009CGO,AWESOME CARGO,99,2000,1983,12,1,0.95,0.95,0,,0000009FUJ,USD,,HEA,PP,CGOOP1
19932745,2026-02-05,480,A7,00145456,CGO,SCL,0000009CGO,AWESOME CARGO,85,2000,1692,12,1,0.95,0.95,0,,0000009FUJ,USD,,HEA,PP,CGOOP1
19932682,2026-02-05,480,A7,00145445,CGO,SCL,0000009CGO,AWESOME CARGO,92,2000,1830,12,1,0.95,0.95,0,,0000009FUJ,USD,,HEA,PP,CGOOP1
19932672,2026-02-05,480,A7,00145434,CGO,SCL,0000009CGO,AWESOME CARGO,99,2042,2042,12,1,0.95,0.95,0,,0000009FUJ,USD,,HEA,PP,CGOOP1
19932614,2026-02-05,480,A7,00145423,CGO,SCL,0000009CGO,AWESOME CARGO,92,2000,1713,12,1,0.95,0.95,0,,0000009FUJ,USD,,HEA,PP,CGOOP1
19932573,2026-02-05,480,A7,00145412,CGO,SCL,0000009CGO,AWESOME CARGO,92,2000,1731,12,1,0.95,0.95,0,,0000009FUJ,USD,,HEA,PP,CGOOP1
19932563,2026-02-05,480,A7,00145401,CGO,SCL,0000009CGO,AWESOME CARGO,92,2000,1784,12,1,0.95,0.95,0,,0000009FUJ,USD,,HEA,PP,CGOOP1
19932551,2026-02-05,480,A7,00145390,CGO,SCL,0000009CGO,AWESOME CARGO,96,2000,1952,12,1,0.95,0.95,0,,0000009FUJ,USD,,HEA,PP,CGOOP1
19932539,2026-02-05,480,A7,00145386,CGO,SCL,0000009CGO,AWESOME CARGO,93,2000,1692,12,1,0.95,0.95,0,,0000009FUJ,USD,,HEA,PP,CGOOP1
19932524,2026-02-05,480,A7,00145375,CGO,SCL,0000009CGO,AWESOME CARGO,92,1988,1731,11.927,1,0.95,0.95,0,,0000009FUJ,USD,,HEA,PP,CGOOP1
19932500,2026-02-05,480,A7,00145364,CGO,SCL,0000009CGO,AWESOME CARGO,84,2000,1702,12,1,0.95,0.95,0,,0000009FUJ,USD,,HEA,PP,CGOOP1
19932195,2026-02-05,480,A7,00145353,CGO,SCL,0000009CGO,AWESOME CARGO,99,2000,1779,12,1,0.95,0.95,0,,0000009FUJ,USD,,HEA,PP,CGOOP1
19931843,2026-02-05,480,A7,00145342,CGO,SCL,0000009CGO,AWESOME CARGO,94,2000,1756,12,1,0.95,0.95,0,,0000009FUJ,USD,,HEA,PP,CGOOP1
19931644,2026-02-05,480,A7,00145331,CGO,SCL,0000009CGO,AWESOME CARGO,87,2000,1644,12,1,0.95,0.95,0,,0000009FUJ,USD,,HEA,PP,CGOOP1
19931587,2026-02-05,480,A7,00145320,CGO,SCL,0000009CGO,AWESOME CARGO,86,2000,1692,12,1,0.95,0.95,0,,0000009FUJ,USD,,HEA,PP,CGOOP1
19931531,2026-02-05,480,A7,00145316,CGO,SCL,0000009CGO,AWESOME CARGO,97,2000,1766,12,1,0.95,0.95,0,,0000009FUJ,USD,,HEA,PP,CGOOP1
19931515,2026-02-05,480,A7,00145305,CGO,SCL,0000009CGO,AWESOME CARGO,89,2000,1700,12,1,0.95,0.95,0,,0000009FUJ,USD,,HEA,PP,CGOOP1
19931493,2026-02-05,480,A7,00145294,CGO,SCL,0000009CGO,AWESOME CARGO,95,2000,1710,12,1,0.95,0.95,0,,0000009FUJ,USD,,HEA,PP,CGOOP1
19931479,2026-02-05,480,A7,00145283,CGO,SCL,0000009CGO,AWESOME CARGO,98,2083,2083,12,1,0.95,0.95,0,,0000009FUJ,USD,,HEA,PP,CGOOP1
19923949,2026-02-04,480,A7,01012244,POA,SAL,57105090011,FASTCARGO AGENCIAMIENTO,277,3257.5,2219,19.545,1,0,0,0,,~019923949S,BRL,,,PP,SLEDESMA
19923836,2026-02-04,480,A7,01012255,POA,SAL,57105090011,FASTCARGO AGENCIAMIENTO,945,16760.5,8344,100.561,1,0,1,0,,~019923836S,BRL,,,PP,SLEDESMA
19923792,2026-02-04,480,A7,01012222,POA,SAL,57105090011,FASTCARGO AGENCIAMIENTO,584,8882,5025,53.292,1,0,1,0,,~019923792S,BRL,,,PP,SLEDESMA
19923612,2026-02-04,480,A7,01012270,POA,SAL,57105090011,FASTCARGO AGENCIAMIENTO,2674,38348,23428,230.088,0,0,0,0,,~019923612S,USD,,,PP,SLEDESMA
19922236,2026-02-04,480,A7,00145272,CGO,SCL,0000009CGO,AWESOME CARGO,97,1988.5,1513,11.93,1,0.95,0.95,0,,0000009FUJ,USD,,HEA,PP,CGOOP1
19922605,2026-02-04,480,A7,00283275,VCP,NLU,0000002ATC,ATC AVIATION SERVICES,17,2837.5,2837.1,7.66,0,0,0,0,,~019922605S,USD,,HEA,PP,System
19917182,2026-02-04,480,A7,00283253,VCP,NLU,0000002ATC,ATC AVIATION SERVICES,8,3079,3078.7,7.407,0,0,0,0,,~019917182S,BRL,,HEA,PP,System
19917162,2026-02-04,480,A7,00283205,VCP,NLU,0000002ATC,ATC AVIATION SERVICES,22,23020,23020,15.615,0,0,0,0,,~019917162S,BRL,,HEA,PP,System
19917147,2026-02-04,480,A7,00283113,VCP,NLU,0000002ATC,ATC AVIATION SERVICES,8,2560,1508.2,15.36,0,0,0,0,,~019917147S,BRL,,,PP,System
19917129,2026-02-04,480,A7,00283102,VCP,NLU,0000002ATC,ATC AVIATION SERVICES,3,536,247,3.216,0,0,0,0,,~019917129S,BRL,,,PP,System
19917098,2026-02-04,480,A7,00282940,VCP,NLU,0000002ATC,ATC AVIATION SERVICES,3,1173.5,1173.5,2.111,0,0,0,0,,~019917098S,BRL,,,PP,System
19917084,2026-02-04,480,A7,00282693,VCP,NLU,0000002ATC,ATC AVIATION SERVICES,18,5760,2565.6,34.56,0,0,0,0,,~019917084S,BRL,,,PP,System
19917050,2026-02-04,480,A7,00139193,VCP,NLU,0000002ATC,ATC AVIATION SERVICES,4,3164,3163.9,6.854,0,0,0,0,,~019917050S,BRL,,HEA,PP,System
19917016,2026-02-04,480,A7,00139075,VCP,NLU,0000002ATC,ATC AVIATION SERVICES,12,3840,1767.3,23.04,0,0,0,0,,~019917016S,BRL,,,,System
19916984,2026-02-04,480,A7,00111204,VCP,NLU,0000002ATC,ATC AVIATION SERVICES,10,1527.5,453.9,9.164,0,0,0,0,,~019916984S,BRL,,HEA,PP,System
19913960,2026-02-04,480,A7,00300576,SCL,CGO,75100510015,ANDES INTERGACIÓN LOGÍSTICA,150,3511,3511,12.642,2.25,0,0,0,,~019913960S,CLP,,COL PES,PP,System
19913919,2026-02-04,480,A7,00300510,SCL,CGO,75100510015,ANDES INTERGACIÓN LOGÍSTICA,100,2200,2200,8.428,2.25,0,0,0,,~019913919S,CLP,,COL PES,PP,System
19913871,2026-02-04,480,A7,00300565,SCL,CGO,75100510015,ANDES INTERGACIÓN LOGÍSTICA,200,4750,4750,16.856,2.25,0,0,0,,~019913871S,CLP,,COL PES,PP,System
19913735,2026-02-04,480,A7,00300532,SCL,CGO,75100510015,ANDES INTERGACIÓN LOGÍSTICA,200,4360,4360,16.856,2.25,0,0,0,,~019913735S,CLP,,COL PES,PP,System
19905563,2026-02-03,480,A7,00300580,SCL,CGO,75100510015,ANDES INTERGACIÓN LOGÍSTICA,98,2390,2390,8.259,2.25,0,0,0,,~019905563S,CLP,,COL PES,PP,System
19905543,2026-02-03,480,A7,00300521,SCL,CGO,75100510015,ANDES INTERGACIÓN LOGÍSTICA,100,2491,2491,8.428,2.25,0,0,0,,~019905543S,CLP,,COL PES,PP,System
19905515,2026-02-03,480,A7,00300506,SCL,CGO,75100510015,ANDES INTERGACIÓN LOGÍSTICA,200,4190,4190,16.856,2.25,0,0,0,,~019905515S,CLP,,COL PES,PP,System
19905310,2026-02-03,480,A7,00300495,SCL,CGO,75100510015,ANDES INTERGACIÓN LOGÍSTICA,100,2403,2403,8.428,2.25,0,0,0,,~019905310S,CLP,,COL PES,PP,System
19901744,2026-02-03,480,ET,00241496,NLU,BOG,86102310092,KUEHNE + NAGEL FORWARDING,18,6623,6622.7,33.81,0.6,3775.11,3775.11,166.9,,,USD,,HEA,PP,JVALDOS
19900548,2026-02-03,480,ET,00202436,NLU,BOG,0000009ETH,ETHIOPIAN CARGO,28,5886,3463.6,35.315,0.7,3914.19,3914.19,173.05,,86114130001,USD,,,PP,JVALDOS
19881985,2026-02-02,HWB,A7,SZX848009,NLU,VCP,86199080015,DSV AIR SEA SA DE CV,38,578,578,0,0,0,1,0,,~019881905S,USD,,,PP,OSANCHEZ
19881905,2026-02-02,HWB,A7,SZX848002,NLU,VCP,86199080015,DSV AIR SEA SA DE CV,36,409.5,409.5,0,0,0,1,0,,~019881905S,USD,,,PP,OSANCHEZ
19881860,2026-02-02,HWB,A7,SZX846533,NLU,VCP,86199080015,DSV AIR SEA SA DE CV,12,56,56,0,0,0,0,0,,~019881860S,USD,,,PP,OSANCHEZ
19881098,2026-02-02,480,A7,00202764,NLU,VCP,86199080015,DSV AIR SEA SA DE CV,86,1803.5,1043.5,10.821,2,3427.6,3427.6,152,,86199080015,USD,,,PP,YMEDINA
19876750,2026-02-02,480,A7,00147066,CGO,SCL,0000009CGO,AWESOME CARGO,91,2213,2213,10.92,1,0.95,0.95,0,,0000009YUT,USD,,HEA,PP,CGOOP1
19876718,2026-02-02,480,A7,00147055,CGO,SCL,0000009CGO,AWESOME CARGO,95,2368,2368,11.4,1,0.95,0.95,0,,0000009YUT,USD,,HEA,PP,CGOOP1
19876685,2026-02-02,480,A7,00147044,CGO,SCL,0000009CGO,AWESOME CARGO,106,2210,2210,11.483,1,0.95,0.95,0,,0000009YUT,USD,,HEA,PP,CGOOP1
19876607,2026-02-02,480,A7,00147033,CGO,SCL,0000009CGO,AWESOME CARGO,99,2329,2329,11.499,1,0.95,0.95,0,,0000009YUT,USD,,HEA,PP,CGOOP1
19876579,2026-02-02,480,A7,00147022,CGO,SCL,0000009CGO,AWESOME CARGO,95,2280,2280,11.4,1,0.95,0.95,0,,0000009YUT,USD,,HEA,PP,CGOOP1
19876490,2026-02-02,480,A7,00147011,CGO,SCL,0000009CGO,AWESOME CARGO,44,625,625,3.657,1,0.95,0.95,0,,0000009YUT,USD,,HEA,PP,CGOOP1
19876451,2026-02-02,480,A7,00147000,CGO,SCL,0000009CGO,AWESOME CARGO,68,1474,1474,7.783,1,0.95,0.95,0,,0000009YUT,USD,,HEA,PP,CGOOP1
19876419,2026-02-02,480,A7,00073080,CGO,SCL,0000009CGO,AWESOME CARGO,104,2406,2406,11.928,1,0.95,0.95,0,,0000009YUT,USD,,HEA,PP,CGOOP1
19876401,2026-02-02,480,A7,00073076,CGO,SCL,0000009CGO,AWESOME CARGO,68,1645,1645,8.16,1,0.95,0.95,0,,0000009YUT,USD,,HEA,PP,CGOOP1
19876378,2026-02-02,480,A7,00145261,CGO,SCL,0000009CGO,AWESOME CARGO,100,2000,1838,12,1,0.95,0.95,0,,0000009FUJ,USD,,HEA,PP,CGOOP1
19876366,2026-02-02,480,A7,00145250,CGO,SCL,0000009CGO,AWESOME CARGO,81,2000,1703,12,1,0.95,0.95,0,,0000009FUJ,USD,,HEA,PP,CGOOP1
19876357,2026-02-02,480,A7,00145246,CGO,SCL,0000009CGO,AWESOME CARGO,97,2000,1939,12,1,0.95,0.95,0,,0000009FUJ,USD,,HEA,PP,CGOOP1
19876324,2026-02-02,480,A7,00145235,CGO,SCL,0000009CGO,AWESOME CARGO,92,2000,1805,12,1,0.95,0.95,0,,0000009FUJ,USD,,HEA,PP,CGOOP1
19876307,2026-02-02,480,A7,00145224,CGO,SCL,0000009CGO,AWESOME CARGO,92,2000,1847,12,1,0.95,0.95,0,,0000009FUJ,USD,,HEA,PP,CGOOP1
19876292,2026-02-02,480,A7,00145213,CGO,SCL,0000009CGO,AWESOME CARGO,94,2000,1731,12,1,0.95,0.95,0,,0000009FUJ,USD,,HEA,PP,CGOOP1
19876268,2026-02-02,480,A7,00145202,CGO,SCL,0000009CGO,AWESOME CARGO,88,2000,1750,12,1,0.95,0.95,0,,0000009FUJ,USD,,HEA,PP,CGOOP1
19876044,2026-02-02,480,A7,00145191,CGO,SCL,0000009CGO,AWESOME CARGO,92,1990,1614,11.939,1,0.95,0.95,0,,0000009FUJ,USD,,HEA,PP,CGOOP1
19875929,2026-02-02,480,A7,00121601,HGH,VCP,0000009CGO,AWESOME CARGO,15,245,245,0.956,1,0.95,0.95,0,,~019875929S,USD,,HEA,PP,HGHOP
19876025,2026-02-02,480,A7,00145180,CGO,SCL,0000009CGO,AWESOME CARGO,94,2000,1783,12,1,0.95,0.95,0,,0000009FUJ,USD,,HEA,PP,CGOOP1
19876009,2026-02-02,480,A7,00145176,CGO,SCL,0000009CGO,AWESOME CARGO,93,2000,1745,12,1,0.95,0.95,0,,0000009FUJ,USD,,HEA,PP,CGOOP1
19875983,2026-02-02,480,A7,00145165,CGO,SCL,0000009CGO,AWESOME CARGO,92,2000,1753,12,1,0.95,0.95,0,,0000009FUJ,USD,,HEA,PP,CGOOP1
19875913,2026-02-02,480,A7,00145154,CGO,SCL,0000009CGO,AWESOME CARGO,18,360,336,2.16,1,0.95,0.95,0,,0000009FUJ,USD,,HEA,PP,CGOOP1
19875866,2026-02-02,480,A7,00102060,HGH,VCP,0000009CGO,AWESOME CARGO,16,2027.5,1900,12.165,1,0.95,0.95,0,,~019875866S,USD,,HEA,PP,HGHOP
19875796,2026-02-02,480,A7,00102023,HGH,VCP,0000009CGO,AWESOME CARGO,1,2112,2112,1.02,1,0.95,0.95,0,,~019875796S,USD,,HEA,PP,HGHOP
19875715,2026-02-02,480,A7,00102034,HGH,VCP,0000009CGO,AWESOME CARGO,4,902.5,183,5.414,1,0.95,0.95,0,,~019875715S,USD,,HEA,PP,HGHOP
19875563,2026-02-02,480,A7,00145143,CGO,SCL,0000009CGO,AWESOME CARGO,108,2001,1380,12.006,1,0.95,0.95,0,,0000009FUJ,USD,,HEA,PP,CGOOP1
19875644,2026-02-02,480,A7,00121590,HGH,VCP,0000009CGO,AWESOME CARGO,3,529,529,2.94,1,0.95,0.95,0,,~019875644S,USD,,HEA,PP,HGHOP
19875628,2026-02-02,480,A7,00145692,HGH,VCP,0000009CGO,AWESOME CARGO,84,1680,1331,10.08,1,0.95,0.95,0,,0000009FAL,USD,,HEA,PP,HGHOP
19875616,2026-02-02,480,A7,00145681,HGH,VCP,0000009CGO,AWESOME CARGO,101,2000,1772,12,1,0.95,0.95,0,,0000009FAL,USD,,HEA,PP,HGHOP
19875598,2026-02-02,480,A7,00145670,HGH,VCP,0000009CGO,AWESOME CARGO,100,2000,1667,12,1,0.95,0.95,0,,0000009FAL,USD,,HEA,PP,HGHOP
19875577,2026-02-02,480,A7,00145666,HGH,VCP,0000009CGO,AWESOME CARGO,100,2000,1789,12,1,0.95,0.95,0,,0000009FAL,USD,,,PP,HGHOP
19875562,2026-02-02,480,A7,00145655,HGH,VCP,0000009CGO,AWESOME CARGO,100,2000,1701,12,1,0.95,0.95,0,,0000009FAL,USD,,,PP,HGHOP
19875548,2026-02-02,480,A7,00145040,HGH,VCP,0000009CGO,AWESOME CARGO,100,2000,1661,12,1,0.95,0.95,0,,0000009FAL,USD,,,PP,HGHOP
19875516,2026-02-02,480,A7,00145132,CGO,SCL,0000009CGO,AWESOME CARGO,92,1987,1640,11.92,1,0.95,0.95,0,,0000009FUJ,USD,,HEA,PP,CGOOP1
19875528,2026-02-02,480,A7,00145036,HGH,VCP,0000009CGO,AWESOME CARGO,100,2000,1648,12,1,0.95,0.95,0,,0000009FAL,USD,,,PP,HGHOP
19875503,2026-02-02,480,A7,00121520,HGH,VCP,0000009CGO,AWESOME CARGO,59,1126,1126,5.921,1,0.95,0.95,0,,0000009HRI,USD,,,PP,HGHOP
19875501,2026-02-02,480,A7,00145121,CGO,SCL,0000009CGO,AWESOME CARGO,95,2000,1784,12,1,0.95,0.95,0,,0000009FUJ,USD,,HEA,PP,CGOOP1
19875491,2026-02-02,480,A7,00121516,HGH,VCP,0000009CGO,AWESOME CARGO,48,1138,1138,5.76,1,0.95,0.95,0,,0000009HRI,USD,,,PP,HGHOP
19875487,2026-02-02,480,A7,00145110,CGO,SCL,0000009CGO,AWESOME CARGO,90,2000,1879,12,1,0.95,0.95,0,,0000009FUJ,USD,,HEA,PP,CGOOP1
19875477,2026-02-02,480,A7,00121505,HGH,VCP,0000009CGO,AWESOME CARGO,48,1139,1139,5.76,1,0.95,0.95,0,,0000009HRI,USD,,,PP,HGHOP
19875462,2026-02-02,480,A7,00145106,CGO,SCL,0000009CGO,AWESOME CARGO,92,2000,1827,12,1,0.95,0.95,0,,0000009FUJ,USD,,HEA,PP,CGOOP1
19875443,2026-02-02,480,A7,00121494,HGH,VCP,0000009CGO,AWESOME CARGO,49,1132,1132,5.88,1,0.95,0.95,0,,0000009HRI,USD,,,PP,HGHOP
19875431,2026-02-02,480,A7,00145084,CGO,SCL,0000009CGO,AWESOME CARGO,84,2000,1714,12,1,0.95,0.95,0,,0000009FUJ,USD,,HEA,PP,CGOOP1
19875420,2026-02-02,480,A7,00121763,HGH,VCP,0000009CGO,AWESOME CARGO,50,1171,1171,6,1,0.95,0.95,0,,0000009HBI,USD,,,PP,HGHOP
19875358,2026-02-02,480,A7,00121752,HGH,VCP,0000009CGO,AWESOME CARGO,61,1140,1140,5.954,1,0.95,0.95,0,,0000009HBI,USD,,,PP,HGHOP
19875256,2026-02-02,480,A7,00121741,HGH,VCP,0000009CGO,AWESOME CARGO,58,1149,1149,5.968,1,0.95,0.95,0,,0000009HBI,USD,,,PP,HGHOP
19875092,2026-02-02,480,A7,00121730,HGH,VCP,0000009CGO,AWESOME CARGO,59,1090,1090,5.968,1,0.95,0.95,0,,0000009HBI,USD,,,PP,HGHOP
19874434,2026-02-02,480,A7,00148013,HGH,NLU,0000009CGO,AWESOME CARGO,91,2000,1824,12,1,0.95,0.95,0,,0000009HRI,USD,,,PP,HGHOP
19874363,2026-02-02,480,A7,00148002,HGH,NLU,0000009CGO,AWESOME CARGO,92,2000,1852,12,1,0.95,0.95,0,,0000009HRI,USD,,,PP,HGHOP
19874327,2026-02-02,480,A7,00145795,HGH,NLU,0000009CGO,AWESOME CARGO,100,1814,1814,10.8,1,0.95,0.95,0,,0000009FAL,USD,,,PP,HGHOP
19874304,2026-02-02,480,A7,00145515,HGH,NLU,0000009CGO,AWESOME CARGO,100,1580,1580,9.4,1,0.95,0.95,0,,0000009FAL,USD,,,PP,HGHOP
19874283,2026-02-02,480,A7,00145504,HGH,NLU,0000009CGO,AWESOME CARGO,101,1924,1924,11.514,1,0.95,0.95,0,,0000009FAL,USD,,,PP,HGHOP
19874272,2026-02-02,480,A7,00145493,HGH,NLU,0000009CGO,AWESOME CARGO,100,1657,1657,9.8,1,0.95,0.95,0,,0000009FAL,USD,,,PP,HGHOP
19874250,2026-02-02,480,A7,00144896,HGH,NLU,0000009CGO,AWESOME CARGO,100,1720,1720,10.2,1,0.95,0.95,0,,0000009FAL,USD,,,PP,HGHOP
19874239,2026-02-02,480,A7,00144992,HGH,NLU,0000009CGO,AWESOME CARGO,100,1587,1587,9.4,1,0.95,0.95,0,,0000009FAL,USD,,,PP,HGHOP
19874230,2026-02-02,480,A7,00144981,HGH,NLU,0000009CGO,AWESOME CARGO,100,1609,1609,9.6,1,0.95,0.95,0,,0000009FAL,USD,,,PP,HGHOP
19874220,2026-02-02,480,A7,00144970,HGH,NLU,0000009CGO,AWESOME CARGO,100,1600,1600,9.6,1,0.95,0.95,0,,0000009FAL,USD,,,PP,HGHOP
19874197,2026-02-02,480,A7,00144966,HGH,NLU,0000009CGO,AWESOME CARGO,100,1460,1460,8.6,1,0.95,0.95,0,,0000009FAL,USD,,,PP,HGHOP
19873936,2026-02-02,480,A7,00144955,HGH,NLU,0000009CGO,AWESOME CARGO,100,1597,1597,9.4,1,0.95,0.95,0,,0000009FAL,USD,,,PP,HGHOP
19873894,2026-02-02,480,A7,00144944,HGH,NLU,0000009CGO,AWESOME CARGO,100,1563,1563,9,1,0.95,0.95,0,,0000009FAL,USD,,,PP,HGHOP
19873883,2026-02-02,480,A7,00144933,HGH,NLU,0000009CGO,AWESOME CARGO,100,2000,1564,12,1,0.95,0.95,0,,0000009FAL,USD,,,PP,HGHOP
19873872,2026-02-02,480,A7,00144922,HGH,NLU,0000009CGO,AWESOME CARGO,100,2000,1426,12,1,0.95,0.95,0,,0000009FAL,USD,,,PP,HGHOP
19873827,2026-02-02,480,A7,00144911,HGH,NLU,0000009CGO,AWESOME CARGO,100,1516,1516,9,1,0.95,0.95,0,,0000009FAL,USD,,,PP,HGHOP
19873660,2026-02-02,480,A7,00144900,HGH,NLU,0000009CGO,AWESOME CARGO,100,1504,1504,9,1,0.95,0.95,0,,0000009FAL,USD,,,PP,HGHOP
19871658,2026-02-02,480,A7,00145073,CGO,SCL,0000009CGO,AWESOME CARGO,112,1990.5,1523,11.942,1,0.95,0.95,0,,0000009FUJ,USD,,HEA,PP,CGOOP1
19866500,2026-02-01,HWB,A7,MEX45006710,NLU,PVG,86199370014,DACHSER DE MEXICO,2,646,646,0,0,0,0,0,,~019866500S,USD,,HEA,PP,DVARGAS
19865889,2026-02-01,HWB,A7,QRO0051815,NLU,PVG,86199080015,DSV AIR SEA SA DE CV,2,269,269,0,0,0,0,0,,~019865889S,USD,,,PP,DVARGAS
19865866,2026-02-01,HWB,A7,MTY0073617,NLU,PVG,86199080015,DSV AIR SEA SA DE CV,4,495,495,0,0,0,0,0,,~019865866S,USD,,,PP,DVARGAS
19865852,2026-02-01,HWB,A7,QRO0051836,NLU,PVG,86199080015,DSV AIR SEA SA DE CV,2,589,589,0,0,0,0,0,,~019865852S,USD,,HEA,PP,DVARGAS
19865808,2026-02-01,HWB,A7,QRO0051811,NLU,PVG,86199080015,DSV AIR SEA SA DE CV,3,703,703,0,0,0,0,0,,~019865808S,USD,,HEA,PP,DVARGAS
19865764,2026-02-01,HWB,A7,S2601567737,NLU,PVG,86100430006,HELLMANN WORLDWIDE LOGISTICS,4,393,393,1.286,0,0,0,0,,~019865764S,USD,,,PP,DVARGAS
19865746,2026-02-01,HWB,A7,MX01541865,NLU,PVG,86100470002,TIBA MEXICO SA DE CV,1,347,347,0.202,0,0,0,0,,~019865746S,USD,,HEA,PP,DVARGAS
19865726,2026-02-01,HWB,A7,S260117885EA,MTY,PVG,86103140001,STANDARD LOGISTICS,4,2960,2960,7.15,0,0,0,0,,~019865726S,MXN,,HEA,PP,DVARGAS
19864874,2026-02-01,480,A7,00116115,SCL,CGO,75100510015,ANDES INTERGACIÓN LOGÍSTICA,100,2151,2151,8.428,2.25,0,0,0,,~019864874S,CLP,,COL PES,PP,System
19864873,2026-02-01,480,A7,00116093,SCL,CGO,75100510015,ANDES INTERGACIÓN LOGÍSTICA,200,4090,4090,16.856,2.25,8742.37,8742.37,0,,~019864873S,CLP,,COL PES,PP,System
19864872,2026-02-01,480,A7,00300462,SCL,CGO,75100510015,ANDES INTERGACIÓN LOGÍSTICA,200,4084,4084,16.856,2.25,8729.55,8729.55,0,,~019864872S,CLP,,COL PES,PP,System
19864865,2026-02-01,480,A7,00116104,SCL,CGO,75100510015,ANDES INTERGACIÓN LOGÍSTICA,200,4065,4065,16.856,2.25,8688.94,8688.94,0,,~019864865S,CLP,,COL PES,PP,System
19864839,2026-02-01,480,A7,00300473,SCL,CGO,75100510015,ANDES INTERGACIÓN LOGÍSTICA,100,2350,2350,8.428,2.25,5023.12,5023.12,0,,~019864839S,CLP,,COL PES,PP,System
19864819,2026-02-01,480,A7,00116082,SCL,CGO,75100510015,ANDES INTERGACIÓN LOGÍSTICA,200,4676,4676,16,2.25,9994.95,9994.95,0,,~019864819S,CLP,,COL PES,PP,System
19864815,2026-02-01,480,A7,00300484,SCL,CGO,75100510015,ANDES INTERGACIÓN LOGÍSTICA,200,5153,5153,16.856,2.25,0,0,0,,~019864815S,CLP,,COL PES,PP,System
19864813,2026-02-01,480,A7,00116126,SCL,CGO,75100510015,ANDES INTERGACIÓN LOGÍSTICA,200,4091,4091,16,2.25,8744.51,8744.51,0,,~019864813S,CLP,,COL PES,PP,System
19862765,2026-02-01,480,A7,00202694,NLU,PVG,86199080015,DSV AIR SEA SA DE CV,11,2056,2056,10.21,0,0.66,0.66,0.59,,86199080015,USD,,HEA,PP,YMEDINA
19861171,2026-02-01,480,A7,00300440,SCL,CGO,75100510015,ANDES INTERGACIÓN LOGÍSTICA,100,2105,2105,8.428,2.35,4699.41,4699.41,0,,~019861171S,CLP,,COL PES,PP,System
19861135,2026-02-01,480,A7,00300451,SCL,CGO,75100510015,ANDES INTERGACIÓN LOGÍSTICA,30,623,623,2.528,2.25,1331.66,1331.66,0,,~019861135S,CLP,,COL PES,PP,System
19861129,2026-02-01,480,A7,00300436,SCL,CGO,75100510015,ANDES INTERGACIÓN LOGÍSTICA,200,4049,4049,16.856,2.25,8654.74,8654.74,0,,~019861129S,CLP,,COL PES,PP,System
19861126,2026-02-01,480,A7,00300425,SCL,CGO,75100510015,ANDES INTERGACIÓN LOGÍSTICA,200,4121,4121,16.856,2.25,8808.64,8808.64,0,,~019861126S,CLP,,COL PES,PP,System
19859076,2026-01-31,480,A7,00296612,MTY,PVG,86103140001,STANDARD LOGISTICS,4,2960,2960,7.15,1.1,3093.2,3093.2,0,,86103140001,MXN,,HEA,PP,YMEDINA
19849310,2026-01-31,480,A7,00262555,NLU,PVG,86100470002,TIBA MEXICO SA DE CV,1,347,347,0.202,1.25,412.06,412.06,18.48,,86100470002,USD,,HEA,PP,YMEDINA
19845649,2026-01-30,480,A7,00252512,NLU,PVG,86199370014,DACHSER DE MEXICO,2,646,646,1.349,1,613.7,613.7,27.39,,86199370014,USD,,HEA,PP,BENRIQUEZ
19845092,2026-01-30,480,A7,00299622,NLU,PVG,86100430006,HELLMANN WORLDWIDE LOGISTICS,4,393,393,1.286,1.1,410.68,410.68,18.42,,86100430006,USD,,,PP,YMEDINA
19837586,2026-01-30,HWB,A7,I270399,GDL,VCP,86114130001,DHL GLOBAL FORWARDING MEXICO SA DE,2,93.5,93.2,0,0,0,1,0,,~019837586S,MXN,,,PP,OSANCHEZ
19821409,2026-01-30,HWB,A7,6007375957,HGH,VCP,0000009CGO,AWESOME CARGO,16,1903,1903,0,0,0,0,0,,~019821409S,USD,,,PP,ABARCENAS
19819754,2026-01-29,HWB,A7,MDF0177297,NLU,VCP,86199080015,DSV AIR SEA SA DE CV,1,25,25,0,0,0,0,0,,~019819754S,USD,,,PP,ABARCENAS
19819603,2026-01-29,480,5Y,00110154,GDL,LAX,99952360001,TRANSPORT ACCION TAC,10,5297,4243,31.782,0.8,4025.72,4025.72,177.98,,99952360001,MXN,,HEA,PP,PTOLEDO
19819512,2026-01-29,HWB,A7,542029995ASM,NLU,VCP,86100330013,C.H. ROBINSON GLOBAL FORWARDING,5,685.5,685.5,0,0,0,0,0,,~019819512S,USD,,,PP,ABARCENAS
19819039,2026-01-29,HWB,A7,SZX847986,NLU,VCP,86199080015,DSV AIR SEA SA DE CV,45,1110.5,1110.5,0,0,0,0,0,,~019819039S,USD,,,PP,ABARCENAS
19819034,2026-01-29,480,A7,00298815,NLU,VCP,86100330013,C.H. ROBINSON GLOBAL FORWARDING,5,685.5,685.5,0.407,2.5,1628.06,1628.06,72.24,,~019819034S,USD,,,PP,YMEDINA
19819070,2026-01-29,480,A7,00282951,VCP,NLU,0000002ATC,ATC AVIATION SERVICES,6,663,662.7,2.373,0,0,0,0,,~019819070S,USD,,,PP,KVIALLI
19818938,2026-01-29,HWB,A7,QRO0051774,NLU,PVG,86199080015,DSV AIR SEA SA DE CV,3,810,665,0,0,0,0,0,,~019818938S,USD,,HEA,PP,SLEDESMA
19818671,2026-01-29,HWB,A7,SZX847985,NLU,VCP,86199080015,DSV AIR SEA SA DE CV,10,101,101,0,0,0,0,0,,~019818671S,USD,,,PP,ABARCENAS
19818531,2026-01-29,480,A7,00202661,NLU,VCP,86199080015,DSV AIR SEA SA DE CV,1,55,25,0.33,9,470.25,470.25,21.05,,86199080015,USD,,,PP,YMEDINA
19818325,2026-01-29,480,5Y,00110165,GDL,LAX,99952360001,TRANSPORT ACCION TAC,2,1116,846,6.695,0.8,848.16,848.16,37.5,,99952360001,MXN,,HEA,PP,PTOLEDO
19817417,2026-01-29,480,A7,00202635,NLU,VCP,86199080015,DSV AIR SEA SA DE CV,55,1933.5,1211.5,11.601,2,3673.65,3673.65,162.77,,86199080015,USD,,,PP,YMEDINA
19815875,2026-01-29,HWB,A7,31144945689,VCP,NLU,0000002ATC,ATC AVIATION SERVICES,8,3550.5,3550.5,0,0,0,0,0,,~019815875S,USD,,HEA,PP,WBORGES
19815625,2026-01-29,HWB,A7,31144945644,VCP,NLU,0000002ATC,ATC AVIATION SERVICES,3,79,69,0,0,0,0,0,,~019815625S,USD,,,PP,WBORGES
19815530,2026-01-29,HWB,A7,31144945645,VCP,NLU,0000002ATC,ATC AVIATION SERVICES,1,187.5,166,0,0,0,0,0,,~019815530S,USD,,HEA,PP,WBORGES
19813313,2026-01-29,HWB,A7,31144945607,VCP,NLU,0000002ATC,ATC AVIATION SERVICES,2,100,91,0,0,0,0,0,,~019813313S,USD,,,PP,WBORGES
19813050,2026-01-29,HWB,A7,1072175101,VCP,NLU,0000002ATC,ATC AVIATION SERVICES,33,10164,7062,0,0,0,0,0,,~019813050S,USD,,HEA,PP,WBORGES
19812303,2026-01-29,HWB,A7,1072198148,VCP,NLU,0000002ATC,ATC AVIATION SERVICES,2,6,0.8,0,0,0,0,0,,~019812303S,USD,,,PP,WBORGES
19812081,2026-01-29,HWB,A7,1072175216,VCP,NLU,0000002ATC,ATC AVIATION SERVICES,23,7084,4825.5,0,0,0,0,0,,~019812081S,USD,,HEA,PP,WBORGES
19808744,2026-01-29,480,A7,00073065,CGO,SCL,0000009CGO,AWESOME CARGO,135,2211,2211,11.966,1,0.95,0.95,0,,0000009YUT,USD,,HEA,PP,CGOOP1
19808703,2026-01-29,480,A7,00073054,CGO,SCL,0000009CGO,AWESOME CARGO,108,2360,2360,11.977,1,0.95,0.95,0,,0000009YUT,USD,,HEA,PP,CGOOP1
19808660,2026-01-29,480,A7,00073043,CGO,SCL,0000009CGO,AWESOME CARGO,100,2387,2387,12,1,0.95,0.95,0,,0000009YUT,USD,,HEA,PP,CGOOP1
19808638,2026-01-29,480,A7,00118005,CGO,SCL,0000009CGO,AWESOME CARGO,100,2457,2457,12,1,0.95,0.95,0,,0000009YUT,USD,,HEA,PP,CGOOP1
19808546,2026-01-29,480,A7,00118053,CGO,SCL,0000009CGO,AWESOME CARGO,100,2363,2363,12,1,0.95,0.95,0,,0000009YUT,USD,,HEA,PP,CGOOP1
19808368,2026-01-29,480,A7,00118031,CGO,SCL,0000009CGO,AWESOME CARGO,33,750,750,3.882,1,0.95,0.95,0,,0000009YUT,USD,,HEA,PP,CGOOP1
19808170,2026-01-29,480,A7,00118016,CGO,SCL,0000009CGO,AWESOME CARGO,100,2423,2423,12,1,0.95,0.95,0,,0000009YUT,USD,,HEA,PP,CGOOP1
19808121,2026-01-29,480,A7,00144885,CGO,NLU,0000009CGO,AWESOME CARGO,100,2000,1459,12,1,0.95,0.95,0,,0000009FUJ,USD,,HEA,PP,CGOOP1
19808110,2026-01-29,480,A7,00144874,CGO,NLU,0000009CGO,AWESOME CARGO,100,2000,1578,12,1,0.95,0.95,0,,0000009FUJ,USD,,HEA,PP,CGOOP1
19808086,2026-01-29,480,A7,00144863,CGO,NLU,0000009CGO,AWESOME CARGO,100,2000,1590,12,1,0.95,0.95,0,,0000009FUJ,USD,,HEA,PP,CGOOP1
19808009,2026-01-29,480,A7,00144056,CGO,SCL,0000009CGO,AWESOME CARGO,86,2000,1913,12,1,0.95,0.95,0,,0000009FUJ,USD,,HEA,PP,CGOOP1
19807976,2026-01-29,480,A7,00144045,CGO,SCL,0000009CGO,AWESOME CARGO,92,2000,1779,12,1,0.95,0.95,0,,0000009FUJ,USD,,HEA,PP,CGOOP1
19807918,2026-01-29,480,A7,00144034,CGO,SCL,0000009CGO,AWESOME CARGO,89,1984,1575,11.904,1,0.95,0.95,0,,0000009FUJ,USD,,HEA,PP,CGOOP1
19807771,2026-01-29,480,A7,00144023,CGO,SCL,0000009CGO,AWESOME CARGO,108,1991,1572,11.946,1,0.95,0.95,0,,0000009FUJ,USD,,HEA,PP,CGOOP1
19807578,2026-01-29,480,A7,00144012,CGO,SCL,0000009CGO,AWESOME CARGO,94,2000,1786,12,1,0.95,0.95,0,,0000009FUJ,USD,,HEA,PP,CGOOP1
19807437,2026-01-29,480,A7,00144001,CGO,SCL,0000009CGO,AWESOME CARGO,101,1986.5,1572,11.918,1,0.95,0.95,0,,0000009FUJ,USD,,HEA,PP,CGOOP1
19807406,2026-01-29,480,A7,00143990,CGO,SCL,0000009CGO,AWESOME CARGO,82,2000,1671,12,1,0.95,0.95,0,,0000009FUJ,USD,,HEA,PP,CGOOP1
19807335,2026-01-29,480,A7,00143986,CGO,SCL,0000009CGO,AWESOME CARGO,92,2000,1772,12,1,0.95,0.95,0,,0000009FUJ,USD,,HEA,PP,CGOOP1
19807298,2026-01-29,480,A7,00143975,CGO,SCL,0000009CGO,AWESOME CARGO,98,2000,1985,12,1,0.95,0.95,0,,0000009FUJ,USD,,HEA,PP,CGOOP1
19807285,2026-01-29,480,A7,00143964,CGO,SCL,0000009CGO,AWESOME CARGO,84,2000,1698,12,1,0.95,0.95,0,,0000009FUJ,USD,,HEA,PP,CGOOP1
19807273,2026-01-29,480,A7,00143953,CGO,SCL,0000009CGO,AWESOME CARGO,86,2000,1740,12,1,0.95,0.95,0,,0000009FUJ,USD,,HEA,PP,CGOOP1
19807255,2026-01-29,480,A7,00143942,CGO,SCL,0000009CGO,AWESOME CARGO,87,2000,1805,12,1,0.95,0.95,0,,0000009FUJ,USD,,HEA,PP,CGOOP1
19807236,2026-01-29,480,A7,00143931,CGO,SCL,0000009CGO,AWESOME CARGO,98,2000,1770,12,1,0.95,0.95,0,,0000009FUJ,USD,,HEA,PP,CGOOP1
19807202,2026-01-29,480,A7,00143920,CGO,SCL,0000009CGO,AWESOME CARGO,92,2000,1694,12,1,0.95,0.95,0,,0000009FUJ,USD,,HEA,PP,CGOOP1
19807137,2026-01-29,480,A7,00143916,CGO,SCL,0000009CGO,AWESOME CARGO,93,2000,1770,12,1,0.95,0.95,0,,0000009FUJ,USD,,HEA,PP,CGOOP1
19807124,2026-01-29,480,A7,00143905,CGO,SCL,0000009CGO,AWESOME CARGO,90,2000,1741,12,1,0.95,0.95,0,,0000009FUJ,USD,,HEA,PP,CGOOP1
19807065,2026-01-29,480,A7,00143894,CGO,SCL,0000009CGO,AWESOME CARGO,99,2000,1786,12,1,0.95,0.95,0,,0000009FUJ,USD,,HEA,PP,CGOOP1
19807042,2026-01-29,480,A7,00143883,CGO,SCL,0000009CGO,AWESOME CARGO,93,2000,1722,12,1,0.95,0.95,0,,0000009FUJ,USD,,HEA,PP,CGOOP1
19806911,2026-01-29,480,A7,00143872,CGO,SCL,0000009CGO,AWESOME CARGO,94,2000,1762,12,1,0.95,0.95,0,,0000009FUJ,USD,,HEA,PP,CGOOP1
19805908,2026-01-29,480,A7,00143861,CGO,SCL,0000009CGO,AWESOME CARGO,98,2000,1782,12,1,0.95,0.95,0,,0000009FUJ,USD,,HEA,PP,CGOOP1
19801634,2026-01-29,HWB,A7,EA2600054,MTY,CGO,99953520026,HENCO GLOBAL SA DE CV,2,380,380,0,0,0,0,0,,~019801634S,USD,,HEA,PP,ABARCENAS
19801485,2026-01-29,HWB,A7,MEX0065896,NLU,PVG,86199080015,DSV AIR SEA SA DE CV,1,97,96.8,0,0,0,0,0,,~019801485S,USD,,,PP,ABARCENAS
19801456,2026-01-29,HWB,A7,MEX0065892,NLU,PVG,86199080015,DSV AIR SEA SA DE CV,4,691.5,691.4,0,0,0,0,0,,~019801456S,USD,,HEA,PP,ABARCENAS
19801403,2026-01-29,HWB,A7,QRO0051734,NLU,PVG,86199080015,DSV AIR SEA SA DE CV,1,33,33,0,0,0,0,0,,~019801403S,USD,,,PP,ABARCENAS
19801351,2026-01-29,HWB,A7,QRO0051769,NLU,PVG,86199080015,DSV AIR SEA SA DE CV,1,430,430,0,0,0,0,0,,~019801351S,USD,,HEA,PP,ABARCENAS
19801305,2026-01-29,HWB,A7,QRO0051560,NLU,PVG,86199080015,DSV AIR SEA SA DE CV,1,101.5,101.2,0,0,0,0,0,,~019801305S,USD,,,PP,ABARCENAS
19801274,2026-01-29,HWB,A7,MTY0073565,NLU,PVG,86199080015,DSV AIR SEA SA DE CV,2,220,219.8,0,0,0,0,0,,~019801274S,USD,,,PP,ABARCENAS
19800410,2026-01-28,480,A7,00207524,GDL,VCP,86114130001,DHL GLOBAL FORWARDING MEXICO SA DE,2,189.5,93.2,1.136,0,492.7,492.7,0,,86114130001,MXN,,,PP,PTOLEDO
19800338,2026-01-28,480,A7,00202646,NLU,PVG,86199080015,DSV AIR SEA SA DE CV,10,1916.5,1916.2,9.528,0,0,0,0,,86199080015,USD,,HEA,PP,YMEDINA
19798470,2026-01-28,480,A7,00247682,MTY,CGO,99953520026,HENCO GLOBAL SA DE CV,2,480,380,2.88,1.6,0,768,0,,~019798470S,USD,,HEA,PP,YMEDINA
19792105,2026-01-28,480,A7,00144852,HGH,NLU,0000009CGO,AWESOME CARGO,100,2100,1475,12.6,1,0.95,0.95,0,,0000009FUJ,USD,,,PP,HGHOP
19791872,2026-01-28,480,A7,00144841,HGH,NLU,0000009CGO,AWESOME CARGO,100,2100,1413,12.6,1,0.95,0.95,0,,0000009FUJ,USD,,,PP,HGHOP
19791862,2026-01-28,480,A7,00144830,HGH,NLU,0000009CGO,AWESOME CARGO,100,2100,1629,12.6,1,0.95,0.95,0,,0000009FUJ,USD,,,PP,HGHOP
19791848,2026-01-28,480,A7,00144826,HGH,NLU,0000009CGO,AWESOME CARGO,100,2100,1369,12.6,1,0.95,0.95,0,,0000009FUJ,USD,,,PP,HGHOP
19791824,2026-01-28,480,A7,00144815,HGH,NLU,0000009CGO,AWESOME CARGO,100,2100,1307,12.6,1,0.95,0.95,0,,0000009FUJ,USD,,,PP,HGHOP
19791807,2026-01-28,480,A7,00144804,HGH,NLU,0000009CGO,AWESOME CARGO,100,2100,1535,12.6,1,0.95,0.95,0,,0000009FUJ,USD,,,PP,HGHOP
19791794,2026-01-28,480,A7,00144793,HGH,NLU,0000009CGO,AWESOME CARGO,100,2100,1564,12.6,1,0.95,0.95,0,,0000009FUJ,USD,,,PP,HGHOP
19791767,2026-01-28,480,A7,00144782,HGH,NLU,0000009CGO,AWESOME CARGO,100,2100,1372,12.6,1,0.95,0.95,0,,0000009FUJ,USD,,,PP,HGHOP
19791746,2026-01-28,480,A7,00144771,HGH,NLU,0000009CGO,AWESOME CARGO,100,2100,1479,12.6,1,0.95,0.95,0,,0000009FUJ,USD,,,PP,HGHOP
19791642,2026-01-28,480,A7,00144760,HGH,NLU,0000009CGO,AWESOME CARGO,100,2100,1530,12.6,1,0.95,0.95,0,,0000009FUJ,USD,,,PP,HGHOP
19791626,2026-01-28,480,A7,00144756,HGH,NLU,0000009CGO,AWESOME CARGO,100,2100,1474,12.6,1,0.95,0.95,0,,0000009FUJ,USD,,,PP,HGHOP
19791597,2026-01-28,480,A7,00144745,HGH,NLU,0000009CGO,AWESOME CARGO,100,2100,1358,12.6,1,0.95,0.95,0,,0000009FUJ,USD,,,PP,HGHOP
19791572,2026-01-28,480,A7,00144734,HGH,NLU,0000009CGO,AWESOME CARGO,100,2100,1512,12.6,1,0.95,0.95,0,,0000009FUJ,USD,,,PP,HGHOP
19791559,2026-01-28,480,A7,00144723,HGH,NLU,0000009CGO,AWESOME CARGO,100,2100,1572,12.6,1,0.95,0.95,0,,0000009FUJ,USD,,,PP,HGHOP
19791536,2026-01-28,480,A7,00144712,HGH,NLU,0000009CGO,AWESOME CARGO,100,2100,1312,12.6,1,0.95,0.95,0,,0000009FUJ,USD,,,PP,HGHOP
19791523,2026-01-28,480,A7,00144701,HGH,NLU,0000009CGO,AWESOME CARGO,100,2100,1431,12.6,1,0.95,0.95,0,,0000009FUJ,USD,,,PP,HGHOP
19791396,2026-01-28,480,A7,00144690,HGH,NLU,0000009CGO,AWESOME CARGO,100,2100,1422,12.6,1,0.95,0.95,0,,0000009FUJ,USD,,,PP,HGHOP
19791381,2026-01-28,480,A7,00144686,HGH,NLU,0000009CGO,AWESOME CARGO,100,2100,1806,12.6,1,0.95,0.95,0,,0000009FUJ,USD,,,PP,HGHOP
19791354,2026-01-28,480,A7,00121833,HGH,NLU,0000009CGO,AWESOME CARGO,95,2100,1837,12.6,1,0.95,0.95,0,,0000009HYT,USD,,,PP,HGHOP
19791292,2026-01-28,480,A7,00121192,HGH,NLU,0000009CGO,AWESOME CARGO,138,2760,2745,16.56,1,0.95,0.95,0,,0000009HYT,USD,,,PP,HGHOP
19791214,2026-01-28,480,A7,00121800,HGH,NLU,0000009CGO,AWESOME CARGO,100,2000,1985,12,1,0.95,0.95,0,,0000009HRI,USD,,,PP,HGHOP
19791184,2026-01-28,480,A7,00121796,HGH,NLU,0000009CGO,AWESOME CARGO,100,2100,2014,12.6,1,0.95,0.95,0,,0000009HRI,USD,,,PP,HGHOP
19791146,2026-01-28,480,A7,00121785,HGH,NLU,0000009CGO,AWESOME CARGO,52,2100,1172,12.6,1,0.95,0.95,0,,0000009SZP,USD,,,PP,HGHOP
19791010,2026-01-28,480,A7,00121774,HGH,NLU,0000009CGO,AWESOME CARGO,105,2211,2211,12.6,1,0.95,0.95,0,,0000009SZP,USD,,,PP,HGHOP
19789519,2026-01-28,480,A7,00102130,HGH,VCP,0000009CGO,AWESOME CARGO,16,1903,1903,5.16,1,0.95,0.95,0,,0000009UPS,USD,,,PP,HGHOP
19789433,2026-01-28,480,A7,00145025,HGH,VCP,0000009CGO,AWESOME CARGO,100,1573,1573,5.16,1,0.95,0.95,0,,0000009FUJ,USD,,,PP,HGHOP
19789375,2026-01-28,480,A7,00145014,HGH,VCP,0000009CGO,AWESOME CARGO,100,1563,1563,5.16,1,0.95,0.95,0,,0000009FUJ,USD,,,PP,HGHOP
19789338,2026-01-28,480,A7,00145003,HGH,VCP,0000009CGO,AWESOME CARGO,100,1693,1693,5.16,1,0.95,0.95,0,,0000009FUJ,USD,,,PP,HGHOP
19789322,2026-01-28,480,A7,00121586,HGH,VCP,0000009CGO,AWESOME CARGO,48,970,970,5.16,1,0.95,0.95,0,,0000009HBI,USD,,,PP,HGHOP
19789303,2026-01-28,480,A7,00121575,HGH,VCP,0000009CGO,AWESOME CARGO,65,964,964,5.16,1,0.95,0.95,0,,0000009HBI,USD,,,PP,HGHOP
19789257,2026-01-28,480,A7,00121564,HGH,VCP,0000009CGO,AWESOME CARGO,42,969,969,5.16,1,0.95,0.95,0,,0000009HBI,USD,,,PP,HGHOP
19787209,2026-01-28,480,A7,00121553,HGH,VCP,0000009CGO,AWESOME CARGO,43,970,970,5.16,1,0.95,0.95,0,,0000009HBI,USD,,,PP,HGHOP
19784357,2026-01-28,480,6R,00116045,SCL,CGO,75100510015,ANDES INTERGACIÓN LOGÍSTICA,200,4574,4574,16.856,2.25,0,0,0,,~019784357S,CLP,,COL PES,PP,System
19784347,2026-01-28,480,6R,00116056,SCL,CGO,75100510015,ANDES INTERGACIÓN LOGÍSTICA,200,4067,4067,16.856,2.25,0,0,0,,~019784347S,CLP,,COL PES,PP,System
19784003,2026-01-27,480,A7,00116060,SCL,CGO,75100510015,ANDES INTERGACIÓN LOGÍSTICA,200,4250,4250,16.856,2.25,0,0,0,,~019784003S,CLP,,COL PES,PP,System
19783983,2026-01-27,480,6R,00116034,SCL,CGO,75100510015,ANDES INTERGACIÓN LOGÍSTICA,100,2111,2111,8.428,2.25,0,0,0,,~019783983S,CLP,,COL PES,PP,System
19783979,2026-01-27,480,6R,00116001,SCL,CGO,75100510015,ANDES INTERGACIÓN LOGÍSTICA,100,2700,2700,8.428,2.25,0,0,0,,~019783979S,CLP,,COL PES,PP,System
19783973,2026-01-27,480,6R,00116071,SCL,CGO,75100510015,ANDES INTERGACIÓN LOGÍSTICA,200,4084,4084,16.856,2.25,0,0,0,,~019783973S,CLP,,COL PES,PP,System
19783941,2026-01-27,480,A7,00115964,SCL,CGO,75100510015,ANDES INTERGACIÓN LOGÍSTICA,200,4106,4106,16.856,2.25,0,0,0,,~019783941S,CLP,,COL PES,PP,System
19783930,2026-01-27,480,A7,00116012,SCL,CGO,75100510015,ANDES INTERGACIÓN LOGÍSTICA,200,5349,5349,16.856,2.25,11433.49,11433.49,0,,~019783930S,CLP,,COL PES,PP,System
19783793,2026-01-27,480,6R,00116023,SCL,CGO,75100510015,ANDES INTERGACIÓN LOGÍSTICA,200,5341,5341,16.856,2.25,0,0,0,,~019783793S,CLP,,COL PES,PP,System
19781437,2026-01-27,480,A7,00282564,VCP,NLU,0000002ATC,ATC AVIATION SERVICES,2,888,887.6,1.8,0,0,0,0,,~019781437S,USD,,HEA,PP,KVIALLI
19776192,2026-01-27,HWB,A7,1072137535,NLU,PEK,86102310092,KUEHNE + NAGEL FORWARDING,2,246,246,0,0,0,0,0,,~019776192S,USD,,,PP,JCAMPOS
19776243,2026-01-27,HWB,A7,CUU0029601,NLU,PEK,86199080015,DSV AIR SEA SA DE CV,5,597.5,597.5,0,0,0,0,0,,~019776004S,USD,,,PP,OSANCHEZ
19776226,2026-01-27,HWB,A7,CUU0029603,NLU,PEK,86199080015,DSV AIR SEA SA DE CV,5,600,600,0,0,0,0,0,,~019776004S,USD,,,PP,OSANCHEZ
19776188,2026-01-27,HWB,A7,CUU0029604,NLU,PEK,86199080015,DSV AIR SEA SA DE CV,5,600,600,0,0,0,0,0,,~019776004S,USD,,,PP,OSANCHEZ
19776141,2026-01-27,HWB,A7,CUU0029602,NLU,PEK,86199080015,DSV AIR SEA SA DE CV,5,617.5,617.5,0,0,0,0,0,,~019776004S,USD,,,PP,OSANCHEZ
19776004,2026-01-27,HWB,6R,CUU0029600,NLU,PEK,86199080015,DSV AIR SEA SA DE CV,1,119.5,119.5,0,0,0,0,0,,~019776004S,USD,,,PP,OSANCHEZ
19775545,2026-01-27,HWB,A7,MX01541490,NLU,PVG,86100470002,TIBA MEXICO SA DE CV,2,615,615,0,0,0,0,0,,~019775545S,USD,,HEA,PP,OSANCHEZ
19761516,2026-01-26,480,A7,00139182,VCP,NLU,0000002ATC,ATC AVIATION SERVICES,26,15600,15600,49.92,0,0,0,0,,~019761516S,USD,,HEA HEG,PP,KVIALLI
19760289,2026-01-26,480,A7,00282936,VCP,NLU,0000002ATC,ATC AVIATION SERVICES,2,91,91,0.43,0,0,0,0,,~019760289S,USD,,,PP,KVIALLI
19745535,2026-01-25,480,ET,00202204,NLU,BOG,0000009ETH,ETHIOPIAN CARGO,9,6421,6421,11.928,0.85,5184.96,5184.96,229.23,,,USD,,HEA,PP,JVALDOS
19745511,2026-01-25,480,ET,00202355,NLU,BOG,0000009ETH,ETHIOPIAN CARGO,22,3323.5,902,14.659,0.5,1578.66,1578.66,69.79,,,USD,,,PP,JVALDOS
19745498,2026-01-25,480,ET,00266490,NLU,BOG,86100470002,TIBA MEXICO SA DE CV,2,771,771,4.06,0,0.57,0.57,0.03,,,USD,,HEA,PP,JVALDOS
19745474,2026-01-25,480,ET,00202020,NLU,BOG,0000009ETH,ETHIOPIAN CARGO,1,418,383,2.501,0,0.76,0.76,0.03,,86190110020,USD,,HEA,PP,JVALDOS
19742553,2026-01-25,480,A7,00073032,CGO,SCL,0000009CGO,AWESOME CARGO,11,485,485,1.32,1,0.95,0.95,0,,~019742553S,USD,,HEA,PP,CGOOP1
19742549,2026-01-25,480,A7,00144174,CGO,SCL,0000009CGO,AWESOME CARGO,112,2600,2182,15.6,1,0.95,0.95,0,,0000009YUT,USD,,HEA,PP,CGOOP1
19742538,2026-01-25,480,A7,00144163,CGO,SCL,0000009CGO,AWESOME CARGO,127,2708,2708,15.24,1,0.95,0.95,0,,0000009YUT,USD,,HEA,PP,CGOOP1
19742534,2026-01-25,480,A7,00144152,CGO,SCL,0000009CGO,AWESOME CARGO,167,3911,3911,20.04,1,0.95,0.95,0,,0000009YUT,USD,,HEA,PP,CGOOP1
19742523,2026-01-25,480,A7,00144141,CGO,SCL,0000009CGO,AWESOME CARGO,168,3998,3998,20.16,1,0.95,0.95,0,,0000009YUT,USD,,HEA,PP,CGOOP1
19741534,2026-01-25,480,A7,00145482,CGO,SCL,0000009CGO,AWESOME CARGO,47,940,658,5.64,1,0.95,0.95,0,,0000009FUJ,USD,,HEA,PP,CGOOP1
19741531,2026-01-25,480,A7,00145471,CGO,SCL,0000009CGO,AWESOME CARGO,92,2000,1776,12,1,0.95,0.95,0,,0000009FUJ,USD,,HEA,PP,CGOOP1
19741526,2026-01-25,480,A7,00143850,CGO,SCL,0000009CGO,AWESOME CARGO,86,2000,1891,12,1,0.95,0.95,0,,0000009FUJ,USD,,HEA,PP,CGOOP1
19741522,2026-01-25,480,A7,00143846,CGO,SCL,0000009CGO,AWESOME CARGO,106,2240,1564,13.44,1,0.95,0.95,0,,0000009FUJ,USD,,HEA,PP,CGOOP1
19741518,2026-01-25,480,A7,00143835,CGO,SCL,0000009CGO,AWESOME CARGO,91,2000,1758,12,1,0.95,0.95,0,,0000009FUJ,USD,,HEA,PP,CGOOP1
19741515,2026-01-25,480,A7,00143824,CGO,SCL,0000009CGO,AWESOME CARGO,99,2000,1981,12,1,0.95,0.95,0,,0000009FUJ,USD,,HEA,PP,CGOOP1
19741511,2026-01-25,480,A7,00143813,CGO,SCL,0000009CGO,AWESOME CARGO,86,2000,1708,12,1,0.95,0.95,0,,0000009FUJ,USD,,HEA,PP,CGOOP1
19741507,2026-01-25,480,A7,00143802,CGO,SCL,0000009CGO,AWESOME CARGO,92,2000,1772,12,1,0.95,0.95,0,,0000009FUJ,USD,,HEA,PP,CGOOP1
19741503,2026-01-25,480,A7,00143791,CGO,SCL,0000009CGO,AWESOME CARGO,99,2000,1846,12,1,0.95,0.95,0,,0000009FUJ,USD,,HEA,PP,CGOOP1
19741498,2026-01-25,480,A7,00143780,CGO,SCL,0000009CGO,AWESOME CARGO,90,2000,1807,12,1,0.95,0.95,0,,0000009FUJ,USD,,HEA,PP,CGOOP1
19741495,2026-01-25,480,A7,00143776,CGO,SCL,0000009CGO,AWESOME CARGO,96,2060,1819,12.36,1,0.95,0.95,0,,0000009FUJ,USD,,HEA,PP,CGOOP1
19741493,2026-01-25,480,A7,00143765,CGO,SCL,0000009CGO,AWESOME CARGO,84,2000,1703,12,1,0.95,0.95,0,,0000009FUJ,USD,,HEA,PP,CGOOP1
19741489,2026-01-25,480,A7,00143754,CGO,SCL,0000009CGO,AWESOME CARGO,99,2000,1962,12,1,0.95,0.95,0,,0000009FUJ,USD,,HEA,PP,CGOOP1
19741486,2026-01-25,480,A7,00143743,CGO,SCL,0000009CGO,AWESOME CARGO,100,2000,1786,12,1,0.95,0.95,0,,0000009FUJ,USD,,HEA,PP,CGOOP1
19741484,2026-01-25,480,A7,00143732,CGO,SCL,0000009CGO,AWESOME CARGO,100,2000,1817,12,1,0.95,0.95,0,,0000009FUJ,USD,,HEA,PP,CGOOP1
19741482,2026-01-25,480,A7,00143721,CGO,SCL,0000009CGO,AWESOME CARGO,100,2000,1798,12,1,0.95,0.95,0,,0000009FUJ,USD,,HEA,PP,CGOOP1
19741476,2026-01-25,480,A7,00143710,CGO,SCL,0000009CGO,AWESOME CARGO,93,2000,1738,12,1,0.95,0.95,0,,0000009FUJ,USD,,HEA,PP,CGOOP1
19741473,2026-01-25,480,A7,00143706,CGO,SCL,0000009CGO,AWESOME CARGO,106,2120,1597,12.72,1,0.95,0.95,0,,0000009FUJ,USD,,HEA,PP,CGOOP1
19741469,2026-01-25,480,A7,00143695,CGO,SCL,0000009CGO,AWESOME CARGO,104,2080,1710,12.48,1,0.95,0.95,0,,0000009FUJ,USD,,HEA,PP,CGOOP1
19741464,2026-01-25,480,A7,00143684,CGO,SCL,0000009CGO,AWESOME CARGO,91,1820,1810,10.92,1,0.95,0.95,0,,0000009FUJ,USD,,HEA,PP,CGOOP1
19741460,2026-01-25,480,A7,00143673,CGO,SCL,0000009CGO,AWESOME CARGO,108,2860,1655,17.16,1,0.95,0.95,0,,0000009FUJ,USD,,HEA,PP,CGOOP1
19741443,2026-01-25,480,A7,00143662,CGO,SCL,0000009CGO,AWESOME CARGO,100,2000,1902,12,1,0.95,0.95,0,,0000009FUJ,USD,,HEA,PP,CGOOP1
19730003,2026-01-24,480,6R,00115850,SCL,CGO,75100510015,ANDES INTERGACIÓN LOGÍSTICA,200,4164,4164,16.856,2.25,0,0,0,,~019730003S,CLP,,COL PES,PP,System
19729544,2026-01-24,480,6R,00115953,SCL,CGO,75100510015,ANDES INTERGACIÓN LOGÍSTICA,100,2260,2260,8.428,2.25,0,0,0,,~019729544S,CLP,,PES COL,PP,System
19729525,2026-01-24,480,6R,00115986,SCL,CGO,75100510015,ANDES INTERGACIÓN LOGÍSTICA,200,4726,4726,16.856,2.25,0,0,0,,~019729525S,CLP,,COL PES,PP,System
19729501,2026-01-24,480,6R,00115920,SCL,CGO,75100510015,ANDES INTERGACIÓN LOGÍSTICA,200,4154,4154,16.856,2.25,0,0,0,,~019729501S,CLP,,COL PER PES,PP,System
19729386,2026-01-24,480,A7,00202705,NLU,PEK,86199080015,DSV AIR SEA SA DE CV,21,7360.5,2534.5,44.162,0.7,4894.73,4894.73,217.06,,86199080015,USD,,,PP,YMEDINA
19729453,2026-01-24,480,6R,00115916,SCL,CGO,75100510015,ANDES INTERGACIÓN LOGÍSTICA,200,4182,4182,16.856,2.25,0,0,0,,~019729453S,CLP,,COL PES,PP,System
19729303,2026-01-24,480,A7,00237731,NLU,PEK,86102310092,KUEHNE + NAGEL FORWARDING,2,651,246,3.906,1.3,804.6,804.6,35.83,,86102310092,USD,,,PP,YMEDINA
19729185,2026-01-24,480,A7,00202716,NLU,PVG,86199080015,DSV AIR SEA SA DE CV,3,672,321,4.032,2.5,1596,1596,70.92,,86199080015,USD,,,PP,YMEDINA
19729122,2026-01-24,480,A7,00262544,NLU,PVG,86100470002,TIBA MEXICO SA DE CV,2,615,615,0.384,1,584.25,584.25,26.09,,86100470002,USD,,HEA,PP,YMEDINA
19729121,2026-01-24,480,6R,00115931,SCL,CGO,75100510015,ANDES INTERGACIÓN LOGÍSTICA,200,4613,4613,16.856,2.25,0,0,0,,~019729121S,CLP,,COL PES,PP,System
19729094,2026-01-24,480,6R,00115894,SCL,CGO,75100510015,ANDES INTERGACIÓN LOGÍSTICA,200,5411,5411,16.856,2.25,0,0,0,,~019729094S,CLP,,COL PES,PP,System
19729021,2026-01-24,480,6R,00115905,SCL,CGO,75100510015,ANDES INTERGACIÓN LOGÍSTICA,200,4003,4003,16.856,2.25,0,0,0,,~019729021S,CLP,,COL PES,PP,System
19728987,2026-01-24,480,6R,00115883,SCL,CGO,75100510015,ANDES INTERGACIÓN LOGÍSTICA,98,2078,2078,8.259,2.25,0,0,0,,~019728987S,CLP,,COL PES,PP,System
19728919,2026-01-24,480,6R,00115872,SCL,CGO,75100510015,ANDES INTERGACIÓN LOGÍSTICA,100,2441,2441,8.428,2.25,0,0,0,,~019728919S,CLP,,COL PES,PP,System
19728903,2026-01-24,480,6R,00115990,SCL,CGO,75100510015,ANDES INTERGACIÓN LOGÍSTICA,100,2356,2356,8.428,2.25,0,0,0,,~019728903S,CLP,,COL PES,PP,System
19728875,2026-01-24,480,6R,00115861,SCL,CGO,75100510015,ANDES INTERGACIÓN LOGÍSTICA,200,4200,4200,16.856,2.25,0,0,0,,~019728875S,CLP,,COL PES,PP,System
19728827,2026-01-24,480,6R,00115942,SCL,CGO,75100510015,ANDES INTERGACIÓN LOGÍSTICA,100,2089,2089,8.428,2.25,0,0,0,,~019728827S,CLP,,COL PES,PP,System
19728732,2026-01-24,480,ET,00202064,GDL,CCS,0000009ETH,ETHIOPIAN CARGO,9,629,482.5,3.772,4.8,3019.2,3019.2,120.77,,86199080015,MXN,,,PP,PTOLEDO
19728711,2026-01-24,480,ET,00202005,GDL,CCS,0000009ETH,ETHIOPIAN CARGO,8,408.5,400.4,2.451,4.8,2978.4,2978.4,0,,86199080015,MXN,,,PP,PTOLEDO
19728687,2026-01-24,480,ET,00201994,GDL,CCS,0000009ETH,ETHIOPIAN CARGO,8,384.5,203.9,2.306,4.8,1845.6,1845.6,73.82,,86199080015,MXN,,,PP,PTOLEDO
19725739,2026-01-23,HWB,A7,AGL20260033,VCP,NLU,0000002ATC,ATC AVIATION SERVICES,3,1380,1380,0,0,0,0,0,,~019725739S,USD,,HEA,PP,VMONTEIRO
19725667,2026-01-23,HWB,A7,1072173651,VCP,NLU,0000002ATC,ATC AVIATION SERVICES,3,649,649,0,0,0,0,0,,~019725667S,USD,,HEA,PP,VMAXIMO
19725621,2026-01-23,HWB,A7,1072108324,VCP,NLU,0000002ATC,ATC AVIATION SERVICES,17,2691,920,0,0,0,0,0,,~019725621S,USD,,,PP,VMAXIMO
19725478,2026-01-23,HWB,A7,1072169058,VCP,NLU,0000002ATC,ATC AVIATION SERVICES,9,589,334.1,0,0,0,0,0,,~019725478S,USD,,,PP,VMAXIMO
19724858,2026-01-23,HWB,A7,I171464,VCP,NLU,0000002ATC,ATC AVIATION SERVICES,2,1231.5,1231.2,0,0,0,0,0,,~019724858S,USD,,HEA,PP,VMAXIMO
19724350,2026-01-23,HWB,A7,I171518,VCP,NLU,0000002ATC,ATC AVIATION SERVICES,1,616,615.6,0,0,0,0,0,,~019724350S,USD,,HEA,PP,VMAXIMO
19723367,2026-01-23,HWB,A7,ITJ0000218,VCP,NLU,0000002ATC,ATC AVIATION SERVICES,5,57.5,30,0,0,0,0,0,,~019723367S,USD,,,PP,WBORGES
19722677,2026-01-23,HWB,A7,CWB0019773,VCP,NLU,0000002ATC,ATC AVIATION SERVICES,3,150.5,150.4,0,0,0,0,0,,~019722677S,USD,,,PP,WBORGES
19722606,2026-01-23,HWB,A7,S2601552668,VCP,NLU,0000002ATC,ATC AVIATION SERVICES,9,1860,1053.5,0,0,0,0,0,,~019722606S,USD,,,PP,WBORGES
19722590,2026-01-23,HWB,A7,CWB0019772,VCP,NLU,0000002ATC,ATC AVIATION SERVICES,1,117.5,117.4,0,0,0,0,0,,~019722590S,USD,,,PP,WBORGES
19722466,2026-01-23,HWB,A7,S2601555311,VCP,NLU,0000002ATC,ATC AVIATION SERVICES,2,1244,1244,0,0,0,0,0,,~019722466S,USD,,HEA,PP,VMAXIMO
19722480,2026-01-23,HWB,A7,CWB0019916,VCP,NLU,0000002ATC,ATC AVIATION SERVICES,4,2920,2920,0,0,0,0,0,,~019722480S,USD,,HEA,PP,WBORGES
19719044,2026-01-23,480,A7,00282925,VCP,NLU,0000002ATC,ATC AVIATION SERVICES,12,3785.5,3785.5,6.688,0,0,0,0,,~019719044S,USD,,HEA,PP,KVIALLI
19718554,2026-01-23,480,A7,00282892,VCP,NLU,0000002ATC,ATC AVIATION SERVICES,7,2883.5,2883.3,10.08,0,0,0,0,,~019718554S,USD,,HEA,PP,KVIALLI
19718201,2026-01-23,HWB,A7,000070126TEA,VCP,NLU,0000002ATC,ATC AVIATION SERVICES,10,10478,10478,0,0,0,0,0,,~019718201S,USD,,HEA,PP,VMAXIMO
19718021,2026-01-23,HWB,A7,000080126TEA,VCP,NLU,0000002ATC,ATC AVIATION SERVICES,10,10489,10489,0,0,0,0,0,,~019718021S,USD,,HEA,PP,VMAXIMO
19714764,2026-01-23,480,A7,00121413,HGH,NLU,0000009CGO,AWESOME CARGO,78,1995,1628,9.828,1,1895.25,1895.25,0,,0000009SZI,USD,,,PP,HGHOP
19714724,2026-01-23,480,A7,00121402,HGH,NLU,0000009CGO,AWESOME CARGO,20,1995,437,9.828,1,0.95,0.95,0,,0000009SZI,USD,,,PP,HGHOP
19714496,2026-01-23,480,A7,00144550,HGH,NLU,0000009CGO,AWESOME CARGO,96,2021,2021,11.808,1,0.95,0.95,0,,0000009HRI,USD,,HEA,PP,HGHOP
19714469,2026-01-23,480,A7,00102045,HGH,NLU,0000009CGO,AWESOME CARGO,1,397,397,1.64,1,0.95,0.95,0,,0000009DSV,USD,,HEA,PP,HGHOP
19714240,2026-01-23,480,A7,00102071,HGH,NLU,0000009CGO,AWESOME CARGO,7,1260,1223,7.559,1,0.95,0.95,0,,0000009IKD,USD,,HEA,PP,HGHOP
19714197,2026-01-23,480,A7,00144675,HGH,NLU,0000009CGO,AWESOME CARGO,142,3046,3046,12,1,0.95,0.95,0,,0000009SZI,USD,,,PP,HGHOP
19714095,2026-01-23,480,A7,00144664,HGH,NLU,0000009CGO,AWESOME CARGO,142,3029,3029,12,1,0.95,0.95,0,,0000009SZI,USD,,,PP,HGHOP
19714008,2026-01-23,480,A7,00144653,HGH,NLU,0000009CGO,AWESOME CARGO,142,3048,3048,12,1,0.95,0.95,0,,0000009SZI,USD,,,PP,HGHOP
19713831,2026-01-23,480,A7,00144642,HGH,NLU,0000009CGO,AWESOME CARGO,100,1502,1502,12,1,0.95,0.95,0,,0000009FUJ,USD,,,PP,HGHOP
19713757,2026-01-23,480,A7,00144631,HGH,NLU,0000009CGO,AWESOME CARGO,100,1498,1498,12,1,0.95,0.95,0,,0000009FUJ,USD,,,PP,HGHOP
19713746,2026-01-23,480,A7,00144620,HGH,NLU,0000009CGO,AWESOME CARGO,100,1464,1464,12,1,0.95,0.95,0,,0000009FUJ,USD,,,PP,HGHOP
19713697,2026-01-23,480,A7,00144616,HGH,NLU,0000009CGO,AWESOME CARGO,100,1814,1814,12,1,0.95,0.95,0,,0000009FUJ,USD,,,PP,HGHOP
19713665,2026-01-23,480,A7,00144336,HGH,NLU,0000009CGO,AWESOME CARGO,100,1542,1542,12,1,0.95,0.95,0,,0000009FUJ,USD,,,PP,HGHOP
19713631,2026-01-23,480,A7,00144325,HGH,NLU,0000009CGO,AWESOME CARGO,100,1332,1332,12,1,0.95,0.95,0,,0000009FUJ,USD,,,PP,HGHOP
19713483,2026-01-23,480,A7,00144314,HGH,NLU,0000009CGO,AWESOME CARGO,100,1556,1556,12,1,0.95,0.95,0,,0000009FUJ,USD,,,PP,HGHOP
19713448,2026-01-23,480,A7,00144303,HGH,NLU,0000009CGO,AWESOME CARGO,100,1661,1661,12,1,0.95,0.95,0,,0000009FUJ,USD,,,PP,HGHOP
19713366,2026-01-23,480,A7,00144292,HGH,NLU,0000009CGO,AWESOME CARGO,100,1632,1632,12,1,0.95,0.95,0,,0000009FUJ,USD,,,PP,HGHOP
19713318,2026-01-23,480,A7,00144281,HGH,NLU,0000009CGO,AWESOME CARGO,100,1452,1452,12,1,0.95,0.95,0,,0000009FUJ,USD,,,PP,HGHOP
19713097,2026-01-23,480,A7,00144270,HGH,NLU,0000009CGO,AWESOME CARGO,100,1491,1491,0,1,0.95,0.95,0,,0000009FUJ,USD,,,PP,HGHOP
19712926,2026-01-23,480,A7,00144605,HGH,VCP,0000009CGO,AWESOME CARGO,97,2000,1649,12,1,0.95,0.95,0,,0000009HRI,USD,,,PP,HGHOP
19712879,2026-01-23,480,A7,00121645,HGH,VCP,0000009CGO,AWESOME CARGO,53,2000,1101,12,1,0.95,0.95,0,,0000009ZHE,USD,,,PP,HGHOP
19712845,2026-01-23,480,A7,00121634,HGH,VCP,0000009CGO,AWESOME CARGO,53,2000,1127,12,1,0.95,0.95,0,,0000009HRI,USD,,,PP,HGHOP
19712786,2026-01-23,480,A7,00121623,HGH,VCP,0000009CGO,AWESOME CARGO,50,2000,1125,12,1,0.95,0.95,0,,0000009HRI,USD,,,PP,HGHOP
19712496,2026-01-23,480,A7,00121612,HGH,VCP,0000009CGO,AWESOME CARGO,54,1102,1102,5.906,1,0.95,0.95,0,,0000009HRI,USD,,,PP,HGHOP
19712441,2026-01-23,480,A7,00144513,HGH,VCP,0000009CGO,AWESOME CARGO,100,2000,1655,12,1,0.95,0.95,0,,0000009FUJ,USD,,,PP,HGHOP
19712391,2026-01-23,480,A7,00144502,HGH,VCP,0000009CGO,AWESOME CARGO,100,2000,1517,12,1,0.95,0.95,0,,0000009FUJ,USD,,,PP,HGHOP
19712347,2026-01-23,480,A7,00144491,HGH,VCP,0000009CGO,AWESOME CARGO,100,2000,1540,12,1,0.95,0.95,0,,0000009FUJ,USD,,,PP,HGHOP
19712246,2026-01-23,480,A7,00144480,HGH,VCP,0000009CGO,AWESOME CARGO,100,2000,1598,12,1,0.95,0.95,0,,0000009FUJ,USD,,,PP,HGHOP
19712184,2026-01-23,480,A7,00144476,HGH,VCP,0000009CGO,AWESOME CARGO,100,2000,1607,12,1,0.95,0.95,0,,0000009FUJ,USD,,,PP,HGHOP
19712156,2026-01-23,480,A7,00144465,HGH,VCP,0000009CGO,AWESOME CARGO,100,2000,1586,12,1,0.95,0.95,0,,0000009FUJ,USD,,,PP,HGHOP
19712107,2026-01-23,480,A7,00144454,HGH,VCP,0000009CGO,AWESOME CARGO,100,2000,1667,12,1,0.95,0.95,0,,0000009FUJ,USD,,,PP,HGHOP
19711703,2026-01-23,480,A7,00144443,HGH,VCP,0000009CGO,AWESOME CARGO,100,2000,1767,12,1,0.95,0.95,0,,0000009FUJ,USD,,,PP,HGHOP
19706430,2026-01-23,HWB,A7,MEX0065831,NLU,PVG,86199080015,DSV AIR SEA SA DE CV,1,217,217,0,0,0,0,0,,~019706430S,USD,,HEA,PP,SLEDESMA
19698968,2026-01-22,HWB,A7,CUU0029594,NLU,PEK,86199080015,DSV AIR SEA SA DE CV,5,603,603,0,0,0,0,0,,~019698968S,USD,,,PP,ABARCENAS
19698952,2026-01-22,HWB,A7,CUU0029591,NLU,PEK,86199080015,DSV AIR SEA SA DE CV,5,605,605,0,0,0,0,0,,~019698952S,USD,,,PP,ABARCENAS
19698923,2026-01-22,HWB,A7,CUU0029595,NLU,PEK,86199080015,DSV AIR SEA SA DE CV,5,603.5,603.5,0,0,0,0,0,,~019698923S,USD,,,PP,ABARCENAS
19698898,2026-01-22,HWB,A7,CUU0029596,NLU,PEK,86199080015,DSV AIR SEA SA DE CV,5,602,602,0,0,0,0,0,,~019698898S,USD,,,PP,ABARCENAS
19698806,2026-01-22,HWB,A7,CUU0029597,NLU,PEK,86199080015,DSV AIR SEA SA DE CV,5,601.5,601.5,0,0,0,0,0,,~019698806S,USD,,,PP,ABARCENAS
19698780,2026-01-22,HWB,A7,CUU0029592,NLU,PEK,86199080015,DSV AIR SEA SA DE CV,5,604,604,0,0,0,0,0,,~019698780S,USD,,,PP,ABARCENAS
19698754,2026-01-22,HWB,A7,CUU0029590,NLU,PEK,86199080015,DSV AIR SEA SA DE CV,5,603.5,603.5,0,0,0,0,0,,~019698754S,USD,,,PP,ABARCENAS
19698723,2026-01-22,HWB,A7,CUU0029593,NLU,PEK,86199080015,DSV AIR SEA SA DE CV,3,361.5,361.5,0,0,0,0,0,,~019698723S,USD,,,PP,ABARCENAS
19698711,2026-01-22,480,ET,00142623,NLU,BOG,0000009CGO,AWESOME CARGO,111,2500,2291,15,0.7,1662.5,1662.5,73.5,,,USD,,,PP,JVALDOS
19698662,2026-01-22,480,ET,00142612,NLU,BOG,0000009CGO,AWESOME CARGO,127,2500,1562,15,0.7,1662.5,1662.5,73.5,,,USD,,,,JVALDOS
19698504,2026-01-22,HWB,A7,EA2600050,NLU,PVG,99953520026,HENCO GLOBAL SA DE CV,3,828,828,0,0,0,0,0,,~019698504S,USD,,HEA,PP,ABARCENAS
19698559,2026-01-22,HWB,A7,CUU0029586,NLU,PEK,86199080015,DSV AIR SEA SA DE CV,5,605,605,0,0,0,0,0,,~019698559S,USD,,,PP,LGONZALEZ
19698507,2026-01-22,HWB,A7,QRO0051590,NLU,PVG,86199080015,DSV AIR SEA SA DE CV,1,222.5,222.5,0,0,0,0,0,,~019698507S,USD,,HEA,PP,OSANCHEZ
19698496,2026-01-22,480,ET,00142601,NLU,BOG,0000009CGO,AWESOME CARGO,92,2000,1937,12,0.7,1330,1330,58.8,,,USD,,,PP,JVALDOS
19698523,2026-01-22,480,5Y,00110143,GDL,LAX,99952360001,TRANSPORT ACCION TAC,5,1052,1052,0,0.7,699.58,699.58,30.93,,99952360001,MXN,,HEA,PP,PTOLEDO
19698505,2026-01-22,HWB,A7,CUU029588,NLU,PEK,86199080015,DSV AIR SEA SA DE CV,5,595.5,595.5,0,0,0,0,0,,~019698505S,USD,,,PP,LGONZALEZ
19698427,2026-01-22,HWB,A7,QRO0051662,NLU,PVG,86199080015,DSV AIR SEA SA DE CV,2,209.5,209.3,0,0,0,0,0,,~019698427S,USD,,,PP,OSANCHEZ
19698405,2026-01-22,HWB,A7,NEX80069010,NLU,HGH,86138970002,NIPPON EXPRESS DE MEXICO,8,1471,1471,0,0,0,0,0,,~019698405S,USD,,HEA,PP,ABARCENAS
19698419,2026-01-22,HWB,A7,CUU0029589,NLU,PEK,86199080015,DSV AIR SEA SA DE CV,1,120,120,0,0,0,0,0,,~019698419S,USD,,,PP,LGONZALEZ
19698416,2026-01-22,480,ET,00142590,NLU,BOG,0000009CGO,AWESOME CARGO,92,2000,1967,12,0.7,1330,1330,58.8,,,USD,,,PP,JVALDOS
19698253,2026-01-22,480,ET,00142586,NLU,BOG,0000009CGO,AWESOME CARGO,97,2000,1892,12,0.7,1330,1330,58.8,,,USD,,,PP,JVALDOS
19698319,2026-01-22,480,ET,00202285,NLU,BOG,0000009ETH,ETHIOPIAN CARGO,5,189,47.5,0.142,0.7,132.3,132.3,5.29,,86100040003,USD,,,PP,PTOLEDO
19698265,2026-01-22,HWB,A7,CUU0029587,NLU,PEK,86199080015,DSV AIR SEA SA DE CV,5,601.5,601.5,0,0,0,0,0,,~019698265S,USD,,,PP,LGONZALEZ
19698159,2026-01-22,HWB,A7,CUU0029581,NLU,PEK,86199080015,DSV AIR SEA SA DE CV,1,82.5,82.5,0,0,0,0,0,,~019698159S,USD,,,PP,LGONZALEZ
19698198,2026-01-22,HWB,A7,44S0018285,MTY,PVG,86100040003,EXPEDITORS INTERNATIONAL DE MEXICO,10,1010.5,1010.5,0,0,0,0,0,,~019698064S,MXN,,,PP,OSANCHEZ
19698147,2026-01-22,480,ET,00142575,NLU,BOG,0000009CGO,AWESOME CARGO,94,2000,1935,12,0.7,1330,1330,58.8,,,USD,,,PP,JVALDOS
19698182,2026-01-22,HWB,A7,44S0018288,MTY,PVG,86100040003,EXPEDITORS INTERNATIONAL DE MEXICO,1,20.5,20.5,0,0,0,0,0,,~019698064S,MXN,,,PP,OSANCHEZ
19698186,2026-01-22,480,ET,00201902,NLU,BOG,0000009ETH,ETHIOPIAN CARGO,8,322,322,1.259,0,686.4,686.4,27.46,,86100370005,USD,,,PP,PTOLEDO
19698064,2026-01-22,HWB,A7,44S0018274,MTY,PVG,86100040003,EXPEDITORS INTERNATIONAL DE MEXICO,1,139.5,139.5,0,0,0,0,0,,~019698064S,MXN,,,PP,OSANCHEZ
19697973,2026-01-22,480,ET,00201891,NLU,BOG,0000009ETH,ETHIOPIAN CARGO,1,176,176,0.834,0,504.8,504.8,20.19,,86100370005,USD,,HEA,PP,PTOLEDO
19697906,2026-01-22,480,ET,00201725,NLU,BOG,0000009ETH,ETHIOPIAN CARGO,50,16332.5,16332.4,79.55,0.45,8720.55,8720.55,348.82,,86199080015,USD,,HEA,PP,PTOLEDO
19697856,2026-01-22,480,ET,00142564,NLU,BOG,0000009CGO,AWESOME CARGO,85,2000,1820,12,0.7,1330,1330,58.8,,,USD,,,PP,JVALDOS
19697762,2026-01-22,480,ET,00142553,NLU,BOG,0000009CGO,AWESOME CARGO,111,2500,2266,15,0.7,1662.5,1662.5,73.5,,,USD,,,PP,JVALDOS
19697778,2026-01-22,480,ET,00202425,NLU,BOG,0000009ETH,ETHIOPIAN CARGO,6,1667.5,595.8,10.005,0.7,1167.25,1167.25,46.69,,86102310092,USD,,,PP,PTOLEDO
19697715,2026-01-22,480,ET,00202414,NLU,BOG,0000009ETH,ETHIOPIAN CARGO,2,628,627.6,2.625,0.7,439.6,439.6,17.58,,86114130001,USD,,HEA,PP,PTOLEDO
19697627,2026-01-22,480,ET,00142542,NLU,BOG,0000009CGO,AWESOME CARGO,103,2500,1971,15,0.7,1662.5,1662.5,73.5,,,USD,,,PP,JVALDOS
19697663,2026-01-22,480,ET,00201935,NLU,BOG,0000009ETH,ETHIOPIAN CARGO,2,1316,1316,3.9,0.7,921.2,921.2,36.85,,86100370005,USD,,HEA,PP,PTOLEDO
19697628,2026-01-22,480,ET,00202381,NLU,BOG,0000009ETH,ETHIOPIAN CARGO,14,2824,1985.4,16.943,0.7,1976.8,1976.8,79.07,,86114130001,USD,,,PP,PTOLEDO
19697497,2026-01-22,480,A7,00202731,NLU,PVG,86199080015,DSV AIR SEA SA DE CV,4,693.5,648.8,3.356,0,0.95,0.95,0.04,,86199080015,USD,,HEA,PP,YMEDINA
19697566,2026-01-22,480,ET,00202392,NLU,BOG,0000009ETH,ETHIOPIAN CARGO,1,154.5,122.8,0.924,0.9,139.05,139.05,5.56,,86114130001,USD,,,PP,PTOLEDO
19697467,2026-01-22,480,ET,00202403,NLU,BOG,0000009ETH,ETHIOPIAN CARGO,15,2968,1560.5,17.805,0.7,2077.6,2077.6,83.1,,86114130001,USD,,,PP,PTOLEDO
19697124,2026-01-22,480,A7,00202672,NLU,PEK,86199080015,DSV AIR SEA SA DE CV,38,13311.5,4584,79.868,0.7,8852.15,8852.15,392.22,,86199080015,USD,,,PP,YMEDINA
19696329,2026-01-22,480,A7,00282682,VCP,NLU,0000002ATC,ATC AVIATION SERVICES,23,7084,4825.5,42.504,0,0,0,0,,~019696329S,USD,,HEA,PP,KVIALLI
19696187,2026-01-22,480,A7,00282671,VCP,NLU,0000002ATC,ATC AVIATION SERVICES,33,10164,7062,60.984,0,0,0,0,,~019696187S,USD,,HEA,PP,KVIALLI
19687551,2026-01-22,480,A7,00117180,CGO,SCL,0000009CGO,AWESOME CARGO,4,113,113,0.48,1,0.95,0.95,0,,~019687551S,USD,,HEA,PP,CGOOP1
19687538,2026-01-22,480,A7,00144130,CGO,SCL,0000009CGO,AWESOME CARGO,114,2724,2724,13.68,1,0.95,0.95,0,,0000009YUT,USD,,HEA,PP,CGOOP1
19687530,2026-01-22,480,A7,00144126,CGO,SCL,0000009CGO,AWESOME CARGO,173,3906,3906,20.76,1,0.95,0.95,0,,0000009YUT,USD,,HEA,PP,CGOOP1
19687517,2026-01-22,480,A7,00144115,CGO,SCL,0000009CGO,AWESOME CARGO,186,3876,3876,22.32,1,0.95,0.95,0,,0000009YUT,USD,,HEA,PP,CGOOP1
19687417,2026-01-22,480,A7,00144104,CGO,SCL,0000009CGO,AWESOME CARGO,79,1858,1858,9.48,1,0.95,0.95,0,,0000009YUT,USD,,HEA,PP,CGOOP1
19687386,2026-01-22,480,A7,00144093,CGO,SCL,0000009CGO,AWESOME CARGO,18,437,437,2.16,1,0.95,0.95,0,,0000009YUT,USD,,HEA,PP,CGOOP1
19684355,2026-01-22,480,A7,00144546,CGO,SCL,0000009CGO,AWESOME CARGO,100,2000,1668,12,1,0.95,0.95,0,,0000009FUJ,USD,,HEA,PP,CGOOP1
19684347,2026-01-22,480,A7,00144535,CGO,SCL,0000009CGO,AWESOME CARGO,100,2000,1735,12,1,0.95,0.95,0,,0000009FUJ,USD,,HEA,PP,CGOOP1
19684342,2026-01-22,480,A7,00144524,CGO,SCL,0000009CGO,AWESOME CARGO,100,2000,1665,12,1,0.95,0.95,0,,0000009FUJ,USD,,HEA,PP,CGOOP1
19684336,2026-01-22,480,A7,00143651,CGO,SCL,0000009CGO,AWESOME CARGO,98,2320,1978,13.92,1,0.95,0.95,0,,0000009FUJ,USD,,HEA,PP,CGOOP1
19684330,2026-01-22,480,A7,00143640,CGO,SCL,0000009CGO,AWESOME CARGO,99,1987,1987,11.88,1,0.95,0.95,0,,0000009FUJ,USD,,HEA,PP,CGOOP1
19684323,2026-01-22,480,A7,00143636,CGO,SCL,0000009CGO,AWESOME CARGO,54,1407,1407,6.48,1,0.95,0.95,0,,0000009FUJ,USD,,HEA,PP,CGOOP1
19684314,2026-01-22,480,A7,00143625,CGO,SCL,0000009CGO,AWESOME CARGO,81,1731,1731,9.72,1,0.95,0.95,0,,0000009FUJ,USD,,HEA,PP,CGOOP1
19684303,2026-01-22,480,A7,00143614,CGO,SCL,0000009CGO,AWESOME CARGO,92,1840,1802,11.04,1,0.95,0.95,0,,0000009FUJ,USD,,HEA,PP,CGOOP1
19684295,2026-01-22,480,A7,00143603,CGO,SCL,0000009CGO,AWESOME CARGO,92,1840,1811,11.04,1,0.95,0.95,0,,0000009FUJ,USD,,HEA,PP,CGOOP1
19684289,2026-01-22,480,A7,00143592,CGO,SCL,0000009CGO,AWESOME CARGO,92,1840,1808,11.04,1,0.95,0.95,0,,0000009FUJ,USD,,HEA,PP,CGOOP1
19684282,2026-01-22,480,A7,00143581,CGO,SCL,0000009CGO,AWESOME CARGO,95,1960,1771,11.76,1,0.95,0.95,0,,0000009FUJ,USD,,HEA,PP,CGOOP1
19684273,2026-01-22,480,A7,00143570,CGO,SCL,0000009CGO,AWESOME CARGO,99,1980,1798,11.88,1,0.95,0.95,0,,0000009FUJ,USD,,HEA,PP,CGOOP1
19684268,2026-01-22,480,A7,00143566,CGO,SCL,0000009CGO,AWESOME CARGO,88,1840,1808,11.04,1,0.95,0.95,0,,0000009FUJ,USD,,HEA,PP,CGOOP1
19684262,2026-01-22,480,A7,00143555,CGO,SCL,0000009CGO,AWESOME CARGO,94,1880,1711,11.28,1,0.95,0.95,0,,0000009FUJ,USD,,HEA,PP,CGOOP1
19684254,2026-01-22,480,A7,00143544,CGO,SCL,0000009CGO,AWESOME CARGO,100,2000,1741,12,1,0.95,0.95,0,,0000009FUJ,USD,,HEA,PP,CGOOP1
19684248,2026-01-22,480,A7,00143533,CGO,SCL,0000009CGO,AWESOME CARGO,99,1980,1805,11.88,1,0.95,0.95,0,,0000009FUJ,USD,,HEA,PP,CGOOP1
19684201,2026-01-22,480,A7,00143522,CGO,SCL,0000009CGO,AWESOME CARGO,92,2640,1815,15.84,1,0.95,0.95,0,,0000009FUJ,USD,,HEA,PP,CGOOP1
19684179,2026-01-22,480,A7,00143511,CGO,SCL,0000009CGO,AWESOME CARGO,92,1840,1738,11.04,1,0.95,0.95,0,,0000009FUJ,USD,,HEA,PP,CGOOP1
19684168,2026-01-22,480,A7,00143500,CGO,SCL,0000009CGO,AWESOME CARGO,104,2160,1491,12.96,1,0.95,0.95,0,,0000009FUJ,USD,,HEA,PP,CGOOP1
19684148,2026-01-22,480,A7,00143496,CGO,SCL,0000009CGO,AWESOME CARGO,92,2320,1825,13.92,1,0.95,0.95,0,,0000009FUJ,USD,,HEA,PP,CGOOP1
19684134,2026-01-22,480,A7,00143485,CGO,SCL,0000009CGO,AWESOME CARGO,98,2440,1761,14.64,1,0.95,0.95,0,,0000009FUJ,USD,,HEA,PP,CGOOP1
19684119,2026-01-22,480,A7,00143474,CGO,SCL,0000009CGO,AWESOME CARGO,95,2380,1779,14.28,1,0.95,0.95,0,,0000009FUJ,USD,,HEA,PP,CGOOP1
19684077,2026-01-22,480,A7,00143463,CGO,SCL,0000009CGO,AWESOME CARGO,92,2320,1968,13.92,1,0.95,0.95,0,,0000009FUJ,USD,,,PP,CGOOP1
19681590,2026-01-21,480,ET,00142391,NLU,BOG,0000009CGO,AWESOME CARGO,93,2000,1942,12,0.7,1330,1330,58.8,,,USD,,,PP,JVALDOS
19681314,2026-01-21,480,ET,00142424,NLU,BOG,0000009CGO,AWESOME CARGO,95,2001,2001,12,0.7,1330.66,1330.66,58.83,,,USD,,,PP,JVALDOS
19681279,2026-01-21,480,ET,00142435,NLU,BOG,0000009CGO,AWESOME CARGO,87,2000,1725,12,,0,0,0,,,USD,,,,JVALDOS
19681221,2026-01-21,480,ET,00142446,NLU,BOG,0000009CGO,AWESOME CARGO,90,2000,1859,12,,0,0,0,,,USD,,,,JVALDOS
19680858,2026-01-21,480,6R,00142505,NLU,BOG,0000009CGO,AWESOME CARGO,95,2000,1912,12,0.7,1400,1400,56,,,USD,,,PP,PTOLEDO
19680844,2026-01-21,480,6R,00142531,NLU,BOG,0000009CGO,AWESOME CARGO,100,2198,2198,12,0.7,1538.6,1538.6,61.54,,,USD,,,PP,PTOLEDO
19680824,2026-01-21,480,6R,00142520,NLU,BOG,0000009CGO,AWESOME CARGO,89,2000,1967,12,0.7,1400,1400,56,,,USD,,,PP,PTOLEDO
19680813,2026-01-21,480,6R,00142516,NLU,BOG,0000009CGO,AWESOME CARGO,94,2000,1984,12,0.7,1400,1400,56,,,USD,,,PP,PTOLEDO
19680774,2026-01-21,480,6R,00142494,NLU,BOG,0000009CGO,AWESOME CARGO,98,2000,1908,12,0.7,1400,1400,56,,,USD,,,PP,PTOLEDO
19680745,2026-01-21,480,6R,00142461,NLU,BOG,0000009CGO,AWESOME CARGO,83,2000,1780,12,0.7,1400,1400,56,,,USD,,,PP,PTOLEDO
19680711,2026-01-21,480,6R,00142450,NLU,BOG,0000009CGO,AWESOME CARGO,95,1998.5,1575,11.99,0.7,1398.6,1398.6,55.94,,,USD,,,PP,PTOLEDO
19680667,2026-01-21,480,6R,00142472,NLU,BOG,0000009CGO,AWESOME CARGO,118,2500,2440,15,0.7,1750,1750,70,,,USD,,,PP,PTOLEDO
19680627,2026-01-21,480,6R,00142413,NLU,BOG,0000009CGO,AWESOME CARGO,119,2500,2425,15,0.7,1750,1750,70,,,USD,,,PP,PTOLEDO
19680528,2026-01-21,480,A7,00286112,NLU,HGH,86138970002,NIPPON EXPRESS DE MEXICO,8,1471,1471,4.497,0.8,1117.96,1117.96,49.69,,86138970002,USD,,HEA,PP,YMEDINA
19680548,2026-01-21,480,6R,00142402,NLU,BOG,0000009CGO,AWESOME CARGO,117,2560,2560,15,0.7,1792,1792,71.68,,,USD,,,PP,PTOLEDO
19680304,2026-01-21,480,ET,00142365,NLU,BOG,0000009CGO,AWESOME CARGO,90,1998,1839,12.342,0.7,1328.67,1328.67,58.74,,,USD,,,PP,JVALDOS
19680330,2026-01-21,480,ET,00142343,NLU,BOG,0000009CGO,AWESOME CARGO,119,2500,2425,15,0.7,1750,1750,70,,,USD,,,PP,PTOLEDO
19680306,2026-01-21,480,ET,00142332,NLU,BOG,0000009CGO,AWESOME CARGO,115,2500,2377,15,0.7,1750,1750,70,,,USD,,,PP,PTOLEDO
19680291,2026-01-21,480,ET,00142321,NLU,BOG,0000009CGO,AWESOME CARGO,92,2000,1823,12,0.7,1400,1400,56,,,USD,,,PP,PTOLEDO
19680274,2026-01-21,480,ET,00142310,NLU,BOG,0000009CGO,AWESOME CARGO,95,2000,1995,12,0.7,1400,1400,56,,,USD,,,PP,PTOLEDO
19680195,2026-01-21,480,ET,00142483,NLU,BOG,0000009CGO,AWESOME CARGO,116,2500,2410,15,0.7,1750,1750,70,,,USD,,,PP,JVALDOS
19680159,2026-01-21,480,ET,00142306,NLU,BOG,0000009CGO,AWESOME CARGO,109,1418,1418,12,0.7,1400,1400,56,,,USD,,,PP,PTOLEDO
19680143,2026-01-21,480,ET,00142295,NLU,BOG,0000009CGO,AWESOME CARGO,96,2087,2087,12,0.7,1460.9,1460.9,58.44,,,USD,,,PP,PTOLEDO
19680115,2026-01-21,480,ET,00142284,NLU,BOG,0000009CGO,AWESOME CARGO,93,2019,2019,12,0.7,1413.3,1413.3,56.53,,,USD,,,PP,PTOLEDO
19680096,2026-01-21,480,ET,00142273,NLU,BOG,0000009CGO,AWESOME CARGO,115,2500,2423,15,0.7,1750,1750,70,,,USD,,,PP,PTOLEDO
19680071,2026-01-21,480,ET,00142262,NLU,BOG,0000009CGO,AWESOME CARGO,120,2500,2465,15,0.7,1750,1750,70,,,USD,,,PP,PTOLEDO
19680019,2026-01-21,480,A7,00247671,NLU,PVG,99953520026,HENCO GLOBAL SA DE CV,3,828,828,1.913,1,786.6,786.6,35.04,,99953520026,USD,,HEA,PP,YMEDINA
19680038,2026-01-21,480,ET,00142251,NLU,BOG,0000009CGO,AWESOME CARGO,91,2000,1939,12,0.7,1400,1400,56,,,USD,,,PP,PTOLEDO
19680023,2026-01-21,480,ET,00142240,NLU,BOG,0000009CGO,AWESOME CARGO,92,2000,1908,12,0.7,1400,1400,56,,,USD,,,PP,PTOLEDO
19679984,2026-01-21,480,ET,00142236,NLU,BOG,0000009CGO,AWESOME CARGO,89,2002,1813,12.01,0.7,1401.4,1401.4,56.06,,,USD,,,PP,PTOLEDO
19679950,2026-01-21,480,A7,00202720,NLU,PEK,86199080015,DSV AIR SEA SA DE CV,17,5845,2004.5,35.07,0.7,1332.99,1332.99,59.59,,86199080015,USD,,,PP,YMEDINA
19679944,2026-01-21,480,ET,00142225,NLU,BOG,0000009CGO,AWESOME CARGO,95,2000,1059,12,0.7,1400,1400,56,,,USD,,,PP,PTOLEDO
19679924,2026-01-21,480,ET,00142214,NLU,BOG,0000009CGO,AWESOME CARGO,94,2039,2039,12,0.7,1427.3,1427.3,57.09,,,USD,,,PP,PTOLEDO
19679746,2026-01-21,480,A7,00222515,MTY,PVG,86100040003,EXPEDITORS INTERNATIONAL DE MEXICO,12,1778.5,1170.5,10.67,1.1,1858.53,1858.53,82.63,,86100040003,MXN,,,PP,YMEDINA
19679318,2026-01-21,HWB,A7,NLUNLU000530,NLU,CGO,86100860016,INTERTEAM SA DE CV,2,260,260,0,0,0,0,0,,~019679124S,USD,,,PP,OSANCHEZ
19678958,2026-01-21,HWB,A7,EA2600045,MTY,CGO,99953520026,HENCO GLOBAL SA DE CV,2,380,380,0,0,0,0,0,,~019678958S,MXN,,HEA,PP,JCAMPOS
19679124,2026-01-21,480,A7,00242513,NLU,CGO,86100860016,INTERTEAM SA DE CV,2,275.5,260,1.653,2.25,588.89,588.89,26.29,,~019679124S,USD,,,PP,AVARGAS
19678733,2026-01-21,HWB,A7,EA2600011,MTY,CGO,99953520026,HENCO GLOBAL SA DE CV,2,401,401,0,0,0,0,0,,~019678733S,MXN,,HEA,PP,OSANCHEZ
19678863,2026-01-21,480,ET,00202230,NLU,BOG,0000009ETH,ETHIOPIAN CARGO,19,6613,6613,34.507,,0,0,0,,86102310011,USD,,HEA,,JVALDOS
19678816,2026-01-21,480,ET,00202226,NLU,BOG,0000009ETH,ETHIOPIAN CARGO,16,6482,6481.9,30.301,,0,0,0,,86102310092,USD,,HEA,,JVALDOS
19678734,2026-01-21,480,A7,00247741,MTY,CGO,99953520026,HENCO GLOBAL SA DE CV,2,480,380,2.88,1.65,752.4,752.4,33.52,,~019678734S,MXN,,HEA,PP,YMEDINA
19678335,2026-01-21,480,A7,00247516,MTY,CGO,99953520026,HENCO GLOBAL SA DE CV,2,480,401,2.88,1.65,752.4,752.4,33.52,,~019678335S,MXN,,HEA,PP,YMEDINA
19666506,2026-01-21,480,A7,00115835,SCL,CGO,75100510015,ANDES INTERGACIÓN LOGÍSTICA,100,2299,2299,8.428,2.25,0,0,0,,~019666506S,CLP,,COL PES,PP,System
19666312,2026-01-21,480,A7,00115780,SCL,CGO,75100510015,ANDES INTERGACIÓN LOGÍSTICA,100,2370,2370,8.428,2.25,0,0,0,,~019666312S,CLP,,COL PES,PP,System
19666193,2026-01-21,480,A7,00115765,SCL,CGO,75100510015,ANDES INTERGACIÓN LOGÍSTICA,100,2070,2070,8.428,2.25,0,0,0,,~019666193S,CLP,,COL PES,PP,System
19666137,2026-01-21,480,A7,00115776,SCL,CGO,75100510015,ANDES INTERGACIÓN LOGÍSTICA,100,2374,2374,8.428,2.25,0,0,0,,~019666137S,CLP,,COL PES,PP,System
19666111,2026-01-21,480,A7,00115791,SCL,CGO,75100510015,ANDES INTERGACIÓN LOGÍSTICA,100,2402,2402,7.826,2.25,0,0,0,,~019666111S,CLP,,COL PES,PP,System
19666017,2026-01-21,480,A7,00115802,SCL,CGO,75100510015,ANDES INTERGACIÓN LOGÍSTICA,200,4624,4624,16.856,2.25,0,0,0,,~019666017S,CLP,,COL PES,PP,System
19665939,2026-01-21,480,A7,00115824,SCL,CGO,75100510015,ANDES INTERGACIÓN LOGÍSTICA,200,4558,4558,16.856,2.25,0,0,0,,~019665939S,CLP,,COL PES,PP,System
19665839,2026-01-21,480,A7,00115813,SCL,CGO,75100510015,ANDES INTERGACIÓN LOGÍSTICA,200,4632,4632,16.856,2.25,0,0,0,,~019665839S,CLP,,COL PES,PP,System
19665747,2026-01-21,480,A7,00115846,SCL,CGO,75100510015,ANDES INTERGACIÓN LOGÍSTICA,100,2310,2310,8.428,2.25,0,0,0,,~019665747S,CLP,,COL PES,PP,System
19665689,2026-01-21,480,A7,00115975,SCL,CGO,75100510015,ANDES INTERGACIÓN LOGÍSTICA,200,4138,4138,16.856,2.25,0,0,0,,~019665689S,CLP,,COL PES,PP,System
19665567,2026-01-21,480,A7,00139064,VCP,NLU,0000002ATC,ATC AVIATION SERVICES,5,1600,656,9.6,0,0,0,0,,~019665567S,USD,,,PP,KVIALLI
19661573,2026-01-20,480,A7,00282623,VCP,NLU,0000002ATC,ATC AVIATION SERVICES,3,1380,1380,3.6,0,0,0,0,,~019661573S,USD,,HEA,PP,KVIALLI
19642720,2026-01-19,480,A7,00139171,VCP,NLU,0000002ATC,ATC AVIATION SERVICES,2,1244,1244,2.859,0,0,0,0,,~019642720S,USD,,HEA,PP,KVIALLI
19642672,2026-01-19,HWB,A7,000050126TEA,VCP,NLU,0000002ATC,ATC AVIATION SERVICES,10,10501.5,1051.5,0,0,0,0,0,,~019642672S,USD,,,PP,VMAXIMO
19642610,2026-01-19,HWB,A7,000040126TEA,VCP,NLU,0000002ATC,ATC AVIATION SERVICES,10,10471.5,10471.5,0,0,0,0,0,,~019642610S,USD,,HEA,PP,VMAXIMO
19642401,2026-01-19,HWB,A7,1072043063,VCP,NLU,0000002ATC,ATC AVIATION SERVICES,13,2520.5,1962.1,0,0,0,0,0,,~019642401S,USD,,HEA,PP,VMAXIMO
19642356,2026-01-19,HWB,A7,1072038719,VCP,NLU,0000002ATC,ATC AVIATION SERVICES,3,393,347,0,0,0,0,0,,~019642356S,USD,,,PP,VMAXIMO
19641362,2026-01-19,480,A7,00115732,SCL,CGO,75100510015,ANDES INTERGACIÓN LOGÍSTICA,200,4145,4145,16.856,2.25,0,0,0,,~019641362S,USD,,PES COL,PP,LVIDAL
19640427,2026-01-19,480,A7,00101905,HGH,VCP,0000009CGO,AWESOME CARGO,6,1704,1511,10.224,1,0.95,0.95,0,,0000009XYP,USD,,HEA,PP,HGHOP
19640399,2026-01-19,480,A7,00144432,HGH,VCP,0000009CGO,AWESOME CARGO,100,1990,1744,11.94,1,0.95,0.95,0,,0000009FAL,USD,,,PP,HGHOP
19640391,2026-01-19,480,A7,00144421,HGH,VCP,0000009CGO,AWESOME CARGO,100,2000,1764,12,1,0.95,0.95,0,,0000009FAL,USD,,,PP,HGHOP
19640359,2026-01-19,480,A7,00144410,HGH,VCP,0000009CGO,AWESOME CARGO,100,2000,1657,12,1,0.95,0.95,0,,0000009FAL,USD,,,PP,HGHOP
19640347,2026-01-19,480,A7,00144406,HGH,VCP,0000009CGO,AWESOME CARGO,100,2000,1631,12,1,0.95,0.95,0,,0000009FAL,USD,,,PP,HGHOP
19640337,2026-01-19,480,A7,00144395,HGH,VCP,0000009CGO,AWESOME CARGO,100,2000,1664,12,1,0.95,0.95,0,,0000009FAL,USD,,,PP,HGHOP
19640325,2026-01-19,480,A7,00144384,HGH,VCP,0000009CGO,AWESOME CARGO,100,2000,1612,12,1,0.95,0.95,0,,0000009FAL,USD,,,PP,HGHOP
19640317,2026-01-19,480,A7,00144373,HGH,VCP,0000009CGO,AWESOME CARGO,100,2000,1705,12,1,0.95,0.95,0,,0000009FAL,USD,,,PP,HGHOP
19640305,2026-01-19,480,A7,00144362,HGH,VCP,0000009CGO,AWESOME CARGO,100,2000,1624,12,1,0.95,0.95,0,,0000009FAL,USD,,,PP,HGHOP
19640293,2026-01-19,480,A7,00144351,HGH,VCP,0000009CGO,AWESOME CARGO,100,2000,1793,12,1,0.95,0.95,0,,0000009FAL,USD,,,PP,HGHOP
19640268,2026-01-19,480,A7,00144340,HGH,VCP,0000009CGO,AWESOME CARGO,100,2000,1631,12,1,0.95,0.95,0,,0000009FAL,USD,,,PP,HGHOP
19640248,2026-01-19,480,A7,00121483,HGH,VCP,0000009CGO,AWESOME CARGO,49,1125,1125,5.88,1,0.95,0.95,0,,0000009HBI,USD,,,PP,HGHOP
19639995,2026-01-19,480,A7,00121472,HGH,VCP,0000009CGO,AWESOME CARGO,58,1139,1134,6.833,1,0.95,0.95,0,,0000009HBI,USD,,,PP,HGHOP
19636906,2026-01-19,480,A7,00282796,VCP,NLU,0000002ATC,ATC AVIATION SERVICES,20,20967,20967,43.073,0,0,0,0,,~019636906S,USD,,HEA,PP,KVIALLI
19634232,2026-01-19,480,A7,00121424,HGH,NLU,0000009CGO,AWESOME CARGO,40,966,966,5.7,1,0.95,0.95,0,,~019634121S,USD,,,PP,HGHOP
19634121,2026-01-19,480,A7,00121240,HGH,NLU,0000009CGO,AWESOME CARGO,66,1388,1388,8.25,1,0.95,0.95,0,,~019634121S,USD,,,PP,HGHOP
19634069,2026-01-19,480,A7,00144561,HGH,NLU,0000009CGO,AWESOME CARGO,20,1995,427,2.46,1,0.95,0.95,0,,0000009HRI,USD,,,PP,HGHOP
19634061,2026-01-19,480,A7,00144594,HGH,NLU,0000009CGO,AWESOME CARGO,116,1753,1753,10.44,1,0.95,0.95,0,,0000009HRI,USD,,,PP,HGHOP
19634040,2026-01-19,480,A7,00144583,HGH,NLU,0000009CGO,AWESOME CARGO,95,1993,1993,11.78,1,0.95,0.95,0,,0000009HRI,USD,,,PP,HGHOP
19633985,2026-01-19,480,A7,00144572,HGH,NLU,0000009CGO,AWESOME CARGO,110,1886.5,1801,11.319,1,0.95,0.95,0,,0000009HRI,USD,,,PP,HGHOP
19633863,2026-01-19,480,A7,00073021,HGH,NLU,0000009CGO,AWESOME CARGO,98,1896.5,1682,11.378,1,0.95,0.95,0,,0000009SQS,USD,,,PP,HGHOP
19633838,2026-01-19,480,A7,00142074,HGH,NLU,0000009CGO,AWESOME CARGO,97,2190,2190,11.64,1,0.95,0.95,0,,0000009SZI,USD,,,PP,HGHOP
19633804,2026-01-19,480,A7,00142030,HGH,NLU,0000009CGO,AWESOME CARGO,97,2157,2157,11.64,1,0.95,0.95,0,,0000009SZI,USD,,,PP,HGHOP
19633776,2026-01-19,480,A7,00142866,HGH,NLU,0000009CGO,AWESOME CARGO,97,2155,2155,11.64,1,0.95,0.95,0,,0000009SZI,USD,,,PP,HGHOP
19633757,2026-01-19,480,A7,00144082,HGH,NLU,0000009CGO,AWESOME CARGO,97,2146,2146,11.64,1,0.95,0.95,0,,0000009SZI,USD,,,PP,HGHOP
19633277,2026-01-19,480,A7,00144071,HGH,NLU,0000009CGO,AWESOME CARGO,97,2129,2129,11.64,11,0.95,0.95,0,,0000009SZI,USD,,,PP,HGHOP
19633220,2026-01-19,480,A7,00144060,HGH,NLU,0000009CGO,AWESOME CARGO,97,2237,2237,11.64,1,0.95,0.95,0,,0000009SZI,USD,,,PP,HGHOP
19633188,2026-01-19,480,A7,00144266,HGH,NLU,0000009CGO,AWESOME CARGO,100,1490,1490,8.8,1,0.95,0.95,0,,0000009FAL,USD,,,PP,HGHOP
19633167,2026-01-19,480,A7,00144255,HGH,NLU,0000009CGO,AWESOME CARGO,100,1427,1427,8.4,1,0.95,0.95,0,,0000009FAL,USD,,,PP,HGHOP
19633154,2026-01-19,480,A7,00144244,HGH,NLU,0000009CGO,AWESOME CARGO,100,1530,1530,9,1,0.95,0.95,0,,0000009FAL,USD,,,PP,HGHOP
19633120,2026-01-19,480,A7,00144233,HGH,NLU,0000009CGO,AWESOME CARGO,100,1637,1637,9.8,1,0.95,0.95,0,,0000009FAL,USD,,,PP,HGHOP
19632904,2026-01-19,480,A7,00144222,HGH,NLU,0000009CGO,AWESOME CARGO,100,1829,1829,10.8,1,0.95,0.95,0,,0000009FAL,USD,,,PP,HGHOP
19626030,2026-01-18,HWB,A7,MTY0073464,NLU,PVG,86199080015,DSV AIR SEA SA DE CV,1,446,446,0,0,0,0,0,,~019626030S,USD,,HEA,PP,ABARCENAS
19626000,2026-01-18,HWB,A7,SDBDE2600123,NLU,PEK,86199300014,SAVINO DEL BENE MEXICO SA DE CV,1,255,245.8,0,0,0,0,0,,~019626000S,USD,,HEA,PP,ABARCENAS
19625915,2026-01-18,HWB,A7,OIGEA00178,NLU,PVG,86101910005,OUT IN GLOBAL SOLUTIONS,4,1801,1801,0,0,0,0,0,,~019625915S,USD,,HEA,PP,ABARCENAS
19625806,2026-01-18,HWB,A7,1071949162,NLU,PEK,86102310092,KUEHNE + NAGEL FORWARDING,2,272,272,0,0,0,0,0,,~019625806S,USD,,,PP,ABARCENAS
19625736,2026-01-18,HWB,A7,MX01540850,NLU,PVG,86100470002,TIBA MEXICO SA DE CV,2,530,530,0,0,0,0,0,,~019625736S,USD,,HEA,PP,ABARCENAS
19625106,2026-01-18,HWB,A7,MX01540777,NLU,PVG,86100470002,TIBA MEXICO SA DE CV,2,750,750,0,0,0,0,0,,~019625106S,USD,,HEA,PP,ABARCENAS
19624806,2026-01-18,480,A7,01012454,NLU,MGA,0000009TMA,AWESOME CARGO,39,51228,51228,71.376,0,0,0,0,,~019624806S,USD,,HEA,PP,SLEDESMA
19621764,2026-01-18,480,A7,00142144,CGO,SCL,0000009CGO,AWESOME CARGO,71,1420,1332,8.52,1,0.95,0.95,0,,0000009YUT,USD,,HEA,PP,CGOOP1
19621740,2026-01-18,480,A7,00142181,CGO,SCL,0000009CGO,AWESOME CARGO,83,1925,1925,9.96,1,0.95,0.95,0,,0000009YUT,USD,,HEA,PP,CGOOP1
19621733,2026-01-18,480,A7,00142192,CGO,SCL,0000009CGO,AWESOME CARGO,83,1925,1925,9.96,1,0.95,0.95,0,,0000009YUT,USD,,HEA,PP,CGOOP1
19621612,2026-01-18,480,A7,00142203,CGO,SCL,0000009CGO,AWESOME CARGO,90,1921,1921,10.8,1,0.95,0.95,0,,0000009YUT,USD,,HEA,PP,CGOOP1
19621574,2026-01-18,480,A7,00142122,CGO,SCL,0000009CGO,AWESOME CARGO,110,2200,1870,13.2,1,0.95,0.95,0,,0000009YUT,USD,,HEA,PP,CGOOP1
19621566,2026-01-18,480,A7,00142170,CGO,SCL,0000009CGO,AWESOME CARGO,100,2000,1920,12,1,0.95,0.95,0,,0000009YUT,USD,,HEA,PP,CGOOP1
19621563,2026-01-18,480,A7,00142166,CGO,SCL,0000009CGO,AWESOME CARGO,27,575,575,3.24,1,0.95,0.95,0,,0000009YUT,USD,,HEA,PP,CGOOP1
19621550,2026-01-18,480,A7,00142155,CGO,SCL,0000009CGO,AWESOME CARGO,81,1912,1912,9.84,1,0.95,0.95,0,,0000009YUT,USD,,HEA,PP,CGOOP1
19620613,2026-01-18,480,A7,00144211,CGO,SCL,0000009CGO,AWESOME CARGO,67,1500,1304,9,1,0.95,0.95,0,,0000009FUJ,USD,,HEA,PP,CGOOP1
19620611,2026-01-18,480,A7,00144200,CGO,SCL,0000009CGO,AWESOME CARGO,67,1500,1296,9,1,0.95,0.95,0,,0000009FUJ,USD,,HEA,PP,CGOOP1
19620559,2026-01-18,480,A7,00144196,CGO,SCL,0000009CGO,AWESOME CARGO,67,1500,1344,9,1,0.95,0.95,0,,0000009FUJ,USD,,HEA,PP,CGOOP1
19620519,2026-01-18,480,A7,00143452,CGO,SCL,0000009CGO,AWESOME CARGO,98,1960,1746,11.76,1,0.95,0.95,0,,0000009FUJ,USD,,HEA,PP,CGOOP1
19620511,2026-01-18,480,A7,00143441,CGO,SCL,0000009CGO,AWESOME CARGO,98,2019,2019,11.76,1,0.95,0.95,0,,0000009FUJ,USD,,HEA,PP,CGOOP1
19620493,2026-01-18,480,A7,00143430,CGO,SCL,0000009CGO,AWESOME CARGO,103,2060,1545,12.36,1,0.95,0.95,0,,0000009FUJ,USD,,HEA,PP,CGOOP1
19620490,2026-01-18,480,A7,00143426,CGO,SCL,0000009CGO,AWESOME CARGO,89,2000,1744,12,1,0.95,0.95,0,,0000009FUJ,USD,,HEA,PP,CGOOP1
19620471,2026-01-18,480,A7,00143415,CGO,SCL,0000009CGO,AWESOME CARGO,84,2000,1678,12,1,0.95,0.95,0,,0000009FUJ,USD,,HEA,PP,CGOOP1
19620461,2026-01-18,480,A7,00143404,CGO,SCL,0000009CGO,AWESOME CARGO,84,2000,1656,12,1,0.95,0.95,0,,0000009FUJ,USD,,HEA,PP,CGOOP1
19620456,2026-01-18,480,A7,00143393,CGO,SCL,0000009CGO,AWESOME CARGO,90,2000,1796,12,1,0.95,0.95,0,,0000009FUJ,USD,,HEA,PP,CGOOP1
19620448,2026-01-18,480,A7,00143382,CGO,SCL,0000009CGO,AWESOME CARGO,92,2000,1782,12,1,0.95,0.95,0,,0000009FUJ,USD,,HEA,PP,CGOOP1
19620224,2026-01-18,480,A7,00143371,CGO,SCL,0000009CGO,AWESOME CARGO,92,2000,1823,12,1,0.95,0.95,0,,0000009FUJ,USD,,HEA,PP,CGOOP1
19620198,2026-01-18,480,A7,00143360,CGO,SCL,0000009CGO,AWESOME CARGO,99,1980,1767,11.88,1,0.95,0.95,0,,0000009FUJ,USD,,HEA,PP,CGOOP1
19620188,2026-01-18,480,A7,00143356,CGO,SCL,0000009CGO,AWESOME CARGO,98,1960,1815,11.76,1,0.95,0.95,0,,0000009FUJ,USD,,HEA,PP,CGOOP1
19620153,2026-01-18,480,A7,00143345,CGO,SCL,0000009CGO,AWESOME CARGO,91,1820,1773,10.92,1,0.95,0.95,0,,0000009FUJ,USD,,HEA,PP,CGOOP1
19620149,2026-01-18,480,A7,00143334,CGO,SCL,0000009CGO,AWESOME CARGO,97,1940,1744,11.64,1,0.95,0.95,0,,0000009FUJ,USD,,HEA,PP,CGOOP1
19620145,2026-01-18,480,A7,00143323,CGO,SCL,0000009CGO,AWESOME CARGO,100,2000,1845,12,1,0.95,0.95,0,,0000009FUJ,USD,,HEA,PP,CGOOP1
19620133,2026-01-18,480,A7,00143312,CGO,SCL,0000009CGO,AWESOME CARGO,98,2080,1790,12.48,1,0.95,0.95,0,,0000009FUJ,USD,,HEA,PP,CGOOP1
19620126,2026-01-18,480,A7,00143301,CGO,SCL,0000009CGO,AWESOME CARGO,97,1940,1748,11.64,1,0.95,0.95,0,,0000009FUJ,USD,,HEA,PP,CGOOP1
19620122,2026-01-18,480,A7,00143290,CGO,SCL,0000009CGO,AWESOME CARGO,100,2000,1779,12,1,0.95,0.95,0,,0000009FUJ,USD,,HEA,PP,CGOOP1
19620111,2026-01-18,480,A7,00143286,CGO,SCL,0000009CGO,AWESOME CARGO,105,2100,1401,12.6,1,0.95,0.95,0,,0000009FUJ,USD,,HEA,PP,CGOOP1
19620098,2026-01-18,480,A7,00143275,CGO,SCL,0000009CGO,AWESOME CARGO,96,2000,1762,12,1,0.95,0.95,0,,0000009FUJ,USD,,HEA,PP,CGOOP1
19620051,2026-01-18,480,A7,00143264,CGO,SCL,0000009CGO,AWESOME CARGO,99,1980,1802,11.88,1,0.95,0.95,0,,0000009FUJ,USD,,HEA,PP,CGOOP1
19619138,2026-01-18,480,A7,00237742,NLU,PEK,86102310092,KUEHNE + NAGEL FORWARDING,2,600,272,3.6,1.3,741,741,33.02,,~019619138S,USD,,,PP,AVARGAS
19619057,2026-01-18,480,A7,00272510,NLU,PEK,86199300014,SAVINO DEL BENE MEXICO SA DE CV,1,354.5,245.8,2.126,1.5,505.16,505.16,22.59,,~019619057S,USD,,HEA,PP,AVARGAS
19618992,2026-01-18,480,A7,00202554,NLU,PVG,86199080015,DSV AIR SEA SA DE CV,1,446,446,1.242,1.5,635.55,635.55,28.36,,~019618992S,USD,,HEA,PP,AVARGAS
19618955,2026-01-18,480,A7,00262533,NLU,PVG,86100470002,TIBA MEXICO SA DE CV,2,530,530,0.488,1,503.5,503.5,22.52,,~019618955S,USD,,HEA,PP,AVARGAS
19618888,2026-01-18,480,A7,00262522,NLU,PVG,86100470002,TIBA MEXICO SA DE CV,2,750,750,3.227,1,712.5,712.5,31.76,,~019618888S,USD,,HEA,PP,AVARGAS
19618810,2026-01-18,480,A7,00285515,NLU,PVG,86101910005,OUT IN GLOBAL SOLUTIONS,4,1801,1801,5.386,0.7,1197.66,1197.66,53.21,,~019618810S,USD,,HEA,PP,AVARGAS
19616796,2026-01-17,480,A7,00102141,HGH,CUN,,,321,8018,8018,42.828,,0,0,0,,,CNY,,GEN,,System
19614536,2026-01-17,HWB,A7,1071955777,VCP,NLU,0000002ATC,ATC AVIATION SERVICES,7,1530.5,422.3,0,0,0,0,0,,~019614536S,USD,,,PP,VMAXIMO
19614477,2026-01-17,HWB,A7,1072017681,VCP,NLU,0000002ATC,ATC AVIATION SERVICES,3,426,214.1,0,0,0,0,0,,~019614477S,USD,,,PP,VMAXIMO
19614392,2026-01-17,HWB,A7,1072010820,VCP,NLU,0000002ATC,ATC AVIATION SERVICES,1,128,116.5,0,0,0,0,0,,~019614392S,USD,,,PP,VMAXIMO
19606090,2026-01-17,480,A7,00115721,SCL,CGO,75100510015,ANDES INTERGACIÓN LOGÍSTICA,150,3563,3563,12.642,2.25,0,0,0,,~019606090S,CLP,,COL PER,PP,System
19605288,2026-01-17,480,A7,00115684,SCL,CGO,75100510015,ANDES INTERGACIÓN LOGÍSTICA,200,4978,4978,16.856,1,0,0,0,,~019605288S,CLP,,COL PER,PP,SLEDESMA
19605238,2026-01-17,480,A7,00115625,SCL,CGO,75100510015,ANDES INTERGACIÓN LOGÍSTICA,200,4220,4220,16.856,1,0,4220,0,,~019605238S,CLP,,COL PER,PP,SLEDESMA
19605220,2026-01-17,480,A7,00115695,SCL,CGO,75100510015,ANDES INTERGACIÓN LOGÍSTICA,150,3239,3239,12.642,1,0,3239,0,,~019605220S,CLP,,COL PER,PP,SLEDESMA
19605203,2026-01-17,480,A7,00115710,SCL,CGO,75100510015,ANDES INTERGACIÓN LOGÍSTICA,100,2636,2636,8.428,1,0,2636,0,,~019605203S,CLP,,COL PER,PP,SLEDESMA
19605154,2026-01-17,480,A7,00115743,SCL,CGO,75100510015,ANDES INTERGACIÓN LOGÍSTICA,100,2330,2330,8.428,1,0,2330,0,,~019605154S,CLP,,COL PER,PP,SLEDESMA
19605068,2026-01-17,480,A7,00115754,SCL,CGO,75100510015,ANDES INTERGACIÓN LOGÍSTICA,200,4262,4262,16.856,1,0,4262,0,,~019605068S,CLP,,COL PER,PP,SLEDESMA
19603554,2026-01-16,HWB,A7,KPMEA010126,VCP,MTY,0000002ATC,ATC AVIATION SERVICES,7,2197,1454.5,0,0,0,0,0,,~019603554S,USD,,HEA,PP,WBORGES
19602422,2026-01-16,480,A7,00115651,SCL,CGO,75100510015,ANDES INTERGACIÓN LOGÍSTICA,100,2536,2536,8.428,1,0,2536,0,,~019602422S,CLP,,COL PER,PP,SLEDESMA
19601952,2026-01-16,480,A7,00115706,SCL,CGO,75100510015,ANDES INTERGACIÓN LOGÍSTICA,100,2070,2070,8.428,2.25,0,0,0,,~019601952S,CLP,,COL PES PER,PP,System
19601900,2026-01-16,480,A7,00115662,SCL,CGO,75100510015,ANDES INTERGACIÓN LOGÍSTICA,200,4924,4924,16.66,1,0,4924,0,,~019601900S,CLP,,COL PER,PP,SLEDESMA
19601619,2026-01-16,480,A7,00115673,SCL,CGO,75100510015,ANDES INTERGACIÓN LOGÍSTICA,200,5009,5009,16.856,2.25,0,0,0,,~019601619S,CLP,,COL PES PER,PP,SLEDESMA
19601452,2026-01-16,480,A7,00115636,SCL,CGO,75100510015,ANDES INTERGACIÓN LOGÍSTICA,100,2470,2470,8.428,1,0,0,0,,~019601452S,CLP,,COL PER,PP,SLEDESMA
19600985,2026-01-16,HWB,A7,160117,GDL,VCP,86114130001,DHL GLOBAL FORWARDING MEXICO SA DE,5,200,199.8,0,0,0,0,0,,~019600985S,MXN,,,PP,JCAMPOS
19600825,2026-01-16,HWB,A7,1071960786,VCP,NLU,0000002ATC,ATC AVIATION SERVICES,15,4800,2162.6,0,0,0,0,0,,~019600825S,USD,,,PP,WBORGES
19600615,2026-01-16,HWB,A7,MEX0065713,NLU,VCP,86199080015,DSV AIR SEA SA DE CV,2,139.5,139.4,0,0,0,0,0,,~019600615S,USD,,,PP,JCAMPOS
19600823,2026-01-16,HWB,A7,1071988182,VCP,NLU,0000002ATC,ATC AVIATION SERVICES,11,3520,1757.5,0,0,0,0,0,,~019600823S,USD,,HEA,PP,VMAXIMO
19600440,2026-01-16,480,A7,00115640,SCL,CGO,75100510015,ANDES INTERGACIÓN LOGÍSTICA,200,5002,5002,16.856,1,0,5002,0,,~019600440S,CLP,,COL PER,PP,SLEDESMA
19600259,2026-01-16,480,A7,00202742,NLU,VCP,86199080015,DSV AIR SEA SA DE CV,2,139.5,139.4,0.614,4,530.1,530.1,23.7,,~019600259S,USD,,,PP,AVARGAS
19598860,2026-01-16,HWB,A7,S2601544231,VCP,NLU,0000002ATC,ATC AVIATION SERVICES,4,1020,1020,0,0,0,0,0,,~019598860S,USD,,HEA,PP,WBORGES
19598810,2026-01-16,HWB,A7,S261543762,VCP,NLU,0000002ATC,ATC AVIATION SERVICES,33,754.5,456,0,0,0,0,0,,~019598810S,USD,,,PP,WBORGES
19597593,2026-01-16,HWB,A7,AGL20260017,VCP,NLU,0000002ATC,ATC AVIATION SERVICES,24,3357,2923.9,0,0,0,0,0,,~019597593S,USD,,,PP,VMAXIMO
19594487,2026-01-16,480,A7,00111193,VCP,NLU,0000002ATC,ATC AVIATION SERVICES,15,11468,11468,23.885,0,0,0,0,,~019594487S,USD,,,PP,LSILVA
19593756,2026-01-16,480,A7,00282881,VCP,NLU,0000002ATC,ATC AVIATION SERVICES,3,1847,1846.8,5.472,0,0,0,0,,~019593756S,USD,,HEA,PP,LSILVA
19591791,2026-01-16,480,A7,00101894,HGH,VCP,0000009CGO,AWESOME CARGO,10,2840,2393,17.04,1,0.95,0.95,0,,~019591791S,USD,,HEA,PP,HGHOP
19591774,2026-01-16,480,A7,00142855,HGH,VCP,0000009CGO,AWESOME CARGO,100,2000,1613,12,0,0,0,0,,0000009FAL,CNY,,HEA,PP,HGHOP
19591745,2026-01-16,480,A7,00142844,HGH,VCP,0000009CGO,AWESOME CARGO,100,2000,1756,12,1,0.95,0.95,0,,0000009FAL,USD,,HEA,PP,HGHOP
19591729,2026-01-16,480,A7,00142881,HGH,VCP,0000009CGO,AWESOME CARGO,100,2000,1745,12,0,0,0,0,,0000009FAL,CNY,,HEA,PP,HGHOP
19591723,2026-01-16,480,A7,00142870,HGH,VCP,0000009CGO,AWESOME CARGO,100,2000,1682,12,1,0.95,0.95,0,,0000009FAL,USD,,,PP,HGHOP
19591714,2026-01-16,480,A7,00143010,HGH,VCP,0000009CGO,AWESOME CARGO,100,2000,1596,12,1,0.95,0.95,0,,0000009FAL,USD,,,PP,HGHOP
19591700,2026-01-16,480,A7,00143006,HGH,VCP,0000009CGO,AWESOME CARGO,100,2000,1691,12,1,0.95,0.95,0,,0000009FAL,USD,,,PP,HGHOP
19591690,2026-01-16,480,A7,00142995,HGH,VCP,0000009CGO,AWESOME CARGO,100,2000,1643,12,1,0.95,0.95,0,,0000009FAL,USD,,,PP,HGHOP
19591652,2026-01-16,480,A7,00142984,HGH,VCP,0000009CGO,AWESOME CARGO,100,2000,1590,12,1,0.95,0.95,0,,0000009FAL,USD,,,PP,HGHOP
19591637,2026-01-16,480,A7,00142973,HGH,VCP,0000009CGO,AWESOME CARGO,100,2000,1596,12,1,0.95,0.95,0,,0000009FAL,USD,,,PP,HGHOP
19591605,2026-01-16,480,A7,00142962,HGH,VCP,0000009CGO,AWESOME CARGO,100,2000,1693,12,1,0.95,0.95,0,,0000009FAL,USD,,,PP,HGHOP
19591595,2026-01-16,480,A7,00142951,HGH,VCP,0000009CGO,AWESOME CARGO,100,2000,1711,12,1,0.95,0.95,0,,0000009FAL,USD,,,,HGHOP
19591563,2026-01-16,480,A7,00142940,HGH,VCP,0000009CGO,AWESOME CARGO,100,2000,1605,12,1,0.95,0.95,0,,0000009FAL,USD,,,PP,HGHOP
19591525,2026-01-16,480,A7,00121446,HGH,VCP,0000009CGO,AWESOME CARGO,72,1104,1104,5.457,1,0.95,0.95,0,,0000009HBI,USD,,,PP,HGHOP
19590466,2026-01-16,480,A7,00121435,HGH,VCP,0000009CGO,AWESOME CARGO,67,1100,1100,5.974,1,0.95,0.95,0,,0000009HBI,USD,,,PP,HGHOP
19590375,2026-01-16,480,A7,00142004,HGH,BOG,0000009CGO,AWESOME CARGO,98,2000,1909,12,1,0.95,0.95,0,,0000009HRI,USD,,,PP,HGHOP
19590352,2026-01-16,480,A7,00141993,HGH,BOG,0000009CGO,AWESOME CARGO,93,2000,1952,12,1,0.95,0.95,0,,0000009HRI,USD,,,PP,HGHOP
19590281,2026-01-16,480,A7,00141982,HGH,BOG,0000009CGO,AWESOME CARGO,93,2000,1825,12,1,0.95,0.95,0,,0000009HRI,USD,,,PP,HGHOP
19590127,2026-01-16,480,A7,00141971,HGH,BOG,0000009CGO,AWESOME CARGO,93,2000,1883,12,1,0.95,0.95,0,,0000009HRI,USD,,,PP,HGHOP
19590108,2026-01-16,480,A7,00141960,HGH,BOG,0000009CGO,AWESOME CARGO,96,2000,1949,12,1,0.95,0.95,0,,0000009HRI,USD,,,PP,HGHOP
19590042,2026-01-16,480,A7,00141956,HGH,BOG,0000009CGO,AWESOME CARGO,89,2000,1927,12,1,0.95,0.95,0,,0000009HRI,USD,,,PP,HGHOP
19589986,2026-01-16,480,A7,00141945,HGH,BOG,0000009CGO,AWESOME CARGO,95,2000,1900,12,1,0.95,0.95,0,,0000009HRI,USD,,,PP,HGHOP
19589905,2026-01-16,480,A7,00141934,HGH,BOG,0000009CGO,AWESOME CARGO,89,2000,1903,12,1,0.95,0.95,0,,0000009HRI,USD,,,PP,HGHOP
19589868,2026-01-16,480,A7,00141923,HGH,BOG,0000009CGO,AWESOME CARGO,108,1988,1562,11.928,1,0.95,0.95,0,,0000009HRI,USD,,,PP,HGHOP
19589820,2026-01-16,480,A7,00141912,HGH,BOG,0000009CGO,AWESOME CARGO,82,2000,1683,12,1,0.95,0.95,0,,0000009HRI,USD,,,PP,HGHOP
19589793,2026-01-16,480,A7,00142833,HGH,NLU,0000009CGO,AWESOME CARGO,100,2000,1439,12,1,0.95,0.95,0,,0000009FAL,USD,,,PP,HGHOP
19589778,2026-01-16,480,A7,00142822,HGH,NLU,0000009CGO,AWESOME CARGO,100,2000,1488,12,1,0.95,0.95,0,,0000009FAL,USD,,,PP,HGHOP
19589759,2026-01-16,480,A7,00142811,HGH,NLU,0000009CGO,AWESOME CARGO,100,2000,1568,12,1,0.95,0.95,0,,0000009FAL,USD,,,PP,HGHOP
19589493,2026-01-16,480,A7,00142800,HGH,NLU,0000009CGO,AWESOME CARGO,100,2000,1480,12,1,0.95,0.95,0,,0000009FAL,USD,,,PP,HGHOP
19589363,2026-01-16,480,A7,00142796,HGH,NLU,0000009CGO,AWESOME CARGO,100,2000,1854,12,1,0.95,0.95,0,,0000009FAL,USD,,,PP,HGHOP
19581535,2026-01-15,480,ET,00201714,NLU,BOG,0000009ETH,ETHIOPIAN CARGO,1,875.5,875.4,3.456,0.6,525.3,525.3,21.01,,86199080015,USD,,HEA,PP,PTOLEDO
19581519,2026-01-15,480,ET,00201946,NLU,BOG,0000009ETH,ETHIOPIAN CARGO,1,107,107,0.378,1.4,128.4,128.4,6.85,,86100370005,USD,,,PP,PTOLEDO
19579053,2026-01-15,480,A7,00282785,VCP,NLU,0000002ATC,ATC AVIATION SERVICES,20,20973,20973,43.073,0,0,0,0,,~019579053S,USD,,HEA,PP,KVIALLI
19578914,2026-01-15,HWB,A7,PBC00622933,NLU,PVG,86199080015,DSV AIR SEA SA DE CV,4,559.5,559.5,0,0,0,0,0,,~019578914S,USD,,,PP,SLEDESMA
19578790,2026-01-15,HWB,A7,1071630265,MTY,PVG,0000009TMA,AWESOME CARGO,3,840,840,0,0,0,0,0,,~019578790S,MXN,,HEA,PP,SLEDESMA
19578617,2026-01-15,HWB,A7,QRO0051496,NLU,PVG,86199080015,DSV AIR SEA SA DE CV,8,711.5,711.3,0,0,0,0,0,,~019578617S,USD,,,PP,SLEDESMA
19578309,2026-01-15,HWB,DH,QRO0051454,NLU,PVG,86199080015,DSV AIR SEA SA DE CV,1,419.5,419.5,0,0,0,0,0,,~019578309S,USD,,HEA,PP,SLEDESMA
19578172,2026-01-15,480,A7,00139042,VCP,NLU,0000002ATC,ATC AVIATION SERVICES,13,3218,3217.8,11.192,0,0,0,0,,~019578172S,USD,,HEA,PP,KVIALLI
19564380,2026-01-15,480,A7,00142100,CGO,SCL,0000009CGO,AWESOME CARGO,83,2001,2001,9.96,1,0.95,0.95,0,,0000009YUT,USD,,HEA,PP,CGOOP1
19564369,2026-01-15,480,A7,00142096,CGO,SCL,0000009CGO,AWESOME CARGO,97,1940,1873,11.64,1,0.95,0.95,0,,0000009YUT,USD,,HEA,PP,CGOOP1
19564349,2026-01-15,480,A7,00142085,CGO,SCL,0000009CGO,AWESOME CARGO,69,1639,1639,8.28,1,0.95,0.95,0,,0000009YUT,USD,,HEA,PP,CGOOP1
19564313,2026-01-15,480,A7,00142063,CGO,SCL,0000009CGO,AWESOME CARGO,83,1985,1985,9.96,1,0.95,0.95,0,,0000009YUT,USD,,HEA,PP,CGOOP1
19564304,2026-01-15,480,A7,00142052,CGO,SCL,0000009CGO,AWESOME CARGO,84,2009,2009,10.08,1,0.95,0.95,0,,0000009YUT,USD,,HEA,PP,CGOOP1
19564283,2026-01-15,480,A7,00142041,CGO,SCL,0000009CGO,AWESOME CARGO,84,1950,1950,10.08,1,0.95,0.95,0,,0000009YUT,USD,,HEA,PP,CGOOP1
19564266,2026-01-15,480,A7,00142026,CGO,SCL,0000009CGO,AWESOME CARGO,17,344,344,2.04,1,0.95,0.95,0,,0000009YUT,USD,,HEA,PP,CGOOP1
19564240,2026-01-15,480,A7,00142015,CGO,SCL,0000009CGO,AWESOME CARGO,4,98,98,0.48,1,0.95,0.95,0,,0000009YUT,USD,,HEA,PP,CGOOP1
19564222,2026-01-15,480,A7,00143043,CGO,SCL,0000009CGO,AWESOME CARGO,100,2000,1653,12,1,0.95,0.95,0,,0000009FUJ,USD,,,PP,CGOOP1
19564172,2026-01-15,480,A7,00143032,CGO,SCL,0000009CGO,AWESOME CARGO,100,2000,1434,12,1,0.95,0.95,0,,0000009FUJ,USD,,,PP,CGOOP1
19564165,2026-01-15,480,A7,00143021,CGO,SCL,0000009CGO,AWESOME CARGO,100,2000,1782,12,1,0.95,0.95,0,,0000009FUJ,USD,,,PP,CGOOP1
19564155,2026-01-15,480,A7,00143253,CGO,SCL,0000009CGO,AWESOME CARGO,90,2000,1849,12,1,0.95,0.95,0,,0000009FUJ,USD,,,PP,CGOOP1
19564140,2026-01-15,480,A7,00143242,CGO,SCL,0000009CGO,AWESOME CARGO,83,2091,1633,12.546,1,0.95,0.95,0,,0000009FUJ,USD,,,PP,CGOOP1
19564128,2026-01-15,480,A7,00143231,CGO,SCL,0000009CGO,AWESOME CARGO,110,2408,1490,14.448,1,0.95,0.95,0,,0000009FUJ,USD,,,PP,CGOOP1
19564120,2026-01-15,480,A7,00143220,CGO,SCL,0000009CGO,AWESOME CARGO,109,2359,1450,14.154,1,0.95,0.95,0,,0000009FUJ,USD,,,PP,CGOOP1
19564110,2026-01-15,480,A7,00143216,CGO,SCL,0000009CGO,AWESOME CARGO,102,2307,1575,13.842,1,0.95,0.95,0,,0000009FUJ,USD,,,PP,CGOOP1
19564104,2026-01-15,480,A7,00143205,CGO,SCL,0000009CGO,AWESOME CARGO,92,2000,1703,12,1,0.95,0.95,0,,0000009FUJ,USD,,,PP,CGOOP1
19564090,2026-01-15,480,A7,00143194,CGO,SCL,0000009CGO,AWESOME CARGO,106,2560,1599,15.36,1,0.95,0.95,0,,0000009FUJ,USD,,,PP,CGOOP1
19564072,2026-01-15,480,A7,00143183,CGO,SCL,0000009CGO,AWESOME CARGO,96,2000,1703,12,1,0.95,0.95,0,,0000009FUJ,USD,,,PP,CGOOP1
19563974,2026-01-15,480,A7,00143172,CGO,SCL,0000009CGO,AWESOME CARGO,100,2000,1801,12,1,0.95,0.95,0,,0000009FUJ,USD,,,PP,CGOOP1
19563965,2026-01-15,480,A7,00143161,CGO,SCL,0000009CGO,AWESOME CARGO,92,2000,1900,12,1,0.95,0.95,0,,0000009FUJ,USD,,,PP,CGOOP1
19563952,2026-01-15,480,A7,00143150,CGO,SCL,0000009CGO,AWESOME CARGO,100,2000,1875,12,1,0.95,0.95,0,,0000009FUJ,USD,,,PP,CGOOP1
19563934,2026-01-15,480,A7,00143146,CGO,SCL,0000009CGO,AWESOME CARGO,100,2000,1928,12,1,0.95,0.95,0,,0000009FUJ,USD,,,PP,CGOOP1
19563902,2026-01-15,480,A7,00143135,CGO,SCL,0000009CGO,AWESOME CARGO,100,2000,1885,12,1,0.95,0.95,0,,0000009FUJ,USD,,,PP,CGOOP1
19563858,2026-01-15,480,A7,00141326,MTY,PVG,0000009TMA,AWESOME CARGO,3,840,840,3.171,1.4,891.1,891.1,39.66,,~019563858S,MXN,,HEA,PP,SLEDESMA
19563894,2026-01-15,480,A7,00143124,CGO,SCL,0000009CGO,AWESOME CARGO,76,2000,1629,12,1,0.95,0.95,0,,0000009FUJ,USD,,,PP,CGOOP1
19563883,2026-01-15,480,A7,00143113,CGO,SCL,0000009CGO,AWESOME CARGO,100,2000,1855,12,1,0.95,0.95,0,,0000009FUJ,USD,,,PP,CGOOP1
19563825,2026-01-15,480,A7,00143102,CGO,SCL,0000009CGO,AWESOME CARGO,100,2000,1851,12,1,0.95,0.95,0,,0000009FUJ,USD,,,PP,CGOOP1
19563817,2026-01-15,480,A7,00143091,CGO,SCL,0000009CGO,AWESOME CARGO,84,2000,1674,12,1,0.95,0.95,0,,0000009FUJ,USD,,,PP,CGOOP1
19563801,2026-01-15,480,A7,00143080,CGO,SCL,0000009CGO,AWESOME CARGO,76,2000,1671,12,1,0.95,0.95,0,,0000009FUJ,USD,,,PP,CGOOP1
19563786,2026-01-15,480,A7,00143076,CGO,SCL,0000009CGO,AWESOME CARGO,82,2000,1703,12,1,0.95,0.95,0,,0000009FUJ,USD,,,PP,CGOOP1
19563712,2026-01-15,480,A7,00143065,CGO,SCL,0000009CGO,AWESOME CARGO,76,2000,1648,12,1,0.95,0.95,0,,0000009FUJ,USD,,,PP,CGOOP1
19563563,2026-01-15,480,A7,00202543,NLU,PVG,86199080015,DSV AIR SEA SA DE CV,9,1131,1130.8,5.324,0.7,752.11,752.11,33.61,,~019563563S,USD,,,PP,AVARGAS
19563401,2026-01-15,480,A7,00207513,GDL,VCP,86114130001,DHL GLOBAL FORWARDING MEXICO SA DE,5,281,199.8,1.684,2.6,730.6,730.6,0,,~019563401S,MXN,,,PP,PTOLEDO
19563356,2026-01-15,480,A7,00202521,NLU,PVG,86199080015,DSV AIR SEA SA DE CV,4,559.5,559.5,2.847,1,531.52,531.52,23.76,,~019563356S,USD,,,PP,AVARGAS
19559839,2026-01-14,480,A7,00282763,VCP,MTY,0000002ATC,ATC AVIATION SERVICES,7,2196,1454.5,13.176,0,0,0,0,,~019559839S,USD,,HEA,PP,KVIALLI
19553552,2026-01-14,480,A7,00282660,VCP,NLU,0000002ATC,ATC AVIATION SERVICES,2,6,0.8,0.036,0,0,0,0,,~019553552S,USD,,HEA,PP,LSILVA
19553455,2026-01-14,480,A7,00282542,VCP,NLU,0000002ATC,ATC AVIATION SERVICES,29,3927.5,1903.1,23.565,0,0,0,0,,~019553455S,USD,,HEA,PP,LSILVA
19553379,2026-01-14,480,A7,00282553,VCP,NLU,0000002ATC,ATC AVIATION SERVICES,16,2913,2309.1,17.478,0,0,0,0,,~019553379S,USD,,HEA,PP,LSILVA
19540793,2026-01-13,480,A7,00282531,VCP,NLU,0000002ATC,ATC AVIATION SERVICES,11,2084.5,752.9,12.507,0,0,0,0,,~019540793S,USD,,HEA,PP,LSILVA
19540676,2026-01-13,480,A7,00282520,VCP,NLU,0000002ATC,ATC AVIATION SERVICES,11,3520,1757.5,21.12,0,0,0,0,,~019540676S,USD,,HEA,PP,LSILVA
19540187,2026-01-13,480,A7,00139160,VCP,NLU,0000002ATC,ATC AVIATION SERVICES,37,1489,1476,8.933,0,0,0,0,,~019540187S,USD,,,PP,LSILVA
19538023,2026-01-13,HWB,A7,SZX847947,NLU,VCP,86199080015,DSV AIR SEA SA DE CV,39,295.5,295.5,0,0,0,0,0,,~019538023S,USD,,,PP,ABARCENAS
19537916,2026-01-13,HWB,A7,SZX846499,NLU,VCP,86199080015,DSV AIR SEA SA DE CV,4,70.5,70.5,0,0,0,0,0,,~019537916S,USD,,,PP,ABARCENAS
19537004,2026-01-13,480,A7,00282516,VCP,NLU,0000002ATC,ATC AVIATION SERVICES,15,4800,2162.6,28.8,0,0,0,0,,~019537004S,USD,,,PP,LSILVA
19536451,2026-01-13,480,A7,00282612,VCP,NLU,0000002ATC,ATC AVIATION SERVICES,24,3357.5,2923.9,20.143,0,0,0,0,,~019536451S,USD,,,PP,LSILVA
19525348,2026-01-12,480,A7,00202576,NLU,VCP,86199080015,DSV AIR SEA SA DE CV,43,584,366,3.504,3.1,1719.88,1719.88,76.4,,~019525348S,USD,,,PP,AVARGAS
19520486,2026-01-12,480,ET,00201950,NLU,BOG,0000009ETH,ETHIOPIAN CARGO,9,1762.5,1259,10.573,0.6,1057.5,1057.5,42.3,,86100370005,USD,,,PP,PTOLEDO
19520387,2026-01-12,480,ET,00201493,NLU,BOG,0000009ETH,ETHIOPIAN CARGO,26,489,190.5,2.932,0.55,407.55,407.55,16.3,,86100040003,USD,,,PP,PTOLEDO
19520335,2026-01-12,480,ET,00201692,NLU,BOG,0000009ETH,ETHIOPIAN CARGO,3,2546.5,2546.4,3.119,0.5,1273.25,1273.25,50.93,,86199080015,USD,,HEA,PP,PTOLEDO
19520214,2026-01-12,480,ET,00202182,NLU,BOG,0000009ETH,ETHIOPIAN CARGO,2,271,270.5,1.012,1.3,452.3,452.3,18.09,,86100470002,USD,,,PP,PTOLEDO
19520116,2026-01-12,480,ET,00202215,NLU,BOG,0000009ETH,ETHIOPIAN CARGO,1,240,239,0.371,1.1,264,264,10.56,,86100280000,USD,,HEA,PP,PTOLEDO
19520001,2026-01-12,480,A7,00139101,VCP,NLU,0000002ATC,ATC AVIATION SERVICES,18,1375,1374.7,7.82,2.3,3004.37,3039.37,9.49,,00000020MTE,USD,,,PP,LSILVA
19515443,2026-01-12,480,A7,00143054,HGH,BOG,0000009CGO,AWESOME CARGO,58,1238,1238,7.2,1,0.95,0.95,0,,0000009HRI,USD,,HEA,PP,HGHOP
19515407,2026-01-12,480,A7,00141901,HGH,BOG,0000009CGO,AWESOME CARGO,98,2017,2017,12,1,0.95,0.95,0,,0000009HRI,USD,,HEA,PP,HGHOP
19515398,2026-01-12,480,A7,00141890,HGH,BOG,0000009CGO,AWESOME CARGO,93,2000,1967,12,1,0.95,0.95,0,,0000009HRI,USD,,HEA,PP,HGHOP
19515380,2026-01-12,480,A7,00141886,HGH,BOG,0000009CGO,AWESOME CARGO,96,2009,2009,12,1,0.95,0.95,0,,0000009HRI,USD,,HEA,PP,HGHOP
19515365,2026-01-12,480,A7,00141875,HGH,BOG,0000009CGO,AWESOME CARGO,88,2000,1830,12,1,0.95,0.95,0,,0000009HRI,USD,,HEA,PP,HGHOP
19515346,2026-01-12,480,A7,00141864,HGH,BOG,0000009CGO,AWESOME CARGO,94,2000,1963,12,1,0.95,0.95,0,,0000009HRI,USD,,HEA,PP,HGHOP
19515263,2026-01-12,480,A7,00141853,HGH,BOG,0000009CGO,AWESOME CARGO,92,2000,1897,12,1,0.95,0.95,0,,0000009HRI,USD,,HEA,PP,HGHOP
19515247,2026-01-12,480,A7,00141842,HGH,BOG,0000009CGO,AWESOME CARGO,94,2000,1893,12,1,0.95,0.95,0,,0000009HRI,USD,,HEA,PP,HGHOP
19515231,2026-01-12,480,A7,00141831,HGH,BOG,0000009CGO,AWESOME CARGO,96,2000,1931,12,1,0.95,0.95,0,,0000009HRI,USD,,HEA,PP,HGHOP
19515213,2026-01-12,480,A7,00141820,HGH,BOG,0000009CGO,AWESOME CARGO,91,2047,2047,12,1,0.95,0.95,0,,0000009HRI,USD,,HEA,PP,HGHOP
19515165,2026-01-12,480,A7,00141816,HGH,BOG,0000009CGO,AWESOME CARGO,95,2000,1937,12,1,0.95,0.95,0,,0000009HRI,USD,,,PP,HGHOP
19515137,2026-01-12,480,A7,00141805,HGH,BOG,0000009CGO,AWESOME CARGO,95,2031,2031,12,1,0.95,0.95,0,,0000009HRI,USD,,,PP,HGHOP
19515106,2026-01-12,480,A7,00141794,HGH,BOG,0000009CGO,AWESOME CARGO,91,2000,1985,12,1,0.95,0.95,0,,0000009HRI,USD,,,PP,HGHOP
19515096,2026-01-12,480,A7,00141783,HGH,BOG,0000009CGO,AWESOME CARGO,94,2024,2024,12,1,0.95,0.95,0,,0000009HRI,USD,,,PP,HGHOP
19515069,2026-01-12,480,A7,00141772,HGH,BOG,0000009CGO,AWESOME CARGO,92,2000,1927,12,1,0.95,0.95,0,,0000009HRI,USD,,,PP,HGHOP
19515043,2026-01-12,480,A7,00141761,HGH,BOG,0000009CGO,AWESOME CARGO,93,2000,1891,12,1,0.95,0.95,0,,0000009HRI,USD,,,PP,HGHOP
19514890,2026-01-12,480,A7,00142752,HGH,NLU,0000009CGO,AWESOME CARGO,100,1604,1604,9.6,1,0.95,0.95,0,,0000009FAL,USD,,,PP,HGHOP
19514884,2026-01-12,480,A7,00142741,HGH,NLU,0000009CGO,AWESOME CARGO,100,1634,1634,9.8,1,0.95,0.95,0,,0000009FAL,USD,,,PP,HGHOP
19514834,2026-01-12,480,A7,00142730,HGH,NLU,0000009CGO,AWESOME CARGO,100,1571,1571,9.4,1,0.95,0.95,0,,0000009FAL,USD,,,PP,HGHOP
19514803,2026-01-12,480,A7,00142785,HGH,VCP,0000009CGO,AWESOME CARGO,100,2000,1690,12,1,0.95,0.95,0,,0000009FAL,USD,,,PP,HGHOP
19514783,2026-01-12,480,A7,00142774,HGH,VCP,0000009CGO,AWESOME CARGO,100,2000,1635,12,1,0.95,0.95,0,,0000009FAL,USD,,,PP,HGHOP
19514764,2026-01-12,480,A7,00142763,HGH,VCP,0000009CGO,AWESOME CARGO,100,2000,1607,12,1,0.95,0.95,0,,0000009FAL,USD,,,PP,HGHOP
19514756,2026-01-12,480,A7,00142936,HGH,VCP,0000009CGO,AWESOME CARGO,100,2000,1620,12,1,0.95,0.95,0,,0000009FAL,USD,,,PP,HGHOP
19514733,2026-01-12,480,A7,00142925,HGH,VCP,0000009CGO,AWESOME CARGO,100,2000,1749,12,1,0.95,0.95,0,,0000009FAL,USD,,,PP,HGHOP
19514661,2026-01-12,480,A7,00142914,HGH,VCP,0000009CGO,AWESOME CARGO,100,2000,1614,12,1,0.95,0.95,0,,0000009FAL,USD,,,PP,HGHOP
19514630,2026-01-12,480,A7,00142903,HGH,VCP,0000009CGO,AWESOME CARGO,100,2000,1643,12,1,0.95,0.95,0,,0000009FAL,USD,,,PP,HGHOP
19514614,2026-01-12,480,A7,00142892,HGH,VCP,0000009CGO,AWESOME CARGO,100,2000,1624,12,1,0.95,0.95,0,,0000009FAL,USD,,,PP,HGHOP
19514562,2026-01-12,480,A7,00121391,HGH,VCP,0000009CGO,AWESOME CARGO,100,2000,1594,12,1,0.95,0.95,0,,~019514562S,USD,,,PP,HGHOP
19514545,2026-01-12,480,A7,00121461,HGH,VCP,0000009CGO,AWESOME CARGO,57,1061,1061,5.986,1,0.95,0.95,0,,0000009HBI,USD,,,PP,HGHOP
19514462,2026-01-12,480,A7,00121450,HGH,VCP,0000009CGO,AWESOME CARGO,50,1127,1127,6,1,0.95,0.95,0,,0000009HBI,USD,,,PP,HGHOP
19513432,2026-01-12,480,A7,00141610,CGO,NLU,0000009CGO,AWESOME CARGO,96,2122,2122,11.52,1,0.95,0.95,0,,0000009SZT,USD,,,PP,CGOOP1
19513420,2026-01-12,480,A7,00141606,CGO,NLU,0000009CGO,AWESOME CARGO,96,2118,2118,11.52,1,0.95,0.95,0,,0000009SZT,USD,,,PP,CGOOP1
19513407,2026-01-12,480,A7,00141595,CGO,NLU,0000009CGO,AWESOME CARGO,96,2126,2126,11.52,1,0.95,0.95,0,,0000009SZT,USD,,,PP,CGOOP1
19513395,2026-01-12,480,A7,00141584,CGO,NLU,0000009CGO,AWESOME CARGO,96,2213,2213,11.52,1,0.95,0.95,0,,0000009SZT,USD,,,PP,CGOOP1
19513381,2026-01-12,480,A7,00141573,CGO,NLU,0000009CGO,AWESOME CARGO,150,3250,3250,18,1,0.95,0.95,0,,0000009SZT,USD,,,PP,CGOOP1
19513367,2026-01-12,480,A7,00141562,CGO,NLU,0000009CGO,AWESOME CARGO,110,2430,2430,13.2,1,0.95,0.95,0,,0000009SZT,USD,,,PP,CGOOP1
19513358,2026-01-12,480,A7,00141551,CGO,NLU,0000009CGO,AWESOME CARGO,100,2190,2190,12,1,0.95,0.95,0,,0000009SZT,USD,,,PP,CGOOP1
19513348,2026-01-12,480,A7,00141540,CGO,NLU,0000009CGO,AWESOME CARGO,150,3289,3289,18,1,0.95,0.95,0,,0000009SZT,USD,,,PP,CGOOP1
19513286,2026-01-12,480,A7,00141536,CGO,NLU,0000009CGO,AWESOME CARGO,150,3196,3196,18,1,0.95,0.95,0,,0000009SZT,USD,,,PP,CGOOP1
19505133,2026-01-11,480,A7,00142726,CGO,BOG,0000009CGO,AWESOME CARGO,85,1800,1725,10.8,1,0.95,0.95,0,,0000009FUJ,USD,,,PP,CGOOP1
19505119,2026-01-11,480,A7,00142715,CGO,BOG,0000009CGO,AWESOME CARGO,86,3440,1784,20.64,1,0.95,0.95,0,,0000009FUJ,USD,,,PP,CGOOP1
19505115,2026-01-11,480,A7,00126906,CGO,NLU,0000009CGO,AWESOME CARGO,51,2040,1296,12.24,1,0.95,0.95,0,,0000009FUJ,USD,,,PP,CGOOP1
19505113,2026-01-11,480,A7,00126895,CGO,NLU,0000009CGO,AWESOME CARGO,102,2040,2014,12.24,1,0.95,0.95,0,,0000009FUJ,USD,,,PP,CGOOP1
19505108,2026-01-11,480,A7,00126884,CGO,NLU,0000009CGO,AWESOME CARGO,102,2040,2007,12.24,1,0.95,0.95,0,,0000009FUJ,USD,,,PP,CGOOP1
19505103,2026-01-11,480,A7,00126873,CGO,NLU,0000009CGO,AWESOME CARGO,102,2040,1999,12.24,1,0.95,0.95,0,,0000009FUJ,USD,,,PP,CGOOP1
19505099,2026-01-11,480,A7,00126862,CGO,NLU,0000009CGO,AWESOME CARGO,102,2040,2020,12.24,1,0.95,0.95,0,,0000009FUJ,USD,,,PP,CGOOP1
19505096,2026-01-11,480,A7,00126851,CGO,NLU,0000009CGO,AWESOME CARGO,82,2040,1784,12.24,1,0.95,0.95,0,,0000009FUJ,USD,,,PP,CGOOP1
19505094,2026-01-11,480,A7,00126840,CGO,NLU,0000009CGO,AWESOME CARGO,102,2040,2025,12.24,1,0.95,0.95,0,,0000009FUJ,USD,,,PP,CGOOP1
19505086,2026-01-11,480,A7,00126836,CGO,NLU,0000009CGO,AWESOME CARGO,102,2040,2039,12.24,1,0.95,0.95,0,,0000009FUJ,USD,,,PP,CGOOP1
19505080,2026-01-11,480,A7,00126825,CGO,NLU,0000009CGO,AWESOME CARGO,77,2040,1692,12.24,1,0.95,0.95,0,,0000009FUJ,USD,,,PP,CGOOP1
19505076,2026-01-11,480,A7,00126814,CGO,NLU,0000009CGO,AWESOME CARGO,73,2040,1751,12.24,1,0.95,0.95,0,,0000009FUJ,USD,,,PP,CGOOP1
19505072,2026-01-11,480,A7,00126803,CGO,NLU,0000009CGO,AWESOME CARGO,75,2040,1696,12.24,1,0.95,0.95,0,,0000009FUJ,USD,,,PP,CGOOP1
19505065,2026-01-11,480,A7,00126792,CGO,NLU,0000009CGO,AWESOME CARGO,102,2099,2099,12.24,1,0.95,0.95,0,,0000009FUJ,USD,,,PP,CGOOP1
19505057,2026-01-11,480,A7,00126781,CGO,NLU,0000009CGO,AWESOME CARGO,89,2045,1691,12.27,1,0.95,0.95,0,,0000009FUJ,USD,,,PP,CGOOP1
19505050,2026-01-11,480,A7,00126770,CGO,NLU,0000009CGO,AWESOME CARGO,77,2040,1724,12.24,1,0.95,0.95,0,,0000009FUJ,USD,,,PP,CGOOP1
19505046,2026-01-11,480,A7,00126766,CGO,NLU,0000009CGO,AWESOME CARGO,102,2040,1964,12.24,1,0.95,0.95,0,,0000009FUJ,USD,,,PP,CGOOP1
19505042,2026-01-11,480,A7,00126755,CGO,NLU,0000009CGO,AWESOME CARGO,115,2320,1794,13.92,1,0.95,0.95,0,,0000009FUJ,USD,,,PP,CGOOP1
19505024,2026-01-11,480,A7,00126744,CGO,NLU,0000009CGO,AWESOME CARGO,106,2280,1774,13.68,1,0.95,0.95,0,,0000009FUJ,USD,,,PP,CGOOP1
19505013,2026-01-11,480,A7,00126733,CGO,NLU,0000009CGO,AWESOME CARGO,73,2040,1670,12.24,1,0.95,0.95,0,,0000009FUJ,USD,,,PP,CGOOP1
19503038,2026-01-11,HWB,A7,44S0018239,MTY,PVG,0000009TMA,AWESOME CARGO,12,1652.5,1652.5,0,0,0,0,0,,~019503038S,MXN,,,PP,ABARCENAS
19502919,2026-01-11,HWB,A7,MEX0065658,NLU,PVG,86199080015,DSV AIR SEA SA DE CV,1,99,99,0,0,0,0,0,,~019502919S,USD,,,PP,ABARCENAS
19502902,2026-01-11,HWB,A7,MEX0065589,NLU,PVG,86199080015,DSV AIR SEA SA DE CV,1,78.5,78.5,0,0,0,0,0,,~019502902S,USD,,,PP,ABARCENAS
19502885,2026-01-11,HWB,A7,QRO0051364,NLU,PVG,86199080015,DSV AIR SEA SA DE CV,1,125,124.8,0,0,0,0,0,,~019502885S,USD,,,PP,ABARCENAS
19502841,2026-01-11,HWB,A7,CMXA00259178,NLU,HGH,86101830006,BLU CARGO & LOGISTICS SAPI DE CV,3,800.5,800.1,0,0,0,0,0,,~019502841S,USD,,HEA,PP,ABARCENAS
19501838,2026-01-10,HWB,A7,CUU0029536,NLU,PEK,86199080015,DSV AIR SEA SA DE CV,8,739.5,739.5,0,0,0,0,0,,~019501838S,USD,,,PP,ABARCENAS
19501827,2026-01-10,HWB,A7,CUU0029535,NLU,PEK,86199080015,DSV AIR SEA SA DE CV,7,591,591,0,0,0,0,0,,~019501827S,USD,,,PP,ABARCENAS
19501810,2026-01-10,HWB,A7,CUU0029532,NLU,PEK,86199080015,DSV AIR SEA SA DE CV,5,459,459,0,0,0,0,0,,~019501810S,USD,,,PP,ABARCENAS
19501803,2026-01-10,HWB,A7,CUU0029533,NLU,PEK,86199080015,DSV AIR SEA SA DE CV,8,736,736,0,0,0,0,0,,~019501803S,USD,,,PP,ABARCENAS
19500271,2026-01-10,480,A7,00262511,NLU,PVG,86100470002,TIBA MEXICO SA DE CV,2,786,786,0.509,1,746.7,746.7,33.27,,86100470002,USD,,HEA,PP,YMEDINA
19500205,2026-01-10,480,A7,00232514,NLU,HGH,86101830006,BLU CARGO & LOGISTICS SAPI DE CV,3,1008,800.1,6.048,0.65,622.44,622.44,27.78,,86101830006,USD,,HEA,PP,YMEDINA
19499966,2026-01-10,480,A7,00202510,NLU,PVG,86199080015,DSV AIR SEA SA DE CV,3,302.5,302.3,1.519,1.5,431.06,431.06,19.52,,86199080015,USD,,,PP,YMEDINA
19499892,2026-01-10,480,A7,00141330,MTY,PVG,0000009TMA,AWESOME CARGO,12,2318,1652.5,13.907,1.1,2422.31,2422.31,107.35,,86100040003,MXN,,,PP,YMEDINA
19499822,2026-01-10,480,A7,00202532,NLU,PEK,86199080015,DSV AIR SEA SA DE CV,28,6664.5,2525.5,39.985,0.7,4431.89,4431.89,196.5,,86199080015,USD,,,PP,YMEDINA
19490955,2026-01-10,HWB,A7,SCNAE262112,HGH,VCP,0000009CGO,AWESOME CARGO,11,117,117,0,0,0,0,0,,~019490955S,USD,,,PP,ABARCENAS
19490861,2026-01-10,HWB,A7,ATS260113,HGH,VCP,0000009CGO,AWESOME CARGO,6,1439,1439,0,0,0,0,0,,~019490861S,USD,,HEA,PP,ABARCENAS
19489388,2026-01-09,480,A7,00139110,VCP,NLU,0000002ATC,ATC AVIATION SERVICES,18,1375,1374.7,7.82,2.3,3004.37,3039.37,9.49,,~019489388S,USD,,,PP,BENRIQUEZ
19485502,2026-01-09,HWB,A7,I79030,VCP,NLU,0000002ATC,ATC AVIATION SERVICES,12,1603.5,1603.1,0,0,0,0,0,,~019485502S,USD,,,PP,WBORGES
19485280,2026-01-09,HWB,A7,I097406,VCP,NLU,0000002ATC,ATC AVIATION SERVICES,7,1338,781.1,0,0,0,0,0,,~019485280S,USD,,,PP,WBORGES
19485201,2026-01-09,480,A7,00139156,VCP,NLU,0000002ATC,ATC AVIATION SERVICES,9,1860,1053.5,11.16,0,0,0,0,,~019485201S,USD,,HEA,PP,LSILVA
19477714,2026-01-09,480,A7,00117165,HGH,VCP,0000009CGO,AWESOME CARGO,11,2000,117,12,1,0.95,0.95,0,,0000009XPD,USD,,HEA,PP,HGHOP
19477531,2026-01-09,480,A7,00101883,HGH,VCP,0000009CGO,AWESOME CARGO,6,2000,1439,12,1,0.95,0.95,0,,0000009PGB,USD,,HEA,PP,HGHOP
19477510,2026-01-09,480,A7,00121380,HGH,VCP,0000009CGO,AWESOME CARGO,51,2000,1100,12,1,0.95,0.95,0,,0000009HBI,USD,,,PP,HGHOP
19477478,2026-01-09,480,A7,00121376,HGH,VCP,0000009CGO,AWESOME CARGO,54,2000,1106,12,1,0.95,0.95,0,,0000009HBI,USD,,,PP,HGHOP
19477460,2026-01-09,480,A7,00117154,HGH,NLU,0000009CGO,AWESOME CARGO,179,3919,3919,21.48,1,0.95,0.95,0,,0000009SZI,USD,,,PP,HGHOP
19477438,2026-01-09,480,A7,00117143,HGH,NLU,0000009CGO,AWESOME CARGO,100,2149,2149,12,1,0.95,0.95,0,,0000009SZI,USD,,,PP,HGHOP
19477410,2026-01-09,480,A7,00117132,HGH,NLU,0000009CGO,AWESOME CARGO,100,2157,2157,12,1,0.95,0.95,0,,0000009SZI,USD,,,PP,HGHOP
19477385,2026-01-09,480,A7,00117121,HGH,NLU,0000009CGO,AWESOME CARGO,100,2152,2152,12,1,0.95,0.95,0,,0000009SZI,USD,,,PP,HGHOP
19477353,2026-01-09,480,A7,00117110,HGH,NLU,0000009CGO,AWESOME CARGO,100,2165,2165,12,1,0.95,0.95,0,,0000009SZI,USD,,,PP,HGHOP
19474977,2026-01-09,480,A7,00141525,HGH,NLU,0000009CGO,AWESOME CARGO,51,1417,1417,12.2,1,0.95,0.95,0,,0000009HRI,USD,,,PP,HGHOP
19474882,2026-01-09,480,A7,00141514,HGH,NLU,0000009CGO,AWESOME CARGO,94,1932,1932,12.24,1,0.95,0.95,0,,0000009HRI,USD,,,PP,HGHOP
19474863,2026-01-09,480,A7,00126921,HGH,NLU,0000009CGO,AWESOME CARGO,68,1553,1553,12.24,1,0.95,0.95,0,,0000009HRI,USD,,,PP,HGHOP
19474845,2026-01-09,480,A7,00126910,HGH,NLU,0000009CGO,AWESOME CARGO,94,1883,1883,12.24,1,0.95,0.95,0,,0000009HRI,USD,,,PP,HGHOP
19474779,2026-01-09,480,A7,00126663,HGH,NLU,0000009CGO,AWESOME CARGO,100,1775,1775,12,1,0.95,0.95,0,,0000009FUJ,USD,,,PP,HGHOP
19474762,2026-01-09,480,A7,00126652,HGH,NLU,0000009CGO,AWESOME CARGO,100,1536,1536,12,1,0.95,0.95,0,,0000009FUJ,USD,,,PP,HGHOP
19474738,2026-01-09,480,A7,00126641,HGH,NLU,0000009CGO,AWESOME CARGO,100,1819,1819,12,1,0.95,0.95,0,,0000009FUJ,USD,,,PP,HGHOP
19474718,2026-01-09,480,A7,00126630,HGH,NLU,0000009CGO,AWESOME CARGO,100,1451,1451,12,1,0.95,0.95,0,,0000009FUJ,USD,,,PP,HGHOP
19474695,2026-01-09,480,A7,00126626,HGH,NLU,0000009CGO,AWESOME CARGO,100,1445,1445,12,1,0.95,0.95,0,,0000009FUJ,USD,,,PP,HGHOP
19474680,2026-01-09,480,A7,00126615,HGH,NLU,0000009CGO,AWESOME CARGO,100,1240,1240,12,1,0.95,0.95,0,,0000009FUJ,USD,,,PP,HGHOP
19474668,2026-01-09,480,A7,00126604,HGH,NLU,0000009CGO,AWESOME CARGO,100,1733,1733,12,1,0.95,0.95,0,,0000009FUJ,USD,,,PP,HGHOP
19474651,2026-01-09,480,A7,00126593,HGH,NLU,0000009CGO,AWESOME CARGO,100,1585,1585,12,1,0.95,0.95,0,,0000009FUJ,USD,,,PP,HGHOP
19474644,2026-01-09,480,A7,00126582,HGH,NLU,0000009CGO,AWESOME CARGO,100,1607,1607,12,1,0.95,0.95,0,,0000009FUJ,USD,,,PP,HGHOP
19474635,2026-01-09,480,A7,00126571,HGH,NLU,0000009CGO,AWESOME CARGO,100,1625,1625,12,1,0.95,0.95,0,,0000009FUJ,USD,,,PP,HGHOP
19474609,2026-01-09,480,A7,00126560,HGH,NLU,0000009CGO,AWESOME CARGO,100,1638,1638,12,1,0.95,0.95,0,,0000009FUJ,USD,,,PP,HGHOP
19473372,2026-01-09,480,A7,00126556,HGH,NLU,0000009CGO,AWESOME CARGO,100,1495,1495,12,1,0.95,0.95,0,,0000009FUJ,USD,,,PP,HGHOP
19473355,2026-01-09,480,A7,00126722,HGH,VCP,0000009CGO,AWESOME CARGO,100,2000,1642,12,1,0.95,0.95,0,,0000009FUJ,USD,,,PP,HGHOP
19473343,2026-01-09,480,A7,00126711,HGH,VCP,0000009CGO,AWESOME CARGO,100,2000,1722,12,1,0.95,0.95,0,,0000009FUJ,USD,,,PP,HGHOP
19473326,2026-01-09,480,A7,00126700,HGH,VCP,0000009CGO,AWESOME CARGO,100,2000,1780,12,1,0.95,0.95,0,,0000009FUJ,USD,,,PP,HGHOP
19473307,2026-01-09,480,A7,00126696,HGH,VCP,0000009CGO,AWESOME CARGO,100,2000,1491,12,1,0.95,0.95,0,,0000009FUJ,USD,,,PP,HGHOP
19473283,2026-01-09,480,A7,00126685,HGH,VCP,0000009CGO,AWESOME CARGO,100,2000,1701,12,1,0.95,0.95,0,,0000009FUJ,USD,,,PP,HGHOP
19473054,2026-01-09,480,A7,00126674,HGH,VCP,0000009CGO,AWESOME CARGO,100,2000,1677,12,1,0.95,0.95,0,,0000009FUJ,USD,,,PP,HGHOP
19470814,2026-01-09,480,ET,00200804,NLU,BOG,0000009ETH,ETHIOPIAN CARGO,21,846.5,228,5.077,0.7,495.25,495.25,19.81,,86199460034,USD,,,PP,PTOLEDO
19470797,2026-01-09,480,ET,00201795,NLU,CCS,0000009ETH,ETHIOPIAN CARGO,2,1571.5,1571.4,3.076,4.5,7071.75,7071.75,282.87,,86199080015,USD,,HEA,PP,PTOLEDO
19470768,2026-01-09,480,ET,00201504,NLU,BOG,0000009ETH,ETHIOPIAN CARGO,1,148,52,0.887,1.2,177.6,177.6,7.1,,86100040003,USD,,,PP,PTOLEDO
19470591,2026-01-09,480,ET,00202075,GDL,CCS,0000009ETH,ETHIOPIAN CARGO,3,126.5,126.3,0.686,5.8,733.7,733.7,29.35,,86199080015,USD,,,PP,PTOLEDO
19470525,2026-01-09,480,ET,00202016,NLU,BOG,0000009ETH,ETHIOPIAN CARGO,2,681,649,711,0.7,497.7,497.7,19.91,,86190110020,USD,,HEA,PP,PTOLEDO
19470462,2026-01-09,480,ET,00201633,NLU,VVI,0000009ETH,ETHIOPIAN CARGO,1,178,177.9,0.583,4.5,801,801,32.04,,86199080015,USD,,HEA,PP,PTOLEDO
19470406,2026-01-09,480,E7,00201876,NLU,BOG,0000009ETH,ETHIOPIAN CARGO,1,113,113,0.23,0,150,150,6,,86100370005,USD,,,PP,PTOLEDO
19470371,2026-01-09,480,ET,00201681,NLU,BOG,0000009ETH,ETHIOPIAN CARGO,1,556,555.8,1.42,0.5,278,278,11.12,,86199080015,USD,,HEA,PP,PTOLEDO
19470350,2026-01-09,480,ET,00201880,NLU,BOG,0000009ETH,ETHIOPIAN CARGO,1,191,97,1.145,1.2,229.2,229.2,9.17,,86100370005,USD,,,PP,PTOLEDO
19466723,2026-01-08,HWB,A7,PBC59475836,NLU,PVG,86102340004,JAS FORWARDING DE MEXICO SA DE CV,1,540,540,0,0,0,0,0,,~019466723S,USD,,HEA,PP,JHERNANDEZ
19466602,2026-01-08,480,A7,00217512,NLU,PVG,86102340004,JAS FORWARDING DE MEXICO SA DE CV,1,540,540,1.363,0,0,0,0,,86102340004,USD,,HEA,PP,YMEDINA
19466561,2026-01-08,HWB,A7,MEX0065629,NLU,PVG,86199080015,DSV AIR SEA SA DE CV,2,442.5,442.4,0,0,0,0,0,,~019466561S,USD,,HEA,PP,JHERNANDEZ
19466479,2026-01-08,HWB,A7,NEX30101721,NLU,HGH,0000009TMA,AWESOME CARGO,2,1040.5,1040.2,0,0,0,0,0,,~019466479S,USD,,HEA,PP,JHERNANDEZ
19466467,2026-01-08,480,A7,00202565,NLU,PVG,86199080015,DSV AIR SEA SA DE CV,2,442.5,442.4,2.157,0,0,0,0,,86199080015,USD,,HEA,PP,YMEDINA
19466074,2026-01-08,HWB,A7,NEX30101754,NLU,HGH,0000009TMA,AWESOME CARGO,12,5787.5,5787.2,0,0,0,0,0,,~019466074S,USD,,HEA,PP,JHERNANDEZ
19465331,2026-01-08,HWB,A7,NEX30101651,NLU,HGH,0000009TMA,AWESOME CARGO,15,7040,7040,0,0,0,0,0,,~019465331S,USD,,HEA,PP,JHERNANDEZ
19464780,2026-01-08,480,A7,00141315,NLU,HGH,0000009TMA,AWESOME CARGO,12,5787.5,5787.2,17.483,0,0,0,0,,~019464780S,USD,,HEA,PP,YMEDINA
19464651,2026-01-08,480,A7,00141411,NLU,HGH,0000009TMA,AWESOME CARGO,2,1040.5,1040.2,3.022,0.9,0,936.45,0,,~019464651S,USD,,HEA,PP,YMEDINA
19464462,2026-01-08,480,A7,00138574,NLU,HGH,0000009TMA,AWESOME CARGO,15,7040,7040,20.481,0.9,6019.2,6019.2,266.37,,~019464462S,USD,,HEA,PP,YMEDINA
19453241,2026-01-08,HWB,A7,QRO0051310,NLU,PVG,0000009TMA,AWESOME CARGO,1,249,249,0,0,0,0,0,,~019453241S,USD,,HEA,PP,JHERNANDEZ
19452541,2026-01-08,480,A7,00227511,NLU,HGH,86102290002,NGL NAVIGATOR GLOBAL LOGISTICS,9,1898.5,1268,11.39,0.65,1172.33,1172.33,51.99,,~019452541S,USD,,,PP,YMEDINA
19451410,2026-01-07,HWB,DH,MEX02588574,MTY,PVG,0000009TMA,AWESOME CARGO,1,750,750,0,0,0,0,0,,~019451410S,MXN,,HEA,PP,SLEDESMA
19449717,2026-01-07,480,A7,00141503,MTY,PVG,0000009TMA,AWESOME CARGO,1,750,750,1.788,1.2,855,855,38.06,,~019449717S,MXN,,HEA,PP,YMEDINA
19449362,2026-01-07,480,A7,00141422,NLU,PVG,0000009TMA,AWESOME CARGO,1,267,249,1.602,2,507.3,507.3,22.69,,86199080015,USD,,HEA,PP,YMEDINA
19429810,2026-01-06,HWB,DH,1009471,VCP,NLU,0000002ATC,ATC AVIATION SERVICES,19,4508,4507.9,0,0,0,0,0,,~019429810S,USD,,HEA,PP,WBORGES
19424133,2026-01-06,HWB,A7,SZX846483,NLU,VCP,0000009TMA,AWESOME CARGO,5,14,14,0,0,0,0,0,,~019424133S,USD,,,PP,ABARCENAS
19424097,2026-01-06,HWB,A7,SZX846494,NLU,VCP,0000009TMA,AWESOME CARGO,5,22,22,0,0,0,0,0,,~019424097S,USD,,,PP,ABARCENAS
19422909,2026-01-05,480,A7,00141341,NLU,VCP,0000009TMA,AWESOME CARGO,10,48.5,36,0.29,0,0,0,0,,86199080015,USD,,,PP,YMEDINA
19422043,2026-01-05,HWB,A7,CWB0019197,VCP,NLU,00000010DSV,DSV Air & Sea Brasil Ltda,8,512.5,373,0,0,0,0,0,,~019422043S,USD,,,PP,WBORGES
19421972,2026-01-05,HWB,A7,CWB0019213,VCP,NLU,00000010DSV,DSV Air & Sea Brasil Ltda,1,145,145,0,0,0,0,0,,~019421972S,USD,,HEA,PP,WBORGES
19421820,2026-01-05,480,A7,00139053,VCP,NLU,0000002ATC,ATC AVIATION SERVICES,10,3200,1572.3,19.2,0,0,0,0,,~019421820S,USD,,HEA,PP,LSILVA
19421171,2026-01-05,480,A7,00139031,VCP,NLU,00000010DSV,DSV Air & Sea Brasil Ltda,9,602.5,518,3.614,0,0,0,0,,~019421171S,USD,,,PP,LSILVA
19417462,2026-01-05,480,A7,00073010,HGH,NLU,0000009CGO,AWESOME CARGO,154,2396,2396,12,1,0.95,0.95,0,,0000009SQS,USD,,,PP,HGHOP
19417428,2026-01-05,480,A7,00126512,HGH,NLU,0000009CGO,AWESOME CARGO,100,2000,1527,12,1,0.95,0.95,0,,0000009FUJ,USD,,,PP,HGHOP
19417404,2026-01-05,480,A7,00126501,HGH,NLU,0000009CGO,AWESOME CARGO,100,2000,1571,12,1,0.95,0.95,0,,0000009FUJ,USD,,,PP,HGHOP
19417372,2026-01-05,480,A7,00126490,HGH,NLU,0000009CGO,AWESOME CARGO,100,2000,1725,12,1,0.95,0.95,0,,0000009FUJ,USD,,,PP,HGHOP
19417362,2026-01-05,480,A7,00126486,HGH,NLU,0000009CGO,AWESOME CARGO,100,2000,1792,12,1,0.95,0.95,0,,0000009FUJ,USD,,,PP,HGHOP
19417345,2026-01-05,480,A7,00126475,HGH,NLU,0000009CGO,AWESOME CARGO,100,2000,1561,12,1,0.95,0.95,0,,0000009FUJ,USD,,,PP,HGHOP
19417334,2026-01-05,480,A7,00126464,HGH,NLU,0000009CGO,AWESOME CARGO,100,2000,1555,12,1,0.95,0.95,0,,0000009FUJ,USD,,,PP,HGHOP
19417319,2026-01-05,480,A7,00126453,HGH,NLU,0000009CGO,AWESOME CARGO,100,2000,1522,12,1,0.95,0.95,0,,0000009FUJ,USD,,,PP,HGHOP
19417312,2026-01-05,480,A7,00126442,HGH,NLU,0000009CGO,AWESOME CARGO,100,2000,1680,12,1,0.95,0.95,0,,0000009FUJ,USD,,,PP,HGHOP
19417300,2026-01-05,480,A7,00126431,HGH,NLU,0000009CGO,AWESOME CARGO,100,2000,1606,12,1,0.95,0.95,0,,0000009FUJ,USD,,,PP,HGHOP
19417291,2026-01-05,480,A7,00126420,HGH,NLU,0000009CGO,AWESOME CARGO,100,2000,1601,12,1,0.95,0.95,0,,0000009FUJ,USD,,,PP,HGHOP
19417275,2026-01-05,480,A7,00126416,HGH,NLU,0000009CGO,AWESOME CARGO,100,2000,1471,12,1,0.95,0.95,0,,0000009FUJ,USD,,,PP,HGHOP
19417261,2026-01-05,480,A7,00126405,HGH,NLU,0000009CGO,AWESOME CARGO,100,2000,1657,12,1,0.95,0.95,0,,0000009FUJ,USD,,,PP,HGHOP
19417226,2026-01-05,480,A7,00126394,HGH,NLU,0000009CGO,AWESOME CARGO,100,2000,1485,12,1,0.95,0.95,0,,0000009FUJ,USD,,,PP,HGHOP
19417203,2026-01-05,480,A7,00126383,HGH,NLU,0000009CGO,AWESOME CARGO,100,2000,1753,12,1,0.95,0.95,0,,0000009FUJ,USD,,,PP,HGHOP
19417182,2026-01-05,480,A7,00126372,HGH,NLU,0000009CGO,AWESOME CARGO,100,2000,1604,12,1,0.95,0.95,0,,0000009FUJ,USD,,,PP,HGHOP
19417154,2026-01-05,480,A7,00126361,HGH,NLU,0000009CGO,AWESOME CARGO,100,2000,1561,12,1,0.95,0.95,0,,0000009FUJ,USD,,,PP,HGHOP
19417137,2026-01-05,480,A7,00126350,HGH,NLU,0000009CGO,AWESOME CARGO,100,2000,1616,12,1,0.95,0.95,0,,0000009FUJ,USD,,,PP,HGHOP
19417066,2026-01-05,480,A7,00126346,HGH,NLU,0000009CGO,AWESOME CARGO,100,2000,1589,12,1,0.95,0.95,0,,0000009FUJ,USD,,,PP,HGHOP
19416683,2026-01-05,480,A7,00126545,HGH,VCP,0000009CGO,AWESOME CARGO,100,1693,1693,6,1,0.95,0.95,0,,0000009FUJ,USD,,,PP,HGHOP
19416655,2026-01-05,480,A7,00126534,HGH,VCP,0000009CGO,AWESOME CARGO,100,1658,1658,6,1,0.95,0.95,0,,0000009FUJ,USD,,,PP,HGHOP
19416627,2026-01-05,480,A7,00126523,HGH,VCP,0000009CGO,AWESOME CARGO,100,1701,1701,6,1,0.95,0.95,0,,0000009FUJ,USD,,,PP,HGHOP
19416112,2026-01-05,480,A7,00101872,HGH,VCP,0000009CGO,AWESOME CARGO,10,2505,2505,6,1,0.95,0.95,0,,0000009XYP,USD,,HEA,PP,HGHOP
19416093,2026-01-05,480,A7,00121181,HGH,VCP,0000009CGO,AWESOME CARGO,60,1130,1130,6,1,0.95,0.95,0,,0000009HBI,USD,,,PP,HGHOP
19416073,2026-01-05,480,A7,00121170,HGH,VCP,0000009CGO,AWESOME CARGO,50,1195,1195,6,1,0.95,0.95,0,,0000009HBI,USD,,,PP,HGHOP
19416043,2026-01-05,480,A7,00121166,HGH,VCP,0000009CGO,AWESOME CARGO,53,1120,1120,6,1,0.95,0.95,0,,0000009HBI,USD,,,PP,HGHOP
19416027,2026-01-05,480,A7,00121155,HGH,VCP,0000009CGO,AWESOME CARGO,50,1191,1191,6,1,0.95,0.95,0,,0000009HBI,USD,,,PP,HGHOP
19416000,2026-01-05,480,A7,00121144,HGH,VCP,0000009CGO,AWESOME CARGO,50,1193,1193,6,1,0.95,0.95,0,,0000009HBI,USD,,,PP,HGHOP
19415961,2026-01-05,480,A7,00121133,HGH,VCP,0000009CGO,AWESOME CARGO,50,1190,1190,6,1,0.95,0.95,0,,0000009HBI,USD,,,PP,HGHOP
19415936,2026-01-05,480,A7,00121365,HGH,VCP,0000009CGO,AWESOME CARGO,58,1119,1119,6,1,0.95,0.95,0,,0000009HBI,USD,,,PP,HGHOP
19415874,2026-01-05,480,A7,00121354,HGH,VCP,0000009CGO,AWESOME CARGO,50,1139,1139,6,1,0.95,0.95,0,,0000009HBI,USD,,,PP,HGHOP
19415844,2026-01-05,480,A7,00121343,HGH,VCP,0000009CGO,AWESOME CARGO,51,1131,1131,6,1,0.95,0.95,0,,0000009HBI,USD,,,PP,HGHOP
19415592,2026-01-05,480,A7,00121332,HGH,VCP,0000009CGO,AWESOME CARGO,50,1120,1120,6,1,0.95,0.95,0,,0000009HBI,USD,,,PP,HGHOP
19410869,2026-01-04,480,ET,00201482,NLU,BOG,0000009ETH,ETHIOPIAN CARGO,14,812.5,198.5,4.872,0,446.88,446.88,17.88,,86100040003,USD,,,PP,PTOLEDO
19410863,2026-01-04,480,ET,00200281,NLU,BOG,0000009ETH,ETHIOPIAN CARGO,2,222,221.6,0.682,2,444,444,17.76,,86199080015,USD,,,PP,PTOLEDO
19410859,2026-01-04,480,ET,00201773,NLU,BOG,0000009ETH,ETHIOPIAN CARGO,3,1145.5,1145.3,4.219,0,1245.5,1245.5,49.82,,86199080015,USD,,HEA,PP,PTOLEDO
19410845,2026-01-04,480,ET,00201832,NLU,LIM,0000009ETH,ETHIOPIAN CARGO,1,338,338,0.796,0,926,926,17.04,,86100280000,USD,,HEA,PP,PTOLEDO
19410823,2026-01-04,480,ET,00201471,NLU,BOG,0000009ETH,ETHIOPIAN CARGO,23,4146,1327,24.875,0.5,2610.5,2610.5,104.42,,86100040003,USD,,,PP,PTOLEDO
19410790,2026-01-04,480,ET,00201703,NLU,LIM,0000009ETH,ETHIOPIAN CARGO,4,1615.5,1615.4,3.864,1.8,2907.9,2907.9,116.32,,86199080015,USD,,HEA,PP,PTOLEDO
19410714,2026-01-04,480,ET,00102082,NLU,BOG,0000009CGO,AWESOME CARGO,5,2401,2401,6.338,0,0,0,0,,,USD,,HEA,PP,PTOLEDO
19394329,2026-01-02,HWB,A7,POA0062318,VCP,NLU,0000002ATC,ATC AVIATION SERVICES,2,1771,1771,0,0,0,0,0,,~019394329S,USD,,HEA,PP,WBORGES
19394149,2026-01-02,480,A7,00111296,VCP,NLU,0000002ATC,ATC AVIATION SERVICES,19,2738.5,2384.2,16.431,0,0,0,0,,~019394149S,USD,,,PP,LSILVA
19390406,2026-01-02,480,A7,00107520,HGH,NLU,0000009CGO,AWESOME CARGO,100,2000,1871,12,1,0.95,0.95,0,,0000009HRI,USD,,,PP,HGHOP
19390387,2026-01-02,480,A7,00107461,HGH,NLU,0000009CGO,AWESOME CARGO,94,1986.5,1762,11.919,1,0.95,0.95,0,,0000009HRI,USD,,,PP,HGHOP
19390373,2026-01-02,480,A7,00107450,HGH,NLU,0000009CGO,AWESOME CARGO,100,2000,1932,12,1,0.95,0.95,0,,0000009HRI,USD,,,PP,HGHOP
19390364,2026-01-02,480,A7,00107446,HGH,NLU,0000009CGO,AWESOME CARGO,100,2000,1969,12,1,0.95,0.95,0,,0000009HRI,USD,,,PP,HGHOP
19390348,2026-01-02,480,A7,00107435,HGH,NLU,0000009CGO,AWESOME CARGO,92,2000,1848,12,1,0.95,0.95,0,,0000009HRI,USD,,,PP,HGHOP
19390339,2026-01-02,480,A7,00107424,HGH,NLU,0000009CGO,AWESOME CARGO,132,1980,1768,11.88,1,0.95,0.95,0,,0000009HRI,USD,,,PP,HGHOP
19390329,2026-01-02,480,A7,00107413,HGH,NLU,0000009CGO,AWESOME CARGO,84,2000,1709,12,1,0.95,0.95,0,,0000009HRI,USD,,,PP,HGHOP
19390325,2026-01-02,480,A7,00107402,HGH,NLU,0000009CGO,AWESOME CARGO,98,2000,1939,12,1,0.95,0.95,0,,0000009HRI,USD,,,PP,HGHOP
19390309,2026-01-02,480,A7,00107391,HGH,NLU,0000009CGO,AWESOME CARGO,81,2000,1668,12,1,0.95,0.95,0,,0000009HRI,USD,,,PP,HGHOP
19390253,2026-01-02,480,A7,00107380,HGH,NLU,0000009CGO,AWESOME CARGO,78,1999.5,1672,11.996,1,0.95,0.95,0,,0000009HRI,USD,,,PP,HGHOP
19390241,2026-01-02,480,A7,00107376,HGH,NLU,0000009CGO,AWESOME CARGO,88,1760,1673,10.56,1,0.95,0.95,0,,0000009HRI,USD,,,PP,HGHOP
19390231,2026-01-02,480,A7,00107365,HGH,NLU,0000009CGO,AWESOME CARGO,74,2000,1619,12,1,0.95,0.95,0,,0000009HRI,USD,,,PP,HGHOP
19390218,2026-01-02,480,A7,00107531,HGH,NLU,0000009CGO,AWESOME CARGO,66,968,766,5.808,1,0.95,0.95,0,,0000009HRI,USD,,,PP,HGHOP
19390171,2026-01-02,480,A7,00073006,HGH,NLU,0000009CGO,AWESOME CARGO,87,1822,1822,10.896,1,0.95,0.95,0,,~019390171S,USD,,,PP,HGHOP
19390156,2026-01-02,480,A7,00126313,HGH,NLU,0000009CGO,AWESOME CARGO,100,2000,1522,12,1,0.95,0.95,0,,0000009FAL,USD,,,PP,HGHOP
19390149,2026-01-02,480,A7,00126302,HGH,NLU,0000009CGO,AWESOME CARGO,100,2000,1534,12,1,0.95,0.95,0,,0000009FAL,USD,,,PP,HGHOP
19390143,2026-01-02,480,A7,00126291,HGH,NLU,0000009CGO,AWESOME CARGO,100,2000,1549,12,1,0.95,0.95,0,,0000009FAL,USD,,,PP,HGHOP
19390129,2026-01-02,480,A7,00126280,HGH,NLU,0000009CGO,AWESOME CARGO,100,2000,1571,12,1,0.95,0.95,0,,0000009FAL,USD,,,PP,HGHOP
19390123,2026-01-02,480,A7,00107752,HGH,NLU,0000009CGO,AWESOME CARGO,100,2000,1601,12,1,0.95,0.95,0,,0000009FAL,USD,,,PP,HGHOP
19390114,2026-01-02,480,A7,00107741,HGH,NLU,0000009CGO,AWESOME CARGO,100,2000,1567,12,1,0.95,0.95,0,,0000009FAL,USD,,,PP,HGHOP
19390104,2026-01-02,480,A7,00107730,HGH,NLU,0000009CGO,AWESOME CARGO,100,2000,1764,12,1,0.95,0.95,0,,0000009FAL,USD,,,PP,HGHOP
19390098,2026-01-02,480,A7,00107726,HGH,NLU,0000009CGO,AWESOME CARGO,100,2000,1836,12,1,0.95,0.95,0,,0000009FAL,USD,,,PP,HGHOP
19390089,2026-01-02,480,A7,00107715,HGH,NLU,0000009CGO,AWESOME CARGO,100,2000,1649,12,1,0.95,0.95,0,,0000009FAL,USD,,,PP,HGHOP
19390084,2026-01-02,480,A7,00107704,HGH,NLU,0000009CGO,AWESOME CARGO,100,2000,1684,12,1,0.95,0.95,0,,0000009FAL,USD,,,PP,HGHOP
19390078,2026-01-02,480,A7,00107693,HGH,NLU,0000009CGO,AWESOME CARGO,100,2000,1629,12,1,0.95,0.95,0,,0000009FAL,USD,,,PP,HGHOP
19390061,2026-01-02,480,A7,00107682,HGH,NLU,0000009CGO,AWESOME CARGO,100,2000,1563,12,1,0.95,0.95,0,,0000009FAL,USD,,,PP,HGHOP
19390052,2026-01-02,480,A7,00107671,HGH,NLU,0000009CGO,AWESOME CARGO,100,2000,1717,12,1,0.95,0.95,0,,0000009FAL,USD,,,PP,HGHOP
19390043,2026-01-02,480,A7,00126335,HGH,VCP,0000009CGO,AWESOME CARGO,100,2000,1744,12,1,0.95,0.95,0,,0000009FAL,USD,,,PP,HGHOP
19390034,2026-01-02,480,A7,00126324,HGH,VCP,0000009CGO,AWESOME CARGO,100,2000,1912,12,1,0.95,0.95,0,,0000009FAL,USD,,,PP,HGHOP
19390013,2026-01-02,480,A7,00121321,HGH,VCP,0000009CGO,AWESOME CARGO,50,1190,1190,6,1,0.95,0.95,0,,0000009HBI,USD,,,PP,HGHOP
19390005,2026-01-02,480,A7,00121310,HGH,VCP,0000009CGO,AWESOME CARGO,50,1189,1189,6,1,0.95,0.95,0,,0000009HBI,USD,,,PP,HGHOP
19389990,2026-01-02,480,A7,00121306,HGH,VCP,0000009CGO,AWESOME CARGO,50,1185,1185,6,1,0.95,0.95,0,,0000009HBI,USD,,,PP,HGHOP
19389898,2026-01-02,480,A7,00121295,HGH,VCP,0000009CGO,AWESOME CARGO,50,1188,1188,6,1,0.95,0.95,0,,0000009HBI,USD,,,PP,HGHOP
19382665,2026-01-01,480,ET,00201810,NLU,LIM,0000009ETH,ETHIOPIAN CARGO,1,176,176,0.996,2.5,440,440,17.6,,,USD,,HEA,PP,PTOLEDO
19382655,2026-01-01,480,ET,00200266,NLU,LIM,0000009ETH,ETHIOPIAN CARGO,2,299.5,299.5,1.581,1.8,539.1,539.1,21.56,,86199080015,USD,,,PP,PTOLEDO
19382637,2026-01-01,480,ET,00201670,NLU,CCS,0000009ETH,ETHIOPIAN CARGO,2,55,54.6,0.258,10,550,550,22,,86199080015,USD,,,PP,PTOLEDO
19382631,2026-01-01,480,ET,00201460,NLU,BOG,0000009ETH,ETHIOPIAN CARGO,10,748,748,4.208,0.5,374,374,14.96,,86100040003,USD,,,PP,PTOLEDO
19382623,2026-01-01,480,ET,00201961,NLU,BOG,0000009ETH,ETHIOPIAN CARGO,6,624,455,3.742,0.6,375,375,15,,86199080015,USD,,,PP,PTOLEDO
19382610,2026-01-01,480,ET,00201972,NLU,BOG,0000009ETH,ETHIOPIAN CARGO,12,4301,4300.7,19.709,0.5,2150.5,2150.5,86.02,,86100280000,USD,,HEA,PP,PTOLEDO
19382592,2026-01-01,480,ET,00200292,NLU,BOG,0000009ETH,ETHIOPIAN CARGO,3,996,426.6,5.974,0.5,498,498,19.92,,86199080015,USD,,,PP,PTOLEDO
19382575,2026-01-01,480,ET,00201456,NLU,BOG,0000009ETH,ETHIOPIAN CARGO,6,1471,772,8.824,0.55,809.05,809.05,32.36,,86100040003,USD,,,PP,PTOLEDO
19382565,2026-01-01,480,ET,00201821,NLU,BOG,0000009ETH,ETHIOPIAN CARGO,2,8271.5,5940,49.627,0.6,5040,5040,201.6,,86102310092,USD,,HEA,PP,PTOLEDO
19382553,2026-01-01,480,ET,00201865,NLU,BOG,0000009ETH,ETHIOPIAN CARGO,3,488,414,2.926,,0,0,0,,86100370005,USD,,,,PTOLEDO
19382503,2026-01-01,480,ET,00201191,NLU,BOG,0000009ETH,ETHIOPIAN CARGO,1,248.5,179,1.489,,0,0,0,,86190110020,USD,,HEA,,PTOLEDO
19382478,2026-01-01,480,ET,00201854,NLU,BOG,0000009ETH,ETHIOPIAN CARGO,1,759,759,1800,0,0,0,0,,86114130001,USD,,HEA,PP,PTOLEDO
19376665,2025-12-31,HWB,A7,QRO0051302,NLU,PVG,0000009TMA,AWESOME CARGO,2,150,150,0,0,0,0,0,,~019376665S,USD,,,PP,JHERNANDEZ
19376617,2025-12-31,HWB,A7,PBC0062746,NLU,PVG,0000009TMA,AWESOME CARGO,19,2805.5,2805.5,0,0,0,0,0,,~019376617S,USD,,,PP,JHERNANDEZ
19376593,2025-12-31,HWB,A7,CMXA00246287,NLU,HGH,0000009TMA,AWESOME CARGO,3,855,854.9,0,0,0,0,0,,~019376593S,USD,,HEA,PP,JHERNANDEZ
19375091,2025-12-31,480,A7,00141444,NLU,HGH,0000009TMA,AWESOME CARGO,3,1056,854.9,6.336,0.75,752.4,752.4,0,,~019375091S,USD,,HEA,PP,YMEDINA
19374737,2025-12-31,480,A7,00141433,NLU,PVG,0000009TMA,AWESOME CARGO,19,2805.5,2805.5,12.251,0.7,1865.66,1865.66,0,,~019374737S,USD,,,PP,YMEDINA
19374140,2025-12-31,480,A7,00141481,NLU,PVG,0000009TMA,AWESOME CARGO,2,150,150,0.88,1.8,256.5,256.5,0,,~019374140S,USD,,,PP,YMEDINA
19363802,2025-12-30,HWB,DH,SZX846469,NLU,VCP,0000009TMA,AWESOME CARGO,8,46,46,0,0,0,0,0,,~019363802S,USD,,,PP,JHERNANDEZ
19362489,2025-12-30,480,ET,00201622,GDL,SDQ,0000009ETH,ETHIOPIAN CARGO,1,217.5,57,1.303,3.5,759.5,759.5,0,,99952360001,MXN,,,PP,PTOLEDO
19362476,2025-12-30,HWB,A7,1071624519,VCP,NLU,0000009KNS,KUEHNE NAGEL SERVICOS LOGISTICOS,22,7040,3184.4,0,0,0,0,0,,~019362476S,USD,,,PP,WBORGES
19362362,2025-12-30,HWB,A7,RIO0013555,VCP,NLU,0000002ATC,ATC AVIATION SERVICES,22,3005.5,2612.6,0,0,0,0,0,,~019362362S,USD,,,PP,WBORGES
19361924,2025-12-30,HWB,A7,S2501501202,VCP,NLU,0000002ATC,ATC AVIATION SERVICES,35,7096,4114,0,0,0,0,0,,~019361924S,USD,,,PP,WBORGES
19360924,2025-12-30,480,A7,00141400,NLU,VCP,0000009TMA,AWESOME CARGO,8,52,46,0.311,9,444.6,444.6,19.92,,~019360924S,USD,,,PP,YMEDINA
19347947,2025-12-29,480,A7,00115161,VCP,NLU,0000002ATC,ATC AVIATION SERVICES,35,7096,4114,42.576,0,0,0,0,,~019347947S,USD,,,PP,LSILVA
19347853,2025-12-29,480,A7,00139016,VCP,NLU,0000009KNS,KUEHNE NAGEL SERVICOS LOGISTICOS,22,7040,3184.4,42.24,0,0,0,0,,~019347853S,USD,,HEA,PP,LSILVA
19344469,2025-12-29,480,A7,00121284,HGH,VCP,0000009CGO,AWESOME CARGO,1,50.5,45,0.301,1,0.95,0.95,0,,~019344469S,USD,,HEA,PP,HGHOP
19344451,2025-12-29,480,A7,00107645,HGH,NLU,0000009CGO,AWESOME CARGO,100,1648,1648,9.6,1,0.95,0.95,0,,0000009FUJ,USD,,,,HGHOP
19344436,2025-12-29,480,A7,00107634,HGH,NLU,0000009CGO,AWESOME CARGO,100,1620,1620,9.6,1,0.95,0.95,0,,0000009FUJ,USD,,,PP,HGHOP
19344427,2025-12-29,480,A7,00107623,HGH,NLU,0000009CGO,AWESOME CARGO,100,1562,1562,9.2,1,0.95,0.95,0,,0000009FUJ,USD,,,PP,HGHOP
19344415,2025-12-29,480,A7,00107612,HGH,NLU,0000009CGO,AWESOME CARGO,100,1620,1620,9.6,1,0.95,0.95,0,,0000009FUJ,USD,,,PP,HGHOP
19344403,2025-12-29,480,A7,00107601,HGH,NLU,0000009CGO,AWESOME CARGO,100,1601,1601,9.6,1,0.95,0.95,0,,0000009FUJ,USD,,,PP,HGHOP
19344384,2025-12-29,480,A7,00107590,HGH,NLU,0000009CGO,AWESOME CARGO,100,1635,1635,9.8,1,0.95,0.95,0,,0000009FUJ,USD,,,PP,HGHOP
19344363,2025-12-29,480,A7,00107586,HGH,NLU,0000009CGO,AWESOME CARGO,100,1677,1677,10,1,0.95,0.95,0,,0000009FUJ,USD,,,PP,HGHOP
19344341,2025-12-29,480,A7,00107575,HGH,NLU,0000009CGO,AWESOME CARGO,100,1673,1673,10,1,0.95,0.95,0,,0000009FUJ,USD,,,PP,HGHOP
19344329,2025-12-29,480,A7,00107564,HGH,NLU,0000009CGO,AWESOME CARGO,100,1615,1615,9.6,1,0.95,0.95,0,,0000009FUJ,USD,,,PP,HGHOP
19344310,2025-12-29,480,A7,00107553,HGH,NLU,0000009CGO,AWESOME CARGO,100,1614,1614,9.6,1,0.95,0.95,0,,0000009FUJ,USD,,,PP,HGHOP
19344300,2025-12-29,480,A7,00107542,HGH,NLU,0000009CGO,AWESOME CARGO,100,1488,1488,8.8,1,0.95,0.95,0,,0000009FUJ,USD,,,PP,HGHOP
19344283,2025-12-29,480,A7,00107505,HGH,NLU,0000009CGO,AWESOME CARGO,107,1797.5,1665,10.784,1,0.95,0.95,0,,0000009SBC,USD,,,PP,HGHOP
19344257,2025-12-29,480,A7,00107494,HGH,NLU,0000009CGO,AWESOME CARGO,100,1994,1994,11.8,1,0.95,0.95,0,,0000009SBC,USD,,,PP,HGHOP
19344235,2025-12-29,480,A7,00107483,HGH,NLU,0000009CGO,AWESOME CARGO,84,1955,1799,11.728,1,0.95,0.95,0,,0000009SBC,USD,,,PP,HGHOP
19344214,2025-12-29,480,A7,00107472,HGH,NLU,0000009CGO,AWESOME CARGO,80,1960,1736,11.76,1,0.95,0.95,0,,0000009SBC,USD,,,PP,HGHOP
19344196,2025-12-29,480,A7,00107516,HGH,NLU,0000009CGO,AWESOME CARGO,57,1102,827,6.612,1,0.95,0.95,0,,0000009SBC,USD,,,PP,HGHOP
19344181,2025-12-29,480,A7,00107354,HGH,NLU,0000009CGO,AWESOME CARGO,50,1933.5,954,11.6,1,0.95,0.95,0,,0000009SBC,USD,,,PP,HGHOP
19344164,2025-12-29,480,A7,00107343,HGH,NLU,0000009CGO,AWESOME CARGO,100,1933.5,1878,11.6,1,0.95,0.95,0,,0000009SBC,USD,,,PP,HGHOP
19344077,2025-12-29,480,A7,00107332,HGH,NLU,0000009CGO,AWESOME CARGO,100,1985,1985,11.6,1,0.95,0.95,0,,0000009SBC,USD,,,PP,HGHOP
19344062,2025-12-29,480,A7,00107321,HGH,NLU,0000009CGO,AWESOME CARGO,100,1947,1947,11.6,1,0.95,0.95,0,,0000009SBC,USD,,,PP,HGHOP
19343991,2025-12-29,480,A7,00107310,HGH,NLU,0000009CGO,AWESOME CARGO,100,1957,1957,11.6,1,0.95,0.95,0,,0000009SBC,USD,,,PP,HGHOP
19343836,2025-12-29,480,A7,00107306,HGH,NLU,0000009CGO,AWESOME CARGO,102,1990,1882,11.94,1,0.95,0.95,0,,0000009SBC,USD,,,,HGHOP
19343747,2025-12-29,480,A7,00107295,HGH,NLU,0000009CGO,AWESOME CARGO,100,1909,1909,11.4,1,0.95,0.95,0,,0000009SBC,USD,,,PP,HGHOP
19343723,2025-12-29,480,A7,00107284,HGH,NLU,0000009CGO,AWESOME CARGO,100,1888,1888,11.2,1,0.95,0.95,0,,0000009SQS,USD,,,PP,HGHOP
19343676,2025-12-29,480,A7,00121262,HGH,NLU,0000009CGO,AWESOME CARGO,125,2144,2144,12.375,1,0.95,0.95,0,,0000009SBC,USD,,,PP,HGHOP
19341998,2025-12-29,480,A7,00121203,HGH,NLU,0000009CGO,AWESOME CARGO,125,1999,1999,11.25,1,0.95,0.95,0,,0000009SBC,USD,,,PP,HGHOP
19341987,2025-12-29,480,A7,00107660,HGH,VCP,0000009CGO,AWESOME CARGO,100,1767,1722,10.6,1,0.95,0.95,0,,0000009FAL,USD,,,PP,HGHOP
19341941,2025-12-29,480,A7,00107656,HGH,VCP,0000009CGO,AWESOME CARGO,100,1771,1771,10.6,1,0.95,0.95,0,,0000009FAL,USD,,,PP,HGHOP
19341719,2025-12-29,480,A7,00121122,HGH,VCP,0000009CGO,AWESOME CARGO,50,1202,1202,6,1,0.95,0.95,0,,0000009HRI,USD,,,PP,HGHOP
19341665,2025-12-29,480,A7,00121111,HGH,VCP,0000009CGO,AWESOME CARGO,50,1205,1205,6,1,0.95,0.95,0,,0000009HRI,USD,,,PP,HGHOP
19341614,2025-12-29,480,A7,00121100,HGH,VCP,0000009CGO,AWESOME CARGO,50,1200,1200,6,1,0.95,0.95,0,,0000009HRI,USD,,,PP,HGHOP
19341431,2025-12-29,480,A7,00121096,HGH,VCP,0000009CGO,AWESOME CARGO,54,1146,1146,4.455,1,0.95,0.95,0,,0000009HRI,USD,,,PP,HGHOP
19336179,2025-12-28,HWB,A7,MX105901976,NLU,PVG,0000009TMA,AWESOME CARGO,2,120,120,0,0,0,0,0,,~019336179S,USD,,,PP,ABARCENAS
19336168,2025-12-28,HWB,A7,MX105901973,NLU,PVG,0000009TMA,AWESOME CARGO,2,62,62,0,0,0,0,0,,~019336168S,USD,,,PP,ABARCENAS
19336119,2025-12-28,HWB,A7,MX105901950,NLU,PVG,0000009TMA,AWESOME CARGO,3,236,236,0,0,0,0,0,,~019336119S,USD,,,PP,ABARCENAS
19336089,2025-12-28,HWB,A7,CUU0029471,NLU,PEK,0000009TMA,AWESOME CARGO,5,621,621,0,0,0,0,0,,~019336089S,USD,,,PP,ABARCENAS
19336078,2025-12-28,HWB,A7,CUU0029472,NLU,PEK,0000009TMA,AWESOME CARGO,5,607,607,0,0,0,0,0,,~019336078S,USD,,,PP,ABARCENAS
19336074,2025-12-28,HWB,A7,CUU0029474,NLU,PEK,0000009TMA,AWESOME CARGO,2,245.5,245.5,0,0,0,0,0,,~019336074S,USD,,,PP,ABARCENAS
19336066,2025-12-28,HWB,A7,CUU0029477,NLU,PEK,0000009TMA,AWESOME CARGO,5,625.5,625.5,0,0,0,0,0,,~019336066S,USD,,,PP,ABARCENAS
19336060,2025-12-28,HWB,A7,CUU0029470,NLU,PEK,0000009TMA,AWESOME CARGO,5,622.5,622.5,0,0,0,0,0,,~019336060S,USD,,,PP,ABARCENAS
19336045,2025-12-28,HWB,A7,CUU0029475,NLU,PEK,0000009TMA,AWESOME CARGO,1,118.5,118.5,0,0,0,0,0,,~019336045S,USD,,,PP,ABARCENAS
19336032,2025-12-28,HWB,A7,CUU0029476,NLU,PEK,0000009TMA,AWESOME CARGO,5,614.5,614.5,0,0,0,0,0,,~019336032S,USD,,,PP,ABARCENAS
19336020,2025-12-28,HWB,A7,CUU0029469,NLU,PEK,0000009TMA,AWESOME CARGO,5,627.5,627.5,0,0,0,0,0,,~019336020S,USD,,,PP,ABARCENAS
19336012,2025-12-28,HWB,A7,CUU0029473,NLU,PEK,0000009TMA,AWESOME CARGO,1,142.5,142.5,0,0,0,0,0,,~019336012S,USD,,,PP,ABARCENAS
19335969,2025-12-28,HWB,A7,QRO0051264,NLU,PVG,0000009TMA,AWESOME CARGO,4,3235,3235,0,0,0,0,0,,~019335969S,USD,,HEA,PP,ABARCENAS
19335927,2025-12-28,HWB,A7,QRO0051010,NLU,PVG,0000009TMA,AWESOME CARGO,1,244,244,0,0,0,0,0,,~019335927S,USD,,HEA,PP,ABARCENAS
19335889,2025-12-28,HWB,A7,44S0018198,MTY,PVG,0000009TMA,AWESOME CARGO,3,97,97,0,0,0,0,0,,~019335889S,MXN,,,PP,ABARCENAS
19335882,2025-12-28,480,A7,00141385,NLU,PVG,0000009TMA,AWESOME CARGO,7,436,418,2.614,1.4,579.88,579.88,26.1,,~019335882S,USD,,,PP,YMEDINA
19335884,2025-12-28,HWB,A7,44S0018226,MTY,PVG,0000009TMA,AWESOME CARGO,1,172,172,0,0,0,0,0,,~019335884S,MXN,,HEA,PP,ABARCENAS
19335847,2025-12-28,HWB,A7,44S0018227,MTY,PVG,0000009TMA,AWESOME CARGO,1,20.5,20.5,0,0,0,0,0,,~019335847S,MXN,,,PP,ABARCENAS
19335844,2025-12-28,480,A7,00141396,NLU,PVG,0000009TMA,AWESOME CARGO,5,3479,3479,7.241,0.7,2313.53,2313.53,102.64,,~019335844S,USD,,HEA,PP,YMEDINA
19335621,2025-12-28,480,A7,00141470,NLU,PEK,0000009TMA,AWESOME CARGO,34,11594,4224.5,69.563,0.7,7710.01,7710.01,341.92,,~019335621S,USD,,,PP,YMEDINA
19335550,2025-12-28,480,A7,00141455,MTY,PVG,0000009TMA,AWESOME CARGO,5,408.5,289.5,2.45,185,71793.87,71793.87,3174.51,,~019335550S,MXN,,,PP,YMEDINA
19335066,2025-12-28,480,ET,00201983,NLU,CCS,0000009ETH,ETHIOPIAN CARGO,1,140,140,0.41,0,870,870,34.8,,86114130001,USD,,,PP,PTOLEDO
19335054,2025-12-28,480,ET,00201843,NLU,BOG,0000009ETH,ETHIOPIAN CARGO,16,4015.5,2250,24.092,0.5,2007.75,2007.75,80.31,,86114130001,USD,,,PP,PTOLEDO
19335019,2025-12-28,480,ET,00093472,NLU,BOG,86100370005,GRUPO DE INTERCAMBIO COMERCIAL SA D,9,1685,1300,10.109,0.6,1011,1011,40.44,,,USD,,,PP,PTOLEDO
19334925,2025-12-28,480,ET,00201655,NLU,CCS,0000009ETH,ETHIOPIAN CARGO,3,1534,1533.8,2.335,4.5,6903,6903,276.12,,86100860016,USD,,HEA,PP,PTOLEDO
19330451,2025-12-28,HWB,A7,CWB0018985,VCP,NLU,0000002ATC,ATC AVIATION SERVICES,1,266.5,194,0,0,0,0,0,,~019330451S,USD,,HEA,PP,WBORGES
19330444,2025-12-28,HWB,A7,CWB0019099,VCP,NLU,0000002ATC,ATC AVIATION SERVICES,14,2216.5,2216.2,0,0,0,0,0,,~019330444S,USD,,HEA,PP,WBORGES
19330428,2025-12-28,HWB,A7,CWB0019108,VCP,NLU,0000002ATC,ATC AVIATION SERVICES,7,1269,1268.6,0,0,0,0,0,,~019330428S,USD,,HEA,PP,WBORGES
19330415,2025-12-28,HWB,A7,CWB0019110,VCP,NLU,0000002ATC,ATC AVIATION SERVICES,1,603,603,0,0,0,0,0,,~019330415S,USD,,HEA,PP,WBORGES
19330405,2025-12-28,HWB,A7,CWB0019111,VCP,NLU,0000002ATC,ATC AVIATION SERVICES,8,368,367.7,0,0,0,0,0,,~019330405S,USD,,,PP,WBORGES
19330375,2025-12-28,HWB,DH,CWB0019181,VCP,NLU,0000002ATC,ATC AVIATION SERVICES,3,298.5,173,0,0,0,0,0,,~019330375S,USD,,,PP,WBORGES
19330368,2025-12-28,HWB,A7,CWB0019187,VCP,NLU,0000002ATC,ATC AVIATION SERVICES,9,188.5,187.5,0,0,0,0,0,,~019330368S,USD,,,PP,WBORGES
19330126,2025-12-27,480,A7,00138961,VCP,NLU,0000002ATC,ATC AVIATION SERVICES,1,149,149,0,0,0,0,0,,~019330126S,USD,,,PP,WBORGES
19329945,2025-12-27,HWB,A7,31144945385,VCP,NLU,0000002ATC,ATC AVIATION SERVICES,3,1489,1489,0,0,0,0,0,,~019329945S,USD,,HEA,PP,WBORGES
19329926,2025-12-27,HWB,A7,31144945370,VCP,NLU,0000002ATC,ATC AVIATION SERVICES,3,1056,371.4,0,0,0,0,0,,~019329926S,USD,,,PP,WBORGES
19329537,2025-12-27,HWB,A7,2514391,VCP,NLU,0000003,,23,7424.5,3856.6,0,0,0,0,0,,~019329537S,BRL,,HEA,PP,WBORGES
19329188,2025-12-27,480,A7,00138972,VCP,NLU,0000002ATC,ATC AVIATION SERVICES,23,7406,3856.6,44.436,0,0,0,0,,~019329188S,USD,,,PP,System
19319522,2025-12-26,480,A7,00107192,HGH,NLU,0000009CGO,AWESOME CARGO,100,2000,1605,12,1,0,0,0,,~019319522S,CNY,,,PP,SLEDESMA
19318999,2025-12-26,480,A7,00138950,VCP,NLU,0000002ATC,ATC AVIATION SERVICES,6,1860.5,1860.4,8.764,0,0,0,0,,~019318999S,USD,,HEA,PP,KVIALLI
19318996,2025-12-26,480,A7,00101861,HGH,NLU,0000009CGO,AWESOME CARGO,90,9832.5,5203,58.995,0,0,0,0,,~019318996S,CNY,,HEA,PP,SLEDESMA
19318836,2025-12-26,480,A7,00072984,HGH,NLU,0000009CGO,AWESOME CARGO,132,2988,2641,17.928,0,0,0,0,,~019318836S,USD,,HEA,PP,SLEDESMA
19318655,2025-12-26,480,A7,00121236,HGH,NLU,0000009CGO,AWESOME CARGO,255,3249,3249,19.176,0,0,0,0,,~019318655S,USD,,HEA,PP,SLEDESMA
19318463,2025-12-26,480,A7,00121214,HGH,NLU,0000009CGO,AWESOME CARGO,122,2507,2507,14.64,0,0,0,0,,~019318463S,CNY,,HEA,PP,SLEDESMA
19318419,2025-12-26,480,A7,00121273,HGH,NLU,0000009CGO,AWESOME CARGO,8,134,134,0.8,0,0,0,0,,~019318419S,USD,,,PP,JHERNANDEZ
19318171,2025-12-26,480,A7,00120503,HGH,NLU,0000009CGO,AWESOME CARGO,125,1546,1546,9.2,0,0,0,0,,~019318171S,USD,,HEA,PP,SLEDESMA
19318139,2025-12-26,480,A7,00121225,HGH,NLU,0000009CGO,AWESOME CARGO,5,1100,892,6.6,0,0,0,0,,~019318139S,USD,,HEA,PP,SLEDESMA
19318125,2025-12-26,480,A7,00121251,HGH,NLU,0000009CGO,AWESOME CARGO,174,3137,3137,6.6,0,0,0,0,,~019317387S,USD,,,PP,SLEDESMA
19317617,2025-12-26,480,A7,00107181,HGH,NLU,0000009CGO,AWESOME CARGO,100,1681,1681,6.6,,0,0,0,,0000009FUJ,USD,,,,SLEDESMA
19317589,2025-12-26,480,A7,00107170,HGH,NLU,0000009CGO,AWESOME CARGO,100,1663,1663,6.6,,0,0,0,,0000009FUJ,USD,,,,SLEDESMA
19317546,2025-12-26,HWB,A7,MDF01766717,NLU,VCP,0000009TMA,AWESOME CARGO,1,260.5,260.1,0,0,0,0,0,,~019317546S,USD,,HEA,PP,JHERNANDEZ
19317570,2025-12-26,480,A7,00107166,HGH,NLU,0000009CGO,AWESOME CARGO,100,1553,1553,6.6,,0,0,0,,0000009FUJ,USD,,,,SLEDESMA
19317541,2025-12-26,480,A7,00107155,HGH,NLU,0000009CGO,AWESOME CARGO,100,1689,1689,6.6,,0,0,0,,0000009FUJ,USD,,,,SLEDESMA
19317525,2025-12-26,480,ET,00200270,NLU,BOG,0000009ETH,ETHIOPIAN CARGO,1,526,526,0.804,,0,0,0,,,USD,,HEA,,JVALDOS
19317524,2025-12-26,480,A7,00107144,HGH,NLU,0000009CGO,AWESOME CARGO,100,1557,1557,6.6,1,0,0,0,,0000009FUJ,USD,,,,SLEDESMA
19317447,2025-12-26,480,ET,00201272,NLU,CCS,0000009ETH,ETHIOPIAN CARGO,8,380,190.7,2.272,,0,0,0,,,USD,,,,JVALDOS
19317454,2025-12-26,480,A7,00107133,HGH,NLU,0000009CGO,AWESOME CARGO,100,1543,1543,6.6,1,0.95,0.95,0,,0000009FUJ,CNY,,,PP,SLEDESMA
19317445,2025-12-26,480,A7,00107122,HGH,NLU,0000009CGO,AWESOME CARGO,100,1578,1578,6.6,1,0.95,0.95,0,,0000009FUJ,CNY,,,PP,SLEDESMA
19317440,2025-12-26,480,A7,00107052,HGH,NLU,0000009CGO,AWESOME CARGO,100,1913,1913,6.6,1,0.95,0.95,0,,0000009FUJ,CNY,,,PP,SLEDESMA
19317426,2025-12-26,480,ET,00201666,NLU,CCS,0000009ETH,ETHIOPIAN CARGO,1,57,57,0.208,,0,0,0,,,USD,,,,JVALDOS
19317386,2025-12-26,HWB,A7,SZX847909,NLU,VCP,0000009TMA,AWESOME CARGO,3,159.5,159.5,0,0,0,0,0,,~019317386S,USD,,,PP,JHERNANDEZ
19317414,2025-12-26,480,ET,00093461,NLU,BOG,86100370005,GRUPO DE INTERCAMBIO COMERCIAL SA D,1,202,74,1.214,,0,0,0,,,USD,,,,JVALDOS
19317413,2025-12-26,480,A7,00107041,HGH,NLU,0000009CGO,AWESOME CARGO,100,1606,1606,6.6,,0,0,0,,0000009FUJ,USD,,,,SLEDESMA
19317406,2025-12-26,480,A7,00107030,HGH,NLU,0000009CGO,AWESOME CARGO,100,1588,1588,6.6,1,0,0,0,,0000009FUJ,USD,,,,SLEDESMA
19317387,2025-12-26,480,A7,00107026,HGH,NLU,0000009CGO,AWESOME CARGO,100,1574,1574,6.6,1,0.95,0.95,0,,0000009FUJ,USD,,,PP,SLEDESMA
19317305,2025-12-26,HWB,A7,SZX847908,NLU,VCP,0000009TMA,AWESOME CARGO,40,362,362,0,0,0,0,0,,~019317305S,USD,,,PP,JHERNANDEZ
19317379,2025-12-26,480,ET,00093435,NLU,BOG,86100370005,GRUPO DE INTERCAMBIO COMERCIAL SA D,1,170,170,0.859,,0,0,0,,,USD,,HEA,,JVALDOS
19316853,2025-12-26,480,A7,00141374,NLU,VCP,0000009TMA,AWESOME CARGO,1,357,260.1,2.142,3.25,1102.24,1102.24,48.99,,~019316853S,USD,,HEA,PP,YMEDINA
19316652,2025-12-26,480,A7,00138530,NLU,VCP,0000009TMA,AWESOME CARGO,43,762,521.5,4.572,3.1,2244.09,2244.09,99.57,,~019316652S,USD,,,PP,YMEDINA
19315706,2025-12-26,480,A7,00107225,HGH,VCP,0000009CGO,AWESOME CARGO,100,1887,1887,6.6,1,0.95,0.95,0,,0000009FUJ,USD,,,PP,HGHOP
19315698,2025-12-26,480,A7,00107214,HGH,VCP,0000009CGO,AWESOME CARGO,100,1677,1677,6.6,1,0.95,0.95,0,,0000009FUJ,USD,,,PP,HGHOP
19315636,2025-12-26,480,A7,00107203,HGH,VCP,0000009CGO,AWESOME CARGO,101,1817,1817,6.6,1,0.95,0.95,0,,0000009FUJ,USD,,,PP,HGHOP
19315611,2025-12-26,480,A7,00121085,HGH,VCP,0000009CGO,AWESOME CARGO,51,1180,1180,6.6,1,0.95,0.95,0,,0000009HBI,USD,,,PP,HGHOP
19315578,2025-12-26,480,A7,00121074,HGH,VCP,0000009CGO,AWESOME CARGO,50,1228,1228,6.6,1,0.95,0.95,0,,0000009HBI,USD,,,PP,HGHOP
19315094,2025-12-26,480,A7,00121063,HGH,VCP,0000009CGO,AWESOME CARGO,50,1198,1198,6,1,0.95,0.95,0,,0000009HBI,USD,,,PP,HGHOP
19315030,2025-12-26,480,A7,00121052,HGH,VCP,0000009CGO,AWESOME CARGO,55,1175,1175,6.6,1,0.95,0.95,0,,0000009HBI,USD,,,PP,HGHOP
19312677,2025-12-26,480,A7,00117095,CGO,NLU,0000009CGO,AWESOME CARGO,96,1980,1980,11.79,1,0.95,0.95,0,,~019312677S,USD,,,PP,CGOOP
19312643,2025-12-26,480,A7,00072995,CGO,NLU,0000009CGO,AWESOME CARGO,142,3000,2824,18,1,0.95,0.95,0,,~019312643S,USD,,,PP,CGOOP
19312632,2025-12-26,272,A7,75448656,CGO,NLU,0000009CGO,AWESOME CARGO,100,2000,1542,12,1,0.95,0.95,0,,0000009FUJ,USD,,,PP,CGOOP
19312618,2025-12-26,272,A7,75448645,CGO,NLU,0000009CGO,AWESOME CARGO,100,2000,1525,12,1,0.95,0.95,0,,0000009FUJ,USD,,,PP,CGOOP
19312604,2025-12-26,272,A7,75448634,CGO,NLU,0000009CGO,AWESOME CARGO,100,2000,1678,12,1,0.95,0.95,0,,0000009FUJ,USD,,,PP,CGOOP
19312592,2025-12-26,480,A7,00107273,CGO,NLU,0000009CGO,AWESOME CARGO,100,2000,1594,12,1,0.95,0.95,0,,0000009FUJ,USD,,,PP,CGOOP
19312578,2025-12-26,480,A7,00107262,CGO,NLU,0000009CGO,AWESOME CARGO,100,2000,1572,12,1,0.95,0.95,0,,0000009FUJ,USD,,,PP,CGOOP
19312475,2025-12-26,480,A7,00107251,CGO,NLU,0000009CGO,AWESOME CARGO,100,2000,1595,12,1,0.95,0.95,0,,0000009FUJ,USD,,,PP,CGOOP
19312465,2025-12-26,480,A7,00107240,CGO,NLU,0000009CGO,AWESOME CARGO,101,2020,1756,12.12,1,0.95,0.95,0,,0000009FUJ,USD,,,PP,CGOOP
19312444,2025-12-26,480,A7,00107236,CGO,NLU,0000009CGO,AWESOME CARGO,100,2000,1437,12,1,0.95,0.95,0,,0000009FUJ,USD,,,PP,CGOOP
19312432,2025-12-26,480,A7,00107096,CGO,NLU,0000009CGO,AWESOME CARGO,101,2020,1567,12.12,1,0.95,0.95,0,,0000009FUJ,USD,,,PP,CGOOP
19312422,2025-12-26,480,A7,00107085,CGO,NLU,0000009CGO,AWESOME CARGO,100,2000,1832,12,1,0.95,0.95,0,,0000009FUJ,USD,,,PP,CGOOP
19312393,2025-12-26,480,A7,00107074,CGO,NLU,0000009CGO,AWESOME CARGO,100,2000,1560,12,1,0.95,0.95,0,,0000009FUJ,USD,,,PP,CGOOP
19312378,2025-12-26,480,A7,00107063,CGO,NLU,0000009CGO,AWESOME CARGO,100,2000,1537,12,1,0.95,0.95,0,,0000009FUJ,USD,,,PP,CGOOP
19309881,2025-12-26,480,ET,00201434,NLU,BOG,0000009ETH,ETHIOPIAN CARGO,36,2500,612,0,,0,0,0,,,USD,,,,JVALDOS
19309710,2025-12-26,480,ET,00201806,NLU,CCS,0000009ETH,ETHIOPIAN CARGO,2,885,885,1.142,,0,0,0,,,USD,,HEA,,JVALDOS
19309698,2025-12-26,480,ET,00201600,NLU,BOG,0000009ETH,ETHIOPIAN CARGO,1,332,332,0.663,,0,0,0,,,USD,,HEA,,JVALDOS
19309694,2025-12-26,480,ET,00201552,NLU,CCS,0000009ETH,ETHIOPIAN CARGO,1,10,9.7,0.02,,0,0,0,,,USD,,,,JVALDOS
19309686,2025-12-26,480,ET,00201261,MTY,BOG,0000009ETH,ETHIOPIAN CARGO,12,1962,1962,4.324,,0,0,0,,,MXN,,HEA,,JVALDOS
19309673,2025-12-26,480,ET,00200793,NLU,BOG,0000009ETH,ETHIOPIAN CARGO,15,839.5,464.1,5.042,,0,0,0,,,USD,,,,JVALDOS
19309665,2025-12-26,480,ET,00201611,NLU,CCS,0000009ETH,ETHIOPIAN CARGO,2,162,110,0.485,4.5,729,729,29.16,,,USD,,,PP,JVALDOS
19309660,2025-12-26,480,ET,00093483,NLU,BOG,86100370005,GRUPO DE INTERCAMBIO COMERCIAL SA D,4,480,480,1.402,0,676,676,27.04,,,USD,,,PP,JVALDOS
19309480,2025-12-26,HWB,A7,NEX30101614,MTY,CGO,0000009TMA,AWESOME CARGO,15,7358.5,7358.4,0,0,0,0,0,,~019309480S,USD,,HEA,PP,ABARCENAS
19309311,2025-12-25,HWB,A7,CUU0029459,NLU,PEK,0000009TMA,AWESOME CARGO,4,846.5,846.5,0,0,0,0,0,,~019309311S,USD,,HEA,PP,ABARCENAS
19309307,2025-12-25,HWB,A7,CUU0029458,NLU,PEK,0000009TMA,AWESOME CARGO,5,904,904,0,0,0,0,0,,~019309307S,USD,,HEA,PP,ABARCENAS
19309304,2025-12-25,HWB,A7,CUU0029453,NLU,PEK,0000009TMA,AWESOME CARGO,1,48.5,48.5,0,0,0,0,0,,~019309304S,USD,,,PP,ABARCENAS
19308698,2025-12-25,480,A7,00141466,NLU,PEK,0000009TMA,AWESOME CARGO,10,3299,1799,19.793,0.7,2193.83,2193.83,97.45,,~019308698S,USD,,HEA,PP,YMEDINA
19308523,2025-12-25,480,A7,00111705,MTY,CGO,0000009TMA,AWESOME CARGO,15,7358.5,7358.4,20.535,1,6990.57,6990.57,309.32,,~019308523S,USD,,HEA,PP,YMEDINA
19305122,2025-12-25,480,A7,00119766,CGO,NLU,0000009CGO,AWESOME CARGO,73,1460,1409,8.76,1,0.95,0.95,0,,0000009FUJ,USD,,,PP,CGOOP1
19305118,2025-12-25,480,A7,00119755,CGO,NLU,0000009CGO,AWESOME CARGO,66,1960,1546,11.76,1,0.95,0.95,0,,0000009FUJ,USD,,,PP,CGOOP1
19305100,2025-12-25,480,A7,00119744,CGO,NLU,0000009CGO,AWESOME CARGO,98,1960,1952,11.76,1,0.95,0.95,0,,0000009FUJ,USD,,,PP,CGOOP1
19305096,2025-12-25,480,A7,00119733,CGO,NLU,0000009CGO,AWESOME CARGO,97,1960,1944,11.76,1,0.95,0.95,0,,0000009FUJ,USD,,,PP,CGOOP1
19305091,2025-12-25,480,A7,00119722,CGO,NLU,0000009CGO,AWESOME CARGO,87,1960,1809,11.76,1,0.95,0.95,0,,0000009FUJ,USD,,,PP,CGOOP1
19305084,2025-12-25,480,A7,00119711,CGO,NLU,0000009CGO,AWESOME CARGO,89,1960,1787,11.76,1,0.95,0.95,0,,0000009FUJ,USD,,,PP,CGOOP1
19305073,2025-12-25,480,A7,00119700,CGO,NLU,0000009CGO,AWESOME CARGO,90,1832,1832,10.8,1,0.95,0.95,0,,0000009FUJ,USD,,,PP,CGOOP1
19305038,2025-12-25,480,A7,00119696,CGO,NLU,0000009CGO,AWESOME CARGO,89,1960,1836,11.76,1,0.95,0.95,0,,0000009FUJ,USD,,,PP,CGOOP1
19305018,2025-12-25,480,A7,00119685,CGO,NLU,0000009CGO,AWESOME CARGO,25,1000,613,6,1,0.95,0.95,0,,0000009FUJ,USD,,,PP,CGOOP1
19304998,2025-12-25,480,A7,00119674,CGO,NLU,0000009CGO,AWESOME CARGO,78,1402.5,1125,8.414,1,0.95,0.95,0,,0000009FUJ,USD,,,PP,CGOOP1
19304994,2025-12-25,480,A7,00119663,CGO,NLU,0000009CGO,AWESOME CARGO,84,2020,1779,12.12,1,0.95,0.95,0,,0000009FUJ,USD,,,PP,CGOOP1
19304986,2025-12-25,480,A7,00119652,CGO,NLU,0000009CGO,AWESOME CARGO,83,2020,1729,12.12,1,0.95,0.95,0,,0000009FUJ,USD,,,PP,CGOOP1
19304982,2025-12-25,480,A7,00119641,CGO,NLU,0000009CGO,AWESOME CARGO,94,2040,1950,12.24,1,0.95,0.95,0,,0000009FUJ,USD,,,PP,CGOOP1
19304976,2025-12-25,480,A7,00119630,CGO,NLU,0000009CGO,AWESOME CARGO,91,2040,1930,12.24,1,0.95,0.95,0,,0000009FUJ,USD,,,PP,CGOOP1
19304968,2025-12-25,480,A7,00119626,CGO,NLU,0000009CGO,AWESOME CARGO,98,2040,1923,12.24,1,0.95,0.95,0,,0000009FUJ,USD,,,PP,CGOOP1
19304961,2025-12-25,480,A7,00119615,CGO,NLU,0000009CGO,AWESOME CARGO,98,2029,1928,12.174,1,0.95,0.95,0,,0000009FUJ,USD,,,PP,CGOOP1
19304953,2025-12-25,480,A7,00119604,CGO,NLU,0000009CGO,AWESOME CARGO,99,2031.5,1794,12.189,1,0.95,0.95,0,,0000009FUJ,USD,,,PP,CGOOP1
19304948,2025-12-25,480,A7,00119593,CGO,NLU,0000009CGO,AWESOME CARGO,91,2040,1906,12.24,1,0.95,0.95,0,,0000009FUJ,USD,,,PP,CGOOP1
19304943,2025-12-25,480,A7,00119582,CGO,NLU,0000009CGO,AWESOME CARGO,94,2040,1922,12.24,1,0.95,0.95,0,,0000009FUJ,USD,,,PP,CGOOP1
19304936,2025-12-25,480,A7,00119571,CGO,NLU,0000009CGO,AWESOME CARGO,86,2040,1842,12.24,1,0.95,0.95,0,,0000009FUJ,USD,,,PP,CGOOP1
19304761,2025-12-25,480,A7,00119560,CGO,NLU,0000009CGO,AWESOME CARGO,98,2040,1927,12.24,1,0.95,0.95,0,,0000009FUJ,USD,,,PP,CGOOP1
19298803,2025-12-24,HWB,A7,MEX0065441,NLU,PVG,0000009TMA,AWESOME CARGO,2,290.5,290.4,0,0,0,0,0,,~019298803S,USD,,,PP,ABARCENAS
19298757,2025-12-24,HWB,DH,MEX0065442,NLU,PVG,0000009TMA,AWESOME CARGO,1,362,361.6,0,0,0,0,0,,~019298757S,USD,,,PP,ABARCENAS
19298635,2025-12-24,HWB,A7,QRO0051201,NLU,PVG,0000009TMA,AWESOME CARGO,6,565,564.9,0,0,0,0,0,,~019298635S,USD,,,PP,ABARCENAS
19298465,2025-12-24,HWB,A7,QRO0051158,NLU,PVG,0000009TMA,AWESOME CARGO,1,255,255,0,0,0,0,0,,~019298465S,USD,,HEA,PP,ABARCENAS
19295444,2025-12-24,480,A7,00138504,NLU,PVG,0000009TMA,AWESOME CARGO,10,1472,1471.9,7.052,0,0,0,0,,~019295444S,USD,,,PP,YMEDINA
19295149,2025-12-24,480,A7,00119453,CGO,NLU,0000009CGO,AWESOME CARGO,86,1776,1776,9.324,1,0.95,0.95,0,,0000009FUJ,USD,,,PP,CGOOP
19288073,2025-12-24,480,A7,00119545,CGO,NLU,0000009CGO,AWESOME CARGO,91,1960,1754,11.76,1,0.95,0.95,0,,0000009FUJ,USD,,,PP,CGOOP
19288070,2025-12-24,480,A7,00119556,CGO,NLU,0000009CGO,AWESOME CARGO,65,1460,1302,8.76,1,0.95,0.95,0,,0000009FUJ,USD,,HEA,PP,CGOOP1
19288035,2025-12-24,480,A7,00119534,CGO,NLU,0000009CGO,AWESOME CARGO,90,1960,1764,11.76,1,0.95,0.95,0,,0000009FUJ,USD,,,PP,CGOOP
19288018,2025-12-24,480,A7,00106960,CGO,NLU,0000009CGO,AWESOME CARGO,100,2000,1534,12,1,0.95,0.95,0,,0000009FUJ,USD,,HEA,PP,CGOOP1
19288014,2025-12-24,480,A7,00119523,CGO,NLU,0000009CGO,AWESOME CARGO,98,1960,1906,11.76,1,0.95,0.95,0,,0000009FUJ,USD,,,PP,CGOOP
19288011,2025-12-24,480,A7,00106971,CGO,NLU,0000009CGO,AWESOME CARGO,100,2000,1669,12,1,0.95,0.95,0,,0000009FUJ,USD,,HEA,PP,CGOOP1
19287992,2025-12-24,480,A7,00119512,CGO,NLU,0000009CGO,AWESOME CARGO,90,3440,1831,20.64,1,0.95,0.95,0,,0000009FUJ,USD,,,PP,CGOOP
19287996,2025-12-24,480,A7,00106982,CGO,NLU,0000009CGO,AWESOME CARGO,100,2000,1605,12,1,0.95,0.95,0,,0000009FUJ,USD,,HEA,PP,CGOOP1
19287984,2025-12-24,480,A7,00106993,CGO,NLU,0000009CGO,AWESOME CARGO,100,2000,1512,12,1,0.95,0.95,0,,0000009FUJ,USD,,HEA,PP,CGOOP1
19287974,2025-12-24,480,A7,00119501,CGO,NLU,0000009CGO,AWESOME CARGO,82,1960,1714,11.76,1,0.95,0.95,0,,0000009FUJ,USD,,,PP,CGOOP
19287969,2025-12-24,480,A7,00107004,CGO,NLU,0000009CGO,AWESOME CARGO,100,2000,1675,12,1,0.95,0.95,0,,0000009FUJ,USD,,HEA,PP,CGOOP1
19287932,2025-12-24,480,A7,00119490,CGO,NLU,0000009CGO,AWESOME CARGO,82,1960,1659,11.76,1,0.95,0.95,0,,0000009FUJ,USD,,,PP,CGOOP
19287928,2025-12-24,480,A7,00107015,CGO,NLU,0000009CGO,AWESOME CARGO,100,2000,1607,12,1,0.95,0.95,0,,0000009FUJ,USD,,HEA,PP,CGOOP1
19287913,2025-12-24,272,A7,74915816,CGO,NLU,0000009CGO,AWESOME CARGO,133,2660,2590,15.96,1,0.95,0.95,0,,0000009FUJ,USD,,HEA,PP,CGOOP1
19287902,2025-12-24,480,A7,00119486,CGO,NLU,0000009CGO,AWESOME CARGO,82,1960,1678,11.76,1,0.95,0.95,0,,0000009FUJ,USD,,,PP,CGOOP
19287888,2025-12-24,272,A7,74915853,CGO,NLU,0000009CGO,AWESOME CARGO,77,1955.5,1696,11.732,1,0.95,0.95,0,,0000009FUJ,USD,,,PP,CGOOP1
19287887,2025-12-24,480,A7,00119475,CGO,NLU,0000009CGO,AWESOME CARGO,25,1000,640,6,1,0.95,0.95,0,,0000009FUJ,USD,,,PP,CGOOP
19287869,2025-12-24,480,A7,00119464,CGO,NLU,0000009CGO,AWESOME CARGO,44,1420,1071,8.52,1,0.95,0.95,0,,0000009FUJ,USD,,,PP,CGOOP
19287836,2025-12-24,480,A7,00101146,CGO,NLU,0000009CGO,AWESOME CARGO,250,4993,3273,29.958,1,0.95,0.95,0,,~019287836S,USD,,,PP,CGOOP1
19287839,2025-12-24,480,A7,00119442,CGO,NLU,0000009CGO,AWESOME CARGO,105,2022.5,1849,12.135,1,0.95,0.95,0,,0000009FUJ,USD,,,PP,CGOOP
19287774,2025-12-24,480,A7,00119431,CGO,NLU,0000009CGO,AWESOME CARGO,85,2035,1764,12.209,1,0.95,0.95,0,,0000009FUJ,USD,,,PP,CGOOP
19287636,2025-12-24,480,A7,00102233,CGO,NLU,0000009CGO,AWESOME CARGO,12,148,103,0.886,1,0.95,0.95,0,,~019287636S,USD,,,PP,CGOOP1
19287634,2025-12-24,480,A7,00119420,CGO,NLU,0000009CGO,AWESOME CARGO,97,2154.5,1570,12.926,1,0.95,0.95,0,,0000009FUJ,USD,,,PP,CGOOP
19287586,2025-12-24,480,A7,00106024,CGO,NLU,0000009CGO,AWESOME CARGO,1,124,124,0.261,1,0.95,0.95,0,,~019287586S,USD,,HEA,PP,CGOOP1
19287610,2025-12-24,480,A7,00119416,CGO,NLU,0000009CGO,AWESOME CARGO,102,2040,1857,12.24,1,0.95,0.95,0,,0000009FUJ,USD,,,PP,CGOOP
19287587,2025-12-24,480,A7,00119405,CGO,NLU,0000009CGO,AWESOME CARGO,88,2052.5,1751,12.313,1,0.95,0.95,0,,0000009FUJ,USD,,,PP,CGOOP
19287556,2025-12-24,480,A7,00119394,CGO,NLU,0000009CGO,AWESOME CARGO,93,2040,1851,12.24,1,0.95,0.95,0,,0000009FUJ,USD,,,PP,CGOOP
19287527,2025-12-24,480,A7,00119383,CGO,NLU,0000009CGO,AWESOME CARGO,102,2032.5,1830,12.195,1,0.95,0.95,0,,0000009FUJ,USD,,,PP,CGOOP
19287505,2025-12-24,480,A7,00119372,CGO,NLU,0000009CGO,AWESOME CARGO,102,2040,1913,12.24,1,0.95,0.95,0,,0000009FUJ,USD,,,PP,CGOOP
19287475,2025-12-24,480,A7,00119361,CGO,NLU,0000009CGO,AWESOME CARGO,104,2051.5,1913,12.308,1,0.95,0.95,0,,0000009FUJ,USD,,,PP,CGOOP
19287419,2025-12-24,480,A7,00119350,CGO,NLU,0000009CGO,AWESOME CARGO,109,1993,1897,11.958,1,0.95,0.95,0,,0000009FUJ,USD,,,PP,CGOOP
19283031,2025-12-23,HWB,A7,GDL59455443,GDL,VCP,0000009TMA,AWESOME CARGO,3,31,30.6,0,0,0,0,0,,~019283031S,MXN,,,PP,JHERNANDEZ
19282968,2025-12-23,HWB,A7,GDL59455444,GDL,VCP,0000009TMA,AWESOME CARGO,1,3.5,3.4,0,0,0,0,0,,~019282968S,MXN,,,PP,JHERNANDEZ
19282903,2025-12-23,HWB,A7,GDL59427416,GDL,VCP,0000009TMA,AWESOME CARGO,4,32,31.8,0,0,0,0,0,,~019282903S,MXN,,,PP,JHERNANDEZ
19282889,2025-12-23,HWB,A7,GDL59427463,GDL,VCP,0000009TMA,AWESOME CARGO,1,0.4,0.4,0,0,0,0,0,,~019282889S,MXN,,,PP,JHERNANDEZ
19282850,2025-12-23,HWB,A7,GDL59427487,GDL,VCP,0000009TMA,AWESOME CARGO,2,18.5,18.4,0,0,0,0,0,,~019282850S,MXN,,,PP,JHERNANDEZ
19282800,2025-12-23,HWB,A7,GDL59427678,GDL,VCP,0000009TMA,AWESOME CARGO,5,149.5,149.2,0,0,0,0,0,,~019282800S,MXN,,,PP,JHERNANDEZ
19282751,2025-12-23,HWB,A7,GDL59427407,GDL,VCP,0000009TMA,AWESOME CARGO,1,0.7,0.7,0,0,0,0,0,,~019282751S,MXN,,,PP,JHERNANDEZ
19282735,2025-12-23,480,ET,00201541,NLU,CCS,0000009ETH,ETHIOPIAN CARGO,1,334,333.9,0.9,,0,0,0,,,USD,,HEA,,JVALDOS
19282710,2025-12-23,480,ET,00201526,NLU,CCS,0000009ETH,ETHIOPIAN CARGO,1,121.5,121.2,0.362,,0,0,0,,,USD,,,,JVALDOS
19282692,2025-12-23,480,ET,00092890,NLU,CCS,86100860016,INTERTEAM SA DE CV,1,39,39,0.04,,0,0,0,,,USD,,,,JVALDOS
19282580,2025-12-23,480,ET,00200244,NLU,CCS,0000009ETH,ETHIOPIAN CARGO,1,168,168,0.722,,0,0,0,,,USD,,HEA,,JVALDOS
19282563,2025-12-23,480,ET,00200782,NLU,BOG,0000009ETH,ETHIOPIAN CARGO,5,276.5,221,1.901,,0,0,0,,,USD,,,,JVALDOS
19282543,2025-12-23,480,ET,00201294,NLU,BOG,0000009ETH,ETHIOPIAN CARGO,14,2678.5,2678.2,15.945,,0,0,0,,,USD,,HEA,,JVALDOS
19282483,2025-12-23,480,ET,00201305,NLU,BOG,0000009ETH,ETHIOPIAN CARGO,24,4801.5,3765.8,28.809,,0,0,0,,,USD,,HEA,,JVALDOS
19282473,2025-12-23,480,ET,00200222,NLU,BOG,0000009ETH,ETHIOPIAN CARGO,2,1339,1339,2.82,,0,0,0,,,USD,,HEA,,JVALDOS
19282461,2025-12-23,480,ET,00093413,NLU,BOG,86100370005,GRUPO DE INTERCAMBIO COMERCIAL SA D,1,148,75,0.888,,0,0,0,,,USD,,,,JVALDOS
19282447,2025-12-23,480,ET,00200362,NLU,BOG,0000009ETH,ETHIOPIAN CARGO,5,694.5,691,4.165,,0,0,0,,,USD,,,,JVALDOS
19282413,2025-12-23,480,ET,00201283,NLU,BOG,0000009ETH,ETHIOPIAN CARGO,3,726,567,4.355,,0,0,0,,,USD,,HEA,,JVALDOS
19282384,2025-12-23,480,ET,00200955,NLU,BOG,0000009ETH,ETHIOPIAN CARGO,3,935,934.6,0.757,,0,0,0,,,USD,,HEA,,JVALDOS
19282376,2025-12-23,480,ET,00093402,NLU,BOG,86100370005,GRUPO DE INTERCAMBIO COMERCIAL SA D,1,313,313,1.743,,0,0,0,,,USD,,HEA,,JVALDOS
19282055,2025-12-23,480,A7,00139020,VCP,NLU,0000002ATC,ATC AVIATION SERVICES,22,2680.5,2612.6,16.083,0,0,0,0,,~019282055S,USD,,,PP,KVIALLI
19281063,2025-12-23,480,A7,00141363,GDL,VCP,0000009TMA,AWESOME CARGO,4,34,34,0.158,11.03,356.27,356.27,16.11,,~019281063S,MXN,,,PP,YMEDINA
19280937,2025-12-23,480,A7,00008186,GDL,VCP,0000009TMA,AWESOME CARGO,13,341.5,200.5,2.049,3.75,1216.6,1216.6,54.45,,~019280937S,MXN,,,PP,YMEDINA
19280848,2025-12-23,HWB,A7,MEX25014348,GDL,TSN,0000009TMA,AWESOME CARGO,4,1973,1973,0,0,0,0,0,,~019280848S,MXN,,HEA,PP,JHERNANDEZ
19280432,2025-12-23,HWB,A7,NEX80068936,NLU,CGO,0000009TMA,AWESOME CARGO,4,739.5,739.5,0,0,0,0,0,,~019280432S,USD,,HEA,PP,JHERNANDEZ
19280037,2025-12-23,HWB,A7,MTY0072788,MTY,PEK,0000009TMA,AWESOME CARGO,34,6451,6451,0,0,0,0,0,,~019280037S,USD,,HEA,PP,JHERNANDEZ
19279667,2025-12-23,HWB,A7,CMXA00257593,NLU,PVG,0000009TMA,AWESOME CARGO,1,730,730,0,0,0,0,0,,~019279667S,USD,,HEA,PP,JHERNANDEZ
19279512,2025-12-23,480,ET,00110530,NLU,BOG,0000009ETH,ETHIOPIAN CARGO,7,1447,1447,5.277,,0,0,0,,,USD,,HEA,,JVALDOS
19279304,2025-12-23,480,ET,00093380,NLU,BOG,86100370005,GRUPO DE INTERCAMBIO COMERCIAL SA D,1,221,221,0.434,,0,0,0,,,USD,,HEA,,JVALDOS
19279193,2025-12-23,480,ET,00201250,NLU,BOG,0000009ETH,ETHIOPIAN CARGO,7,1604,674.6,9.622,,0,0,0,,,USD,,,,JVALDOS
19279053,2025-12-23,480,ET,00201202,NLU,CCS,0000009ETH,ETHIOPIAN CARGO,1,79.5,78.4,0.103,,0,0,0,,,USD,,,,JVALDOS
19279027,2025-12-23,480,ET,00200233,NLU,BOG,0000009ETH,ETHIOPIAN CARGO,1,251.5,251.3,0.643,,0,0,0,,,USD,,HEA,,JVALDOS
19279009,2025-12-23,480,A7,00138994,VCP,NLU,0000002ATC,ATC AVIATION SERVICES,2,1771,1771,7.627,0,0,0,0,,~019279009S,USD,,HEA,PP,KVIALLI
19278939,2025-12-23,480,A7,00138983,VCP,NLU,0000002ATC,ATC AVIATION SERVICES,43,5010,5010,21.38,0,0,0,0,,~019278939S,USD,,HEA,PP,KVIALLI
19278769,2025-12-23,480,A7,00138913,VCP,NLU,0000002ATC,ATC AVIATION SERVICES,19,4508,4507.9,11.098,0,0,0,0,,~019278769S,USD,,HEA,PP,KVIALLI
19278119,2025-12-23,480,A7,00138552,GDL,TSN,0000009TMA,AWESOME CARGO,4,1973,1973,5.051,1.1,0,2170.3,0.26,,~019278119S,MXN,,HEA,PP,YMEDINA
19277300,2025-12-23,HWB,A7,1071588212,VCP,NLU,0000003,,3,733,732.8,0,0,0,0,0,,~019277300S,,,HEA,,System
19277294,2025-12-23,HWB,A7,S2501512008,VCP,NLU,4000000,,6,1525,1524.6,0,0,0,0,0,,~019277294S,,,HEA,,System
19277116,2025-12-23,480,A7,00139005,VCP,NLU,4000000,,6,1525,524.4,0.681,0,0,0,0,,~019277116S,BRL,,,PP,System
19276920,2025-12-23,480,A7,00138946,VCP,NLU,0000002ATC,ATC AVIATION SERVICES,21,6720,3080.1,40.32,0,0,0,0,,~019276920S,USD,,,PP,KVIALLI
19276961,2025-12-23,480,A7,00138935,VCP,NLU,0000002ATC,ATC AVIATION SERVICES,3,733,732.9,3.312,1.85,1288.25,1288.25,4.07,,0000009KNS,BRL,,,PP,System
19276063,2025-12-23,480,A7,00141352,NLU,PVG,0000009TMA,AWESOME CARGO,1,730,730,1.443,0,1.04,1.04,0.31,,~019276063S,USD,,HEA,PP,YMEDINA
19275731,2025-12-23,HWB,A7,S2501501252,VCP,NLU,0000003,,4,396,396,0,0,0,0,0,,~019275731S,,,,,System
19273230,2025-12-23,480,A7,00115426,VCP,NLU,0000003,,4,600,720,5.616,0,0,0,0,,~019273230S,BRL,,,PP,System
19266049,2025-12-23,480,A7,00138493,MTY,PEK,0000009TMA,AWESOME CARGO,34,6800,6451,40.8,0,0.95,0.95,0.3,,~019266049S,USD,,HEA,PP,YMEDINA
19265956,2025-12-23,480,A7,00138456,NLU,CGO,0000009TMA,AWESOME CARGO,4,739.5,739.5,1.971,0.8,562.02,562.02,25.11,,~019265956S,USD,,HEA,PP,YMEDINA
19265962,2025-12-23,480,A7,00121015,HGH,VCP,0000009CGO,AWESOME CARGO,48,1145,1145,5.76,1,0.95,0.95,0,,0000009HBI,CNY,,,PP,HGHOP
19265704,2025-12-23,480,A7,00072940,HGH,NLU,0000009CGO,AWESOME CARGO,1,8772,87,52.632,1,0.95,0.95,0,,0000009THI,CNY,,,PP,HGHOP
19265688,2025-12-23,480,A7,00107111,HGH,NLU,0000009CGO,AWESOME CARGO,74,8772,1802,52.632,1,0.95,0.95,0,,0000009HRI,CNY,,,PP,HGHOP
19265679,2025-12-23,480,A7,00101102,HGH,NLU,0000009CGO,AWESOME CARGO,126,8772,1916,52.632,1,0.95,0.95,0,,0000009LSC,CNY,,,PP,HGHOP
19265671,2025-12-23,480,A7,00072962,HGH,NLU,0000009CGO,AWESOME CARGO,245,8772,4037,52.632,1,0.95,0.95,0,,0000009LSC,CNY,,,PP,HGHOP
19265612,2025-12-23,480,A7,00072951,HGH,NLU,0000009CGO,AWESOME CARGO,177,8772,3963,52.632,1,0.95,0.95,0,,0000009LSC,CNY,,,PP,HGHOP
19265587,2025-12-23,480,A7,00072973,HGH,NLU,0000009CGO,AWESOME CARGO,90,8772,1852,52.632,1,0.95,0.95,0,,0000009ROY,CNY,,,PP,HGHOP
19265539,2025-12-23,480,A7,00106945,HGH,NLU,0000009HGH,AWESOME CARGO,100,1527,1527,0,1,0.95,0.95,0,,0000009FUJ,CNY,,,PP,HGHOP
19265475,2025-12-23,480,A7,00106934,HGH,NLU,0000009HGH,AWESOME CARGO,100,1623,1623,0,1,0.95,0.95,0,,0000009FUJ,CNY,,,PP,HGHOP
19265462,2025-12-23,480,A7,00106923,HGH,NLU,0000009CGO,AWESOME CARGO,100,1704,1704,0,1,0.95,0.95,0,,0000009FUJ,USD,,,PP,HGHOP
19265421,2025-12-23,480,A7,00107763,HGH,NLU,0000009CGO,AWESOME CARGO,100,1683,1683,0,1,0.95,0.95,0,,0000009FUJ,USD,,,PP,HGHOP
19265353,2025-12-23,480,A7,00107100,HGH,VCP,0000009CGO,AWESOME CARGO,97,1892,1892,5.76,1,0.95,0.95,0,,0000009FUJ,CNY,,,PP,HGHOP
19265330,2025-12-23,480,A7,00125974,HGH,VCP,0000009CGO,AWESOME CARGO,100,1889,1889,5.76,1,0.95,0.95,0,,0000009FUJ,CNY,,,PP,HGHOP
19265313,2025-12-23,480,A7,00106956,HGH,VCP,0000009CGO,AWESOME CARGO,184,3204,3204,5.76,1,0.95,0.95,0,,0000009FUJ,CNY,,,PP,HGHOP
19265260,2025-12-23,480,A7,00126044,HGH,VCP,0000009CGO,AWESOME CARGO,120,2076,2076,5.76,1,0.95,0.95,0,,0000009FUJ,CNY,,,PP,HGHOP
19265229,2025-12-23,480,A7,00121026,HGH,VCP,0000009CGO,AWESOME CARGO,48,1150,1150,5.76,1,0.95,0.95,0,,0000009HBI,CNY,,,PP,HGHOP
19264730,2025-12-23,HWB,A7,538568103MEX,NLU,PVG,0000009TMA,AWESOME CARGO,2,547,547,0,0,0,0,0,,~019264730S,USD,,HEA,PP,GHAA7
19264398,2025-12-23,480,A7,00099050,NLU,PVG,0000009TMA,AWESOME CARGO,2,547,547,0.542,1,519.65,519.65,23.23,,~019264398S,USD,,HEA,PP,YMEDINA
19264215,2025-12-22,480,ET,00200255,NLU,BOG,0000009ETH,ETHIOPIAN CARGO,9,1401,937,6.797,,0,0,0,,,USD,,,,JVALDOS
19264045,2025-12-22,480,ET,00093181,NLU,CCS,86114130001,DHL GLOBAL FORWARDING MEXICO SA DE,5,1864,1864,7.15,,0,0,0,,,USD,,HEA,,JVALDOS
19264028,2025-12-22,480,ET,00201445,NLU,CCS,0000009ETH,ETHIOPIAN CARGO,6,1013.6,1013.6,1.373,,0,0,0,,,USD,,HEA,,JVALDOS
19264005,2025-12-22,480,ET,00200981,NLU,LIM,0000009ETH,ETHIOPIAN CARGO,1,323.5,323.4,0.8,,0,0,0,,,USD,,HEA,,JVALDOS
19263969,2025-12-22,480,ET,00093494,NLU,BOG,86100370005,GRUPO DE INTERCAMBIO COMERCIAL SA D,1,298,298,0.213,,0,0,0,,,USD,,HEA,,JVALDOS
19263956,2025-12-22,480,ET,00201423,NLU,BOG,0000009ETH,ETHIOPIAN CARGO,24,4978.5,3777.4,29.869,,0,0,0,,,USD,,HEA,,JVALDOS
19263947,2025-12-22,480,ET,00201412,NLU,BOG,0000009ETH,ETHIOPIAN CARGO,24,4978.5,3738.8,29.869,,0,0,0,,,USD,,HEA,,JVALDOS
19263931,2025-12-22,480,ET,00093822,NLU,BOG,86114130001,DHL GLOBAL FORWARDING MEXICO SA DE,2,2542,1422,9.014,,0,0,0,,,USD,,HEA,,JVALDOS
19263917,2025-12-22,480,ET,00093424,NLU,BOG,86100370005,GRUPO DE INTERCAMBIO COMERCIAL SA D,1,285,285,1.431,,0,0,0,,,USD,,HEA,,JVALDOS
19263911,2025-12-22,480,ET,00093111,NLU,BOG,86102340004,JAS FORWARDING DE MEXICO SA DE CV,1,139,139,0.72,,0,0,0,,,USD,,,,JVALDOS
19263896,2025-12-22,480,A7,00200992,NLU,BOG,0000009ETH,ETHIOPIAN CARGO,5,2506,2506,7.2,,0,0,0,,,USD,,HEA,,JVALDOS
19263884,2025-12-22,480,ET,00201003,NLU,BOG,0000009ETH,ETHIOPIAN CARGO,1,240,75.2,1.44,,0,0,0,,,USD,,,,JVALDOS
19263876,2025-12-22,480,A7,00093446,NLU,BOG,86100370005,GRUPO DE INTERCAMBIO COMERCIAL SA D,1,194,194,0.414,,0,0,0,,,USD,,HEA,,JVALDOS
19263868,2025-12-22,480,A7,00201644,NLU,BOG,0000009ETH,ETHIOPIAN CARGO,1,216,215.8,0.907,,0,0,0,,,USD,,HEA,,JVALDOS
19263862,2025-12-22,480,ET,00201530,NLU,BOG,0000009ETH,ETHIOPIAN CARGO,21,4574,2868.5,27.443,,0,0,0,,,USD,,,,JVALDOS
19263852,2025-12-22,480,ET,00201574,NLU,BOG,0000009ETH,ETHIOPIAN CARGO,16,3360,2482,20.16,,0,0,0,,,USD,,HEA,,JVALDOS
19263813,2025-12-22,480,ET,00093450,NLU,BOG,86100370005,GRUPO DE INTERCAMBIO COMERCIAL SA D,2,1346,1346,2.376,,0,0,0,,,USD,,HEA,,JVALDOS
19263797,2025-12-22,480,ET,00201316,NLU,BOG,0000009ETH,ETHIOPIAN CARGO,2,508,508,2.027,,0,0,0,,,USD,,HEA,,JVALDOS
19257636,2025-12-22,480,A7,00120492,HGH,NLU,0000009CGO,AWESOME CARGO,612,8924,8924,52.632,1,0,0,0,,0000009SAS,CNY,,,,HGHOP
19256714,2025-12-22,480,A7,00121004,HGH,VCP,0000009CGO,AWESOME CARGO,69,1142,1142,5.76,1,0.95,0.95,0,,0000009HBI,CNY,,,PP,HGHOP
19256432,2025-12-22,480,A7,00120993,HGH,VCP,0000009CGO,AWESOME CARGO,54,1149,1149,6.48,1,0.95,0.95,0,,0000009HBI,USD,,,PP,HGHOP
19256396,2025-12-22,480,A7,00120982,HGH,VCP,0000009CGO,AWESOME CARGO,47,1150,1150,5.76,1,0.95,0.95,0,,0000009HBI,CNY,,,PP,HGHOP
19256279,2025-12-22,480,A7,00120971,HGH,VCP,0000009CGO,AWESOME CARGO,49,1142,1142,5.76,1,0.95,0.95,0,,0000009HBI,CNY,,,PP,HGHOP
19256234,2025-12-22,480,A7,00120960,HGH,VCP,0000009CGO,AWESOME CARGO,48,1144,1144,5.76,1,0.95,0.95,0,,0000009HBI,CNY,,,PP,HGHOP
19256186,2025-12-22,480,A7,00120956,HGH,VCP,0000009CGO,AWESOME CARGO,48,1145,1145,5.76,1,0.95,0.95,0,,0000009HBI,CNY,,,PP,HGHOP
19256140,2025-12-22,480,A7,00120945,HGH,VCP,0000009CGO,AWESOME CARGO,49,1146,1146,5.76,1,0.95,0.95,0,,0000009HBI,CNY,,,PP,HGHOP
19256123,2025-12-22,480,A7,00120934,HGH,VCP,0000009CGO,AWESOME CARGO,48,1148,1148,5.76,1,0.95,0.95,0,,0000009HBI,CNY,,,PP,HGHOP
19256097,2025-12-22,480,A7,00120923,HGH,VCP,0000009CGO,AWESOME CARGO,50,1147,1147,5.76,1,0.95,0.95,0,,0000009HBI,CNY,,,PP,HGHOP
19255710,2025-12-22,480,A7,00120912,HGH,VCP,0000009CGO,AWESOME CARGO,48,1142,1142,5.76,1,0.95,0.95,0,,0000009HBI,CNY,,,PP,HGHOP
19247664,2025-12-21,HWB,A7,MX105854288,NLU,PVG,0000009TMA,AWESOME CARGO,10,6920,6920,0,0,0,0,0,,~019247664S,USD,,HEA,PP,GHAA7
19239265,2025-12-21,480,A7,00101080,CGO,NLU,0000009CGO,AWESOME CARGO,300,6735,6735,35.978,1,0.95,0.95,0,,0000009LSC,USD,,,PP,CGOOP
19239256,2025-12-21,272,A7,74915002,CGO,NLU,0000009CGO,AWESOME CARGO,98,1960,1829,11.76,1,0.95,0.95,0,,0000009FUJ,USD,,,PP,CGOOP
19239249,2025-12-21,272,A7,74915024,CGO,NLU,0000009CGO,AWESOME CARGO,67,1960,1578,11.76,1,0.95,0.95,0,,0000009FUJ,USD,,,PP,CGOOP
19239245,2025-12-21,480,A7,00126206,CGO,NLU,0000009CGO,AWESOME CARGO,100,2000,1692,12,1,0.95,0.95,0,,0000009FUJ,USD,,BUP,PP,CGOOP
19239240,2025-12-21,480,A7,00126276,CGO,NLU,0000009CGO,AWESOME CARGO,100,2000,1580,12,1,0.95,0.95,0,,0000009FUJ,USD,,,PP,CGOOP
19239237,2025-12-21,480,A7,00126265,CGO,NLU,0000009CGO,AWESOME CARGO,100,2000,1578,12,1,0.95,0.95,0,,0000009FUJ,USD,,BUP,PP,CGOOP
19239234,2025-12-21,480,A7,00126254,CGO,NLU,0000009CGO,AWESOME CARGO,100,2000,1574,12,1,0.95,0.95,0,,0000009FUJ,USD,,BUP,PP,CGOOP
19239231,2025-12-21,480,A7,00126243,CGO,NLU,0000009CGO,AWESOME CARGO,100,2000,1591,12,1,0.95,0.95,0,,0000009FUJ,USD,,BUP,PP,CGOOP
19239224,2025-12-21,480,A7,00126232,CGO,NLU,0000009CGO,AWESOME CARGO,100,2000,1575,11.52,1,0.95,0.95,0,,0000009FUJ,USD,,,PP,CGOOP
19239221,2025-12-21,480,A7,00126221,CGO,NLU,0000009CGO,AWESOME CARGO,100,2000,1651,12,1,0.95,0.95,0,,0000009FUJ,USD,,BUP,PP,CGOOP
19239210,2025-12-21,480,A7,00126210,CGO,NLU,0000009CGO,AWESOME CARGO,100,2000,1697,12,1,0.95,0.95,0,,0000009FUJ,USD,,BUP,PP,CGOOP
19239205,2025-12-21,480,A7,00119335,CGO,NLU,0000009CGO,AWESOME CARGO,98,1960,1860,11.76,1,0.95,0.95,0,,0000009FUJ,USD,,,PP,CGOOP
19239199,2025-12-21,480,A7,00119324,CGO,NLU,0000009CGO,AWESOME CARGO,98,1960,1869,11.76,1,0.95,0.95,0,,0000009FUJ,USD,,,PP,CGOOP
19239187,2025-12-21,480,A7,00119313,CGO,NLU,0000009CGO,AWESOME CARGO,98,1960,1858,11.76,1,0.95,0.95,0,,0000009FUJ,USD,,,PP,CGOOP
19239180,2025-12-21,480,A7,00119291,CGO,NLU,0000009CGO,AWESOME CARGO,98,1960,1865,11.76,1,0.95,0.95,0,,0000009FUJ,USD,,HEA BUP,PP,CGOOP
19239170,2025-12-21,480,A7,00119276,CGO,NLU,0000009CGO,AWESOME CARGO,98,1960,1841,11.76,1,0.95,0.95,0,,0000009FUJ,USD,,,PP,CGOOP
19239163,2025-12-21,480,A7,00119265,CGO,NLU,0000009CGO,AWESOME CARGO,25,1000,640,6,1,0.95,0.95,0,,0000009FUJ,USD,,,PP,CGOOP
19239135,2025-12-21,480,A7,00119254,CGO,NLU,0000009CGO,AWESOME CARGO,45,1420,1032,8.52,1,0.95,0.95,0,,0000009FUJ,USD,,HEA BUP,PP,CGOOP
19239130,2025-12-21,480,A7,00119232,CGO,NLU,0000009CGO,AWESOME CARGO,101,2020,1878,12.12,1,0.95,0.95,0,,0000009FUJ,USD,,,PP,CGOOP
19238865,2025-12-21,480,A7,00119221,CGO,NLU,0000009CGO,AWESOME CARGO,102,2040,1931,12.24,1,0.95,0.95,0,,0000009FUJ,USD,,,PP,CGOOP
19238862,2025-12-21,480,A7,00119210,CGO,NLU,0000009CGO,AWESOME CARGO,102,2040,1914,12.24,1,0.95,0.95,0,,0000009FUJ,USD,,,PP,CGOOP
19238854,2025-12-21,480,A7,00119206,CGO,NLU,0000009CGO,AWESOME CARGO,93,2040,1786,12.24,1,0.95,0.95,0,,0000009FUJ,USD,,,PP,CGOOP
19238851,2025-12-21,480,A7,00119195,CGO,NLU,0000009CGO,AWESOME CARGO,94,2040,1809,12.24,1,0.95,0.95,0,,0000009FUJ,USD,,,PP,CGOOP
19238831,2025-12-21,480,A7,00119184,CGO,NLU,0000009CGO,AWESOME CARGO,98,2057,1791,12.34,1,0.95,0.95,0,,0000009FUJ,USD,,,PP,CGOOP
19238775,2025-12-21,480,A7,00119173,CGO,NLU,0000009CGO,AWESOME CARGO,93,2040,1870,12.24,1,0.95,0.95,0,,0000009FUJ,USD,,,PP,CGOOP
19238759,2025-12-21,480,A7,00119162,CGO,NLU,0000009CGO,AWESOME CARGO,102,2040,1914,12.24,1,0.95,0.95,0,,0000009FUJ,USD,,,PP,CGOOP
19238754,2025-12-21,480,A7,00119151,CGO,NLU,0000009CGO,AWESOME CARGO,102,2040,1933,12.24,1,0.95,0.95,0,,0000009FUJ,USD,,,PP,CGOOP
19237853,2025-12-20,480,A7,00141223,NLU,HGH,0000009ATC,ATC AVIATION COMPANY ,20,12203,12203,38.4,0,0,0,0,,~019237853S,USD,,PER COL,PP,System
19237849,2025-12-20,480,A7,00141234,NLU,HGH,0000009ATC,ATC AVIATION COMPANY ,5,3032,3032,9.6,0,0,0,0,,~019237849S,USD,,PER COL,PP,System
19237848,2025-12-20,480,A7,00141212,NLU,HGH,0000009ATC,ATC AVIATION COMPANY ,20,12243,12243,38.4,0,0,0,0,,~019237848S,USD,,PER COL,PP,System
19234762,2025-12-20,480,A7,00119140,CGO,NLU,0000009CGO,AWESOME CARGO,101,2040,1877,12.24,1,0.95,0.95,0,,0000009FUJ,USD,,HEA BUP,PP,CGOOP1
19225629,2025-12-20,480,A7,00138611,NLU,HGH,0000009TMA,AWESOME CARGO,10,6920,6920,27.225,0.78,5127.72,5127.72,226.96,,~019225629S,USD,,HEA,PP,YMEDINA
19223718,2025-12-19,480,A7,00114984,VCP,NLU,0000003,,38,11780,7988.5,70.68,0,0,0,0,,~019223718S,BRL,,,PP,System
19223619,2025-12-19,HWB,A7,SAO0117212,VCP,NLU,0000003,,6,2216,2215.8,0,0,0,0,0,,~019223619S,,,HEA,,System
19223586,2025-12-19,HWB,A7,SAO0117213,VCP,NLU,0000003,,10,4213.5,4213.1,0,0,0,0,0,,~019223586S,,,HEA,,System
19223537,2025-12-19,HWB,A7,CPQ0056204,VCP,NLU,0000003,,3,3017,3017,0,0,0,0,0,,~019223537S,,,HEA,,System
19223425,2025-12-19,480,A7,00115146,VCP,NLU,0000003,,19,9446,9446,26.641,0,0,0,0,,~019223425S,BRL,,,PP,System
19223334,2025-12-19,HWB,A7,1071481952,VCP,NLU,0000003,,19,3816.5,3816.3,0,0,0,0,0,,~019223334S,,,HEA,,System
19223167,2025-12-19,480,A7,00114575,VCP,NLU,0000003,,19,6080,3816.3,36.48,0,0,0,0,,~019223167S,BRL,,,PP,System
19222771,2025-12-19,HWB,A7,S2501506538,VCP,NLU,0000003,,4,956.5,956.5,0,0,0,0,0,,~019222771S,,,HEA,,System
19222700,2025-12-19,HWB,A7,S2501506508,VCP,NLU,0000003,,9,1145,1144.9,0,0,0,0,0,,~019222700S,,,,,System
19222575,2025-12-19,480,A7,00115415,VCP,NLU,0000003,,13,2101.5,2101.4,2.978,0,0,0,0,,~019222575S,BRL,,,PP,System
19220871,2025-12-19,480,A7,00116620,SCL,CGO,,,100,2500,2500,15,,0,0,0,,,CLP,,PER COL,,System
19220870,2025-12-19,480,A7,00116594,SCL,CGO,,,100,2500,2500,15,,0,0,0,,,CLP,,PER COL,,System
19220868,2025-12-19,480,A7,00116583,SCL,CGO,,,100,2500,2500,15,,0,0,0,,,CLP,,PER COL,,System
19220867,2025-12-19,480,A7,00116631,SCL,CGO,,,100,2500,2500,15,,0,0,0,,,CLP,,PER COL,,System
19220866,2025-12-19,480,A7,00116616,SCL,CGO,,,100,2500,2500,15,,0,0,0,,,CLP,,PER COL,,System
19220865,2025-12-19,480,A7,00116642,SCL,CGO,,,100,2500,2500,15,,0,0,0,,,CLP,,PER COL,,System
19220864,2025-12-19,480,A7,00116605,SCL,CGO,,,100,2500,2500,15,,0,0,0,,,CLP,,PER COL,,System
19220862,2025-12-19,480,A7,00116664,SCL,CGO,,,33,20460,20460,63.36,,0,0,0,,,CLP,,PER COL,,System
19197700,2025-12-18,480,A7,00115485,VCP,NLU,0000003,,2,689,555.7,4.133,0,0,0,0,,~019197700S,BRL,,,PP,System
19158854,2025-12-16,HWB,A7,S2501501606,VCP,NLU,0000003,,15,3812,3811.6,0,0,0,0,0,,~019158854S,,,HEA,,System
19158819,2025-12-16,480,A7,00115496,VCP,NLU,0000003,,15,3812,3811.6,15.9,0,0,0,0,,~019158819S,BRL,,,PP,System
19158451,2025-12-16,HWB,A7,1071409598,VCP,NLU,0000003,,13,1654,1653.8,0,0,0,0,0,,~019158451S,,,,,System
19157994,2025-12-16,480,A7,00114763,VCP,NLU,0000003,,13,4160,1653.8,24.96,0,0,0,0,,~019157994S,BRL,,,PP,System
19139790,2025-12-15,HWB,A7,S2501495423,VCP,NLU,0000003,,48,10951.5,10951.5,0,0,0,0,0,,~019139790S,,,HEA,,System
19139691,2025-12-15,480,A7,00115500,VCP,NLU,0000003,,48,12672,10951.5,76.032,0,0,0,0,,~019139691S,BRL,,,PP,System
19114330,2025-12-13,HWB,A7,1071354930,VCP,NLU,0000003,,5,598.5,598.2,0,0,0,0,0,,~019114330S,,,,,System
19114293,2025-12-13,480,A7,00115430,VCP,NLU,0000003,,5,1600,598.2,9.6,0,0,0,0,,~019114293S,BRL,,,PP,System
19114254,2025-12-13,HWB,A7,2513829,VCP,NLU,0000003,,24,4024.5,4024.3,0,0,0,0,0,,~019114254S,,,HEA,,System
19114181,2025-12-13,HWB,A7,31144945132,VCP,NLU,0000003,,8,1147,1147,0,0,0,0,0,,~019114181S,,,,,System
19114132,2025-12-13,480,A7,00114973,VCP,NLU,0000003,,8,2358.5,1147,14.145,0,0,0,0,,~019114132S,BRL,,,PP,System
19114044,2025-12-13,HWB,A7,2513828,VCP,NLU,0000003,,12,2113,2112.8,0,0,0,0,0,,~019114044S,,,HEA,,System
19113953,2025-12-13,480,A7,00115441,VCP,NLU,0000003,,24,7747.5,4024.3,46.368,0,0,0,0,,~019113953S,BRL,,,PP,System
19113928,2025-12-13,480,A7,00115452,VCP,NLU,0000003,,12,3874,2112.8,23.184,0,0,0,0,,~019113928S,BRL,,,PP,System
19113861,2025-12-13,HWB,A7,H920453,VCP,NLU,0000009,,31,15138,15138,0,0,0,0,0,,~019113861S,,,HEA,,System
19113284,2025-12-13,HWB,A7,31144945118,VCP,NLU,0000003,,2,209,209,0,0,0,0,0,,~019113284S,,,,,System
19112770,2025-12-13,480,A7,00114822,VCP,NLU,0000003,,2,300,209,1.193,0,0,0,0,,~019112770S,BRL,,,PP,System
19069033,2025-12-11,480,ET,00110504,NLU,BOG,0000009ETH,ETHIOPIAN CARGO,1,548,548,1.238,,0,0,0,,,USD,,HEA,,JVALDOS
19068994,2025-12-11,480,ET,00111694,NLU,CCS,86114130001,DHL GLOBAL FORWARDING MEXICO SA DE,1,84,84,0,,0,0,0,,,USD,,,,JVALDOS
19068922,2025-12-11,480,ET,00201165,NLU,BOG,0000009ETH,ETHIOPIAN CARGO,8,3249,3249,14.983,,0,0,0,,,USD,,HEA,,JVALDOS
19068892,2025-12-11,480,ET,00201180,NLU,BOG,0000009ETH,ETHIOPIAN CARGO,2,1878.5,1878.2,2.805,,0,0,0,,,USD,,HEA,,JVALDOS
19068686,2025-12-11,480,ET,00110515,NLU,BOG,0000009ETH,ETHIOPIAN CARGO,5,1591,1089,9.547,,0,0,0,,,USD,,HEA,,JVALDOS
19068585,2025-12-11,480,ET,00201014,NLU,BOG,0000009ETH,ETHIOPIAN CARGO,20,4148.5,3083.8,24.89,,0,0,0,,,USD,,HEA,,JVALDOS
19068420,2025-12-11,480,ET,00200771,NLU,BOG,0000009ETH,ETHIOPIAN CARGO,22,768.5,220.3,4.61,,0,0,0,,,USD,,,,JVALDOS
19055850,2025-12-10,480,A7,00116550,SCL,CGO,,,17,10710,10710,32.64,,0,0,0,,,CLP,,PER COL,,System
19055848,2025-12-10,480,A7,00116561,SCL,CGO,,,15,9900,9900,28.8,,0,0,0,,,CLP,,PER COL,,System
19055846,2025-12-10,480,A7,00116546,SCL,CGO,,,5,3500,3500,9.6,,0,0,0,,,CLP,,PER COL,,System
19055845,2025-12-10,480,A7,00116535,SCL,CGO,,,5,3500,3500,9.6,,0,0,0,,,CLP,,PER COL,,System
19055844,2025-12-10,480,A7,00116572,SCL,CGO,,,20,13600,13600,38.4,,0,0,0,,,CLP,,PER COL,,System
19055401,2025-12-10,480,A7,00115522,VCP,NLU,0000003,,8,1600,763,9.6,1,0,0,0,,~019055401S,BRL,,,PP,System
19015624,2025-12-08,480,A7,00115511,VCP,NLU,0000009,,31,15138,15138,26.167,0,0,0,0,,~019015624S,BRL,,,PP,System
18976684,2025-12-05,480,ET,00090705,NLU,BOG,86102310092,KUEHNE + NAGEL FORWARDING,12,8127,8127,15.12,,0,0,0,,,USD,,HEA,,JVALDOS
18976640,2025-12-05,480,ET,00200745,NLU,BOG,0000009ETH,ETHIOPIAN CARGO,1,588,588,1.092,,0,0,0,,,USD,,HEA,,JVALDOS
18976613,2025-12-05,480,ET,00200712,NLU,BOG,0000009ETH,ETHIOPIAN CARGO,6,3001,3001,13.028,,0,0,0,,,USD,,HEA,,JVALDOS
18976562,2025-12-05,480,ET,00200690,NLU,BOG,0000009ETH,ETHIOPIAN CARGO,16,3212,2035.7,19.272,,0,0,0,,,USD,,,,JVALDOS
18976539,2025-12-05,480,ET,00200476,NLU,BOG,0000009ETH,ETHIOPIAN CARGO,24,4978.5,3734,29.869,,0,0,0,,,USD,,HEA,,JVALDOS
18976279,2025-12-05,480,ET,00200465,NLU,BOG,0000009ETH,ETHIOPIAN CARGO,24,4978.5,3738.6,29.869,,0,0,0,,,USD,,HEA,,JVALDOS
18976196,2025-12-05,480,ET,00200944,NLU,BOG,0000009ETH,ETHIOPIAN CARGO,4,3157,3156.7,5.65,,0,0,0,,,USD,,HEA,,JVALDOS
18976157,2025-12-05,480,ET,00200841,NLU,BOG,0000009ETH,ETHIOPIAN CARGO,25,7773.5,7773.5,16.352,,0,0,0,,,USD,,HEA,,JVALDOS
18976140,2025-12-05,480,ET,00200900,NLU,BOG,0000009ETH,ETHIOPIAN CARGO,1,102.5,102.3,0.235,,0,0,0,,,USD,,,,JVALDOS
18976114,2025-12-05,480,ET,00201062,NLU,BOG,0000009ETH,ETHIOPIAN CARGO,28,5754.5,3833.1,34.526,,0,0,0,,,USD,,,,JVALDOS
18976082,2025-12-05,480,ET,00200852,NLU,BOG,0000009ETH,ETHIOPIAN CARGO,25,10498,10498,43.622,,0,0,0,,,USD,,HEA,,JVALDOS
18976065,2025-12-05,480,ET,00110526,NLU,BOG,0000009ETH,ETHIOPIAN CARGO,1,144,90,0.863,,0,0,0,,,USD,,,,JVALDOS
18976018,2025-12-05,480,ET,00200620,NLU,BOG,0000009ETH,ETHIOPIAN CARGO,1,176,133,1.056,,0,0,0,,,USD,,,,JVALDOS
18975907,2025-12-05,480,ET,00200863,NLU,BOG,0000009ETH,ETHIOPIAN CARGO,11,4476,4476,14.983,,0,0,0,,,USD,,HEA,,JVALDOS
18975296,2025-12-05,480,ET,00110456,NLU,BOG,0000009ETH,ETHIOPIAN CARGO,2,910,910,2.327,,0,0,0,,,USD,,HEA,,JVALDOS
18975201,2025-12-05,480,ET,00200406,NLU,BOG,0000009ETH,ETHIOPIAN CARGO,2,146,86,0.875,,0,0,0,,,USD,,,,JVALDOS
18974995,2025-12-05,480,ET,00200384,NLU,BOG,0000009ETH,ETHIOPIAN CARGO,31,1374,268.5,7.736,,0,0,0,,,USD,,,,JVALDOS
18974964,2025-12-05,480,ET,00200734,NLU,BOG,0000009ETH,ETHIOPIAN CARGO,2,1297,1297,2.544,,0,0,0,,,USD,,HEA,,JVALDOS
18974865,2025-12-05,480,ET,00200174,NLU,BOG,0000009ETH,ETHIOPIAN CARGO,2,395,150,2.368,,0,0,0,,,USD,,,,JVALDOS
18974829,2025-12-05,480,ET,00200185,NLU,BOG,0000009ETH,ETHIOPIAN CARGO,2,415,414.8,0.734,,0,0,0,,,USD,,HEA,,JVALDOS
18974776,2025-12-05,480,ET,00200933,NLU,BOG,0000009ETH,ETHIOPIAN CARGO,12,6880,6879.6,20.458,,0,0,0,,,USD,,HEA,,JVALDOS
18974714,2025-12-05,480,ET,00200922,NLU,BOG,0000009ETH,ETHIOPIAN CARGO,1,267,242.5,1.602,,0,0,0,,,USD,,HEA,,JVALDOS
18972484,2025-12-05,480,A7,00115393,SCL,HGH,,,10,7000,7000,19.2,,0,0,0,,,CLP,,PER COL,,System
18972478,2025-12-05,480,A7,00115371,SCL,HGH,,,20,14000,14000,38.4,,0,0,0,,,CLP,,PER COL,,System
18972471,2025-12-05,480,A7,00115404,SCL,HGH,,,10,7000,7000,19.2,,0,0,0,,,CLP,,PER COL,,System
18972463,2025-12-05,480,A7,00115360,SCL,HGH,,,10,7000,7000,19.2,,0,0,0,,,CLP,,PER COL,,System
18972457,2025-12-05,480,A7,00115382,SCL,HGH,,,20,14000,14000,38.4,,0,0,0,,,CLP,,PER COL,,System
18952578,2025-12-04,480,ET,00090311,NLU,BOG,86174940014,SCHENKER INTERNATIONAL,9,1885.5,1339,11.312,,0,0,0,,,USD,,,,PTOLEDO
18952563,2025-12-04,480,ET,00110471,NLU,BOG,0000009ETH,ETHIOPIAN CARGO,1,313,313,0.953,,0,0,0,,,USD,,HEA,,PTOLEDO
18952548,2025-12-04,480,ET,00093752,NLU,BOG,86100310015,ALOW FORWARDING MEXICO SA DE CV,2,300,216,1.8,,0,0,0,,,USD,,,,PTOLEDO
18952471,2025-12-04,480,ET,00200966,NLU,BOG,0000009ETH,ETHIOPIAN CARGO,1,6005,6005,12.31,,0,0,0,,86199080015,USD,,HEA,,PTOLEDO
18952447,2025-12-04,480,ET,00200723,NLU,BOG,0000009ETH,ETHIOPIAN CARGO,2,1214.5,1214.4,1.116,,0,0,0,,86114130001,USD,,HEA,,PTOLEDO
18952338,2025-12-04,480,ET,00201084,NLU,BOG,0000009ETH,ETHIOPIAN CARGO,2,897.5,897.2,1.808,,0,0,0,,86100280000,USD,,HEA,,PTOLEDO
18952265,2025-12-04,480,ET,00090543,NLU,BOG,86102350003,POWER LOGISTICS CARGO GROP SA DE CV,1,1600,1230,1600,0.6,960,960,38.4,,,USD,,HEA,PP,PTOLEDO
18952203,2025-12-04,480,ET,00110482,NLU,BOG,0000009ETH,ETHIOPIAN CARGO,1,903,903,1.523,0,1003,1003,40.12,,86100370005,USD,,HEA,PP,PTOLEDO
18951989,2025-12-04,480,A7,00200093,NLU,BOG,0000009ETH,ETHIOPIAN CARGO,22,2739.5,2239.9,16.436,,0,0,0,,86199080015,USD,,,,PTOLEDO
18951782,2025-12-04,480,ET,00200760,NLU,BOG,0000009ETH,ETHIOPIAN CARGO,12,683.5,196.9,4.1,0.7,474.25,474.25,18.97,,,USD,,,PP,PTOLEDO
18951673,2025-12-04,480,ET,00090731,NLU,BOG,86102310092,KUEHNE + NAGEL FORWARDING,2,1073,1073,0.35,0.7,751.1,751.1,30.04,,,USD,,HEA,PP,PTOLEDO
18951406,2025-12-04,480,ET,00201040,NLU,BOG,0000009ETH,ETHIOPIAN CARGO,14,2464,1251.3,14.784,0.7,1652,1652,66.08,,86114130001,USD,,,PP,PTOLEDO
18951316,2025-12-04,480,ET,00201025,NLU,BOG,0000009ETH,ETHIOPIAN CARGO,1,528,527.6,0.337,0,628,628,25.12,,86114130001,USD,,HEA,PP,PTOLEDO
18951250,2025-12-04,480,ET,00201036,NLU,BOG,0000009ETH,ETHIOPIAN CARGO,14,2464,1172.2,14.784,0.7,1724.8,1724.8,68.99,,86114130001,USD,,,PP,PTOLEDO
18951100,2025-12-04,480,ET,00200686,NLU,BOG,0000009ETH,ETHIOPIAN CARGO,14,2904,2083,17.423,0.6,1742.4,1742.4,69.7,,86174940014,USD,,,PP,PTOLEDO
18951020,2025-12-04,480,ET,00200970,NLU,BOG,0000009ETH,ETHIOPIAN CARGO,1,235.5,235.2,0.624,1.2,282.6,282.6,11.3,,86199080015,USD,,HEA,PP,PTOLEDO
18950956,2025-12-04,480,ET,00201095,NLU,BOG,0000009ETH,ETHIOPIAN CARGO,3,873,873,2.186,0.5,436.5,436.5,17.46,,99953520026,USD,,HEA,PP,PTOLEDO
18950854,2025-12-04,480,ET,00200911,NLU,BOG,0000009ETH,ETHIOPIAN CARGO,8,4254.5,4254.4,13.021,0.5,2127.25,2127.25,85.09,,86199080015,USD,,HEA,PP,PTOLEDO
18950760,2025-12-04,480,ET,00090716,NLU,BOG,86102310092,KUEHNE + NAGEL FORWARDING,7,7953.5,7953.4,11.603,0,3579.08,3579.08,143.16,,,USD,,HEA,PP,PTOLEDO
18936539,2025-12-03,480,A7,00116340,SCL,CGO,,,15,10200,10200,28.8,,0,0,0,,,CLP,,PER COL,,System
18936537,2025-12-03,480,A7,00116336,SCL,CGO,,,20,13800,13800,38.4,,0,0,0,,,CLP,,PER COL,,System
18936535,2025-12-03,480,A7,00116314,SCL,CGO,,,23,16500,16500,44.16,,0,0,0,,,CLP,,PER COL,,System
18929964,2025-12-03,480,A7,00115356,SCL,HGH,75101330006,,10,6888,6888,19.2,4.35,0,0,0,,~018929964S,CLP,,PER COL,PP,System
18929950,2025-12-03,480,A7,00115345,SCL,HGH,75101330006,,10,6913,6913,19.2,4.35,0,0,0,,~018929950S,CLP,,PER COL,PP,System
18929941,2025-12-03,480,A7,00115334,SCL,HGH,75101330006,,10,6858,6858,19.2,4.35,0,0,0,,~018929941S,CLP,,PER COL,PP,System
18929925,2025-12-03,480,A7,00115323,SCL,HGH,75101330006,,10,6985,6985,19.2,4.35,0,0,0,,~018929925S,CLP,,PER COL,PP,System
18929890,2025-12-03,480,A7,00115312,SCL,HGH,75101330006,,15,10281,10281,28.8,4.35,0,0,0,,~018929890S,CLP,,PER COL,PP,System
18929873,2025-12-03,480,A7,00115301,SCL,HGH,75101330006,,15,10284,10284,28.8,4.35,0,0,0,,~018929873S,CLP,,PER COL,PP,System
18898226,2025-12-01,480,A7,00115592,SCL,CGO,75100510015,ANDES INTERGACIÓN LOGÍSTICA,20,13728,13728,38.22,4.85,0,0,0,,~018898226S,CLP,,PER COL,PP,System
18898223,2025-12-01,480,A7,00115614,SCL,CGO,75100510015,ANDES INTERGACIÓN LOGÍSTICA,20,13985,13985,38.4,4.85,0,0,0,,~018898223S,CLP,,PER COL,PP,System
18898210,2025-12-01,480,A7,00115603,SCL,CGO,75100510015,ANDES INTERGACIÓN LOGÍSTICA,20,13701,13701,38.4,4.85,0,0,0,,~018898210S,CLP,,PER COL,PP,System
18854862,2025-11-28,480,A7,00115253,SCL,HGH,75101330006,,15,10167,10167,28.8,4.8,0,0,0,,~018854862S,CLP,,PER COL,PP,System
18854860,2025-11-28,480,A7,00115264,SCL,HGH,75101330006,,10,6829,6829,19.2,4.8,0,0,0,,~018854860S,CLP,,PER COL,PP,System
18854858,2025-11-28,480,A7,00115290,SCL,HGH,75101330006,,10,6759,6759,19.2,4.8,0,0,0,,~018854858S,CLP,,PER COL,PP,System
18854856,2025-11-28,480,A7,00115286,SCL,HGH,75101330006,,10,6745,6745,19.2,4.8,0,0,0,,~018854856S,CLP,,PER COL,PP,System
18854854,2025-11-28,480,A7,00115242,SCL,HGH,75101330006,,15,10196,10196,28.8,4.8,0,0,0,,~018854854S,CLP,,PER COL,PP,System
18854849,2025-11-28,480,A7,00115275,SCL,HGH,75101330006,,10,6802,6802,19.2,4.8,0,0,0,,~018854849S,CLP,,PER COL,PP,System
18839520,2025-11-27,480,A7,00116325,SCL,CGO,75100390013,,14,10213,10213,26.88,5.6,0,0,0,,~018839520S,CLP,,PER COL,PP,System
18839518,2025-11-27,480,A7,00116303,SCL,CGO,75100390013,,26,18811,18811,49.92,5.6,0,0,0,,~018839518S,CLP,,PER COL,PP,System
18839515,2025-11-27,480,A7,00116292,SCL,CGO,75100390013,,27,19577,19577,51.84,5.6,0,0,0,,~018839515S,CLP,,PER COL PEP,PP,System
18796459,2025-11-25,480,A7,00115194,SCL,HGH,75101330006,,5,3012,3012,9.6,5.8,0,0,0,,~018796459S,CLP,,PER COL PEP,PP,System
18796457,2025-11-25,480,A7,00115220,SCL,HGH,75101330006,,5,3549,3549,9.6,5.8,0,0,0,,~018796457S,CLP,,PER COL,PP,System
18796455,2025-11-25,480,A7,00115205,SCL,HGH,75101330006,,5,3543,3543,9.6,5.8,0,0,0,,~018796455S,CLP,,PER COL,PP,System
18796448,2025-11-25,480,A7,00115216,SCL,HGH,75101330006,,5,3465,3465,9.6,5.8,0,0,0,,~018796448S,CLP,,PER COL,PP,System
18796446,2025-11-25,480,A7,00115113,SCL,HGH,75101330006,,5,3566,3566,9.6,5.8,0,0,0,,~018796446S,CLP,,PER COL,PP,System
18796444,2025-11-25,480,A7,00115124,SCL,HGH,75101330006,,5,3561,3561,9.6,5.8,0,0,0,,~018796444S,CLP,,PER COL,PP,System
18796442,2025-11-25,480,A7,00115172,SCL,HGH,75101330006,,5,3355,3355,9.6,5.8,0,0,0,,~018796442S,CLP,,PER COL PEP,PP,System
18796441,2025-11-25,480,A7,00115231,SCL,HGH,75101330006,,5,3499,3499,9.6,5.8,0,0,0,,~018796441S,CLP,,PER COL,PP,System
18796438,2025-11-25,480,A7,00115150,SCL,HGH,75101330006,,5,2991,2991,9.6,5.8,0,0,0,,~018796438S,CLP,,PER COL,PP,System
18796436,2025-11-25,480,A7,00115102,SCL,HGH,75101330006,,5,3386,3386,9.6,5.8,0,0,0,,~018796436S,CLP,,PER COL,PP,System
18796435,2025-11-25,480,A7,00115135,SCL,HGH,75101330006,,5,2939,2939,9.6,5.8,0,0,0,,~018796435S,CLP,,PER COL,PP,System
18796433,2025-11-25,480,A7,00115183,SCL,HGH,75101330006,,5,3008,3008,9.6,5.8,0,0,0,,~018796433S,CLP,,PER COL PEP,PP,System
18796430,2025-11-25,480,A7,00115091,SCL,HGH,75101330006,,5,3394,3394,9.6,5.8,0,0,0,,~018796430S,CLP,,PER COL,PP,System
18785004,2025-11-24,480,ET,00110434,NLU,BOG,0000009ETH,ETHIOPIAN CARGO,4,155,155,0.579,2.3,356.5,356.5,14.26,,86100370005,USD,,,PP,JVALDOS
18784986,2025-11-24,480,ET,00200616,NLU,SDQ,0000009ETH,ETHIOPIAN CARGO,9,4107,4107,18.219,2.2,9035.4,9035.4,361.42,,,USD,,HEA,PP,JVALDOS
18784929,2025-11-24,480,ET,00099234,NLU,BOG,86100790016,FAST FORWARD CONSOLIDATORS,8,2378,2378,5.233,0.5,1189,1189,47.56,,,USD,,HEA,PP,JVALDOS
18784916,2025-11-24,480,ET,00200675,NLU,BOG,0000009ETH,ETHIOPIAN CARGO,3,267.5,154.6,1.602,0.9,240.75,240.75,9.63,,86102340004,USD,,,PP,JVALDOS
18784904,2025-11-24,480,A7,00110390,NLU,BOG,0000009ETH,ETHIOPIAN CARGO,2,113,113,0.236,,0,0,0,,86100370005,USD,,,,JVALDOS
18784882,2025-11-24,480,ET,00200664,NLU,BOG,0000009ETH,ETHIOPIAN CARGO,20,9052.5,3991.8,54.315,0,4073.63,4073.63,162.95,,86102310092,USD,,HEA,PP,JVALDOS
18784796,2025-11-24,480,ET,00200351,NLU,BOG,0000009ETH,ETHIOPIAN CARGO,25,2263.5,741,13.064,0,1244.93,1244.93,49.8,,86100040003,USD,,,PP,JVALDOS
18784504,2025-11-24,480,ET,00090683,NLU,BOG,86102310092,KUEHNE + NAGEL FORWARDING,15,4886,4885,7.543,0.45,2198.7,2198.7,87.95,,,USD,,HEA,PP,JVALDOS
18784339,2025-11-24,480,ET,00200605,NLU,BOG,0000009ETH,ETHIOPIAN CARGO,12,2489.5,1866.7,14.934,0.6,1493.7,1493.7,59.75,,86174940014,USD,,HEA,PP,JVALDOS
18784178,2025-11-24,480,ET,00200653,NLU,BOG,0000009ETH,ETHIOPIAN CARGO,12,2489.5,1891.2,14.934,0.6,1493.7,1493.7,59.75,,86174940014,USD,,HEA,PP,JVALDOS
18781631,2025-11-24,480,A7,00115570,SCL,CGO,75100510015,ANDES INTERGACIÓN LOGÍSTICA,30,21609,21609,57.6,4.85,0,0,0,,~018781631S,CLP,,PER COL,PP,System
18781625,2025-11-24,480,A7,00115581,SCL,CGO,75100510015,ANDES INTERGACIÓN LOGÍSTICA,30,23621,23621,57.6,4.85,0,0,0,,~018781625S,CLP,,PER COL,PP,System
18762156,2025-11-23,480,A7,00115054,SCL,HGH,75101330006,,6,3601,3601,11.52,5.8,0,0,0,,~018762156S,CLP,,PER COL,PP,System
18762154,2025-11-23,480,A7,00115043,SCL,HGH,75101330006,,5,3482,3482,9.6,5.8,0,0,0,,~018762154S,CLP,,PER COL,PP,System
18762153,2025-11-23,480,A7,00114951,SCL,HGH,75101330006,,10,6731,6731,19.2,5.8,0,0,0,,~018762153S,CLP,,PER COL,PP,System
18762152,2025-11-23,480,A7,00115080,SCL,HGH,75101330006,,5,3060,3060,9.6,5.8,0,0,0,,~018762152S,CLP,,PER COL,PP,System
18762151,2025-11-23,480,A7,00115032,SCL,HGH,75101330006,,5,3467,3467,9.6,5.8,0,0,0,,~018762151S,CLP,,PER COL,PP,System
18762150,2025-11-23,480,A7,00114962,SCL,HGH,75101330006,,10,6724,6724,19.2,5.8,0,0,0,,~018762150S,CLP,,PER COL,PP,System
18762149,2025-11-23,480,A7,00115065,SCL,HGH,75101330006,,6,3604,3604,11.52,5.8,0,0,0,,~018762149S,CLP,,PER COL,PP,System
18762148,2025-11-23,480,A7,00115021,SCL,HGH,75101330006,,5,3317,3317,9.6,5.8,0,0,0,,~018762148S,CLP,,PER COL,PP,System
18762147,2025-11-23,480,A7,00115006,SCL,HGH,75101330006,,4,2831,2831,7.68,5.8,0,0,0,,~018762147S,CLP,,PER COL,PP,System
18762146,2025-11-23,480,A7,00115010,SCL,HGH,75101330006,,5,3325,3325,9.06,5.8,0,0,0,,~018762146S,CLP,,PER COL,PP,System
18762145,2025-11-23,480,A7,00114995,SCL,HGH,75101330006,,4,2838,2838,7.68,5.8,0,0,0,,~018762145S,CLP,,PER COL,PP,System
18762144,2025-11-23,480,A7,00115076,SCL,HGH,75101330006,,5,3067,3067,9.6,5.8,0,0,0,,~018762144S,CLP,,PER COL,PP,System
18726922,2025-11-21,480,A7,00116281,SCL,CGO,75100390013,,3,2135,2135,5.76,5.6,0,0,0,,~018726922S,CLP,,PER COL,PP,System
18726917,2025-11-21,480,A7,00116270,SCL,CGO,75100390013,,10,6999,6999,19.2,5.6,0,0,0,,~018726917S,CLP,,PER COL PEP,PP,System
18726897,2025-11-21,480,A7,00116266,SCL,CGO,75100390013,,10,7110,7110,19.2,5.6,0,0,0,,~018726897S,CLP,,PER COL,PP,System
18726887,2025-11-21,480,A7,00116255,SCL,CGO,75100390013,,5,3308,3308,9.6,5.6,0,0,0,,~018726887S,CLP,,PER COL PEP,PP,System
18726881,2025-11-21,480,A7,00116244,SCL,CGO,75100390013,,11,7555,7555,21.12,5.6,0,0,0,,~018726881S,CLP,,PER COL,PP,System
18726856,2025-11-21,480,A7,00116222,SCL,CGO,75100390013,,20,14079,14079,38.4,5.6,0,0,0,,~018726856S,CLP,,PER COL,PP,System
18726843,2025-11-21,480,A7,00116233,SCL,CGO,75100390013,,10,6795,6795,19.2,5.6,0,0,0,,~018726843S,CLP,,PER COL PEP,PP,System
18722878,2025-11-20,480,ET,00110386,NLU,BOG,0000009ETH,ETHIOPIAN CARGO,6,208,208,1.213,,0,0,0,,,USD,,,,JVALDOS
18722864,2025-11-20,480,ET,00110412,NLU,BOG,0000009ETH,ETHIOPIAN CARGO,1,40.5,30,0.242,,0,0,0,,,USD,,,,JVALDOS
18722778,2025-11-20,480,ET,00200200,NLU,BOG,0000009ETH,ETHIOPIAN CARGO,1,235,215.3,1.408,,0,0,0,,,USD,,HEA,,JVALDOS
18722763,2025-11-20,480,ET,00200211,NLU,BOG,0000009ETH,ETHIOPIAN CARGO,1,336.5,336.5,1.325,,0,0,0,,,USD,,HEA,,JVALDOS
18722746,2025-11-20,480,ET,00200491,NLU,BOG,0000009ETH,ETHIOPIAN CARGO,3,255,255,1.376,,0,0,0,,,USD,,,,JVALDOS
18722701,2025-11-20,480,ET,00200502,NLU,BOG,0000009ETH,ETHIOPIAN CARGO,1,150,150,0.635,,0,0,0,,,USD,,HEA,,JVALDOS
18722685,2025-11-20,480,ET,00200561,NLU,CCS,0000009ETH,ETHIOPIAN CARGO,2,881,881,2.285,,0,0,0,,,USD,,HEA,,JVALDOS
18722653,2025-11-20,480,ET,00200340,NLU,BOG,0000009ETH,ETHIOPIAN CARGO,5,2724,2724,6.306,,0,0,0,,,USD,,HEA,,JVALDOS
18722636,2025-11-20,480,ET,00200583,NLU,BOG,0000009ETH,ETHIOPIAN CARGO,42,8665.5,7087.9,27.55,,0,0,0,,,USD,,HEA,,JVALDOS
18722588,2025-11-20,480,ET,00200395,NLU,BOG,0000009ETH,ETHIOPIAN CARGO,10,643.5,182,3.858,0,0,0,14.16,,86100040003,USD,,,,JVALDOS
18722543,2025-11-20,480,ET,00200594,NLU,BOG,0000009ETH,ETHIOPIAN CARGO,2,1133,1133,2.995,0.5,566.5,566.5,22.66,,86199300014,USD,,HEA,,JVALDOS
18722481,2025-11-20,480,ET,00200410,NLU,BOG,0000009ETH,ETHIOPIAN CARGO,7,961.5,847,5.767,0,528.83,528.83,21.15,,86100040003,USD,,,PP,JVALDOS
18722468,2025-11-20,480,ET,00200443,NLU,BOG,0000009ETH,ETHIOPIAN CARGO,28,5808,3823.5,34.847,0.65,3775.2,3775.2,151.01,,86174940014,USD,,,PP,JVALDOS
18722378,2025-11-20,480,ET,00200454,NLU,BOG,0000009ETH,ETHIOPIAN CARGO,28,5808,3795.5,34.847,0.65,3775.2,3775.2,151.01,,86174940014,USD,,,PP,JVALDOS
18722340,2025-11-20,480,ET,00200421,NLU,BOG,0000009ETH,ETHIOPIAN CARGO,14,7012,7012,30.727,0.5,3506,3506,140.24,,,USD,,HEA,PP,JVALDOS
18722325,2025-11-20,480,ET,00110423,NLU,BOG,0000009ETH,ETHIOPIAN CARGO,2,298.5,133,1.789,1.2,358.2,358.2,14.33,,86100370005,USD,,,PP,JVALDOS
18720804,2025-11-20,480,A7,00104274,CGO,NLU,0000009,,53,1960,1342,11.76,1,0,0,0,,~018720804S,CNY,,HEA,PP,System
18720792,2025-11-20,480,A7,00117084,CGO,NLU,0000009,,100,2308,2308,12,1,0,0,0,,~018720792S,CNY,,,PP,System
18705045,2025-11-19,480,A7,00103891,CGO,NLU,,,90,2040,1934,12.24,,0,0,0,,~018705045S,CNY,,,,System
18705038,2025-11-19,480,A7,00101463,CGO,NLU,,,1,251.5,242,1.507,,0,0,0,,,CNY,,HEA,,System
18705035,2025-11-19,480,A7,00100951,CGO,NLU,,,166,3320,3125,19.92,,0,0,0,,,CNY,,,,System
18705034,2025-11-19,480,A7,00101824,CGO,NLU,,,6,2429.5,876,14.576,,0,0,0,,,CNY,,HEA,,System
18705033,2025-11-19,480,A7,00116955,CGO,NLU,,,100,2000,1585,12,,0,0,0,,~018705033S,CNY,,,,System
18705032,2025-11-19,480,A7,00116981,CGO,NLU,,,100,2000,1572,12,,0,0,0,,~018705032S,CNY,,,,System
18705031,2025-11-19,480,A7,00116944,CGO,NLU,,,150,3000,2274,18,,0,0,0,,~018705031S,CNY,,,,System
18705030,2025-11-19,272,K4,74909074,CGO,NLU,,,88,1960,1826,11.76,,0,0,0,,~018705030S,CNY,,,,System
18705027,2025-11-19,272,K4,74908584,CGO,NLU,,,155,3241,3241,18.6,,0,0,0,,~018705027S,CNY,,,,System
18705026,2025-11-19,480,A7,00116970,CGO,NLU,,,100,2000,1555,12,,0,0,0,,~018705026S,CNY,,,,System
18705024,2025-11-19,480,A7,00116966,CGO,NLU,,,100,2000,1511,12,,0,0,0,,~018705024S,CNY,,,,System
18705023,2025-11-19,480,A7,00101835,CGO,NLU,0000009,,4,1654.5,520,9.925,1,0,0,0,,~018705023S,CNY,,,PP,System
18705019,2025-11-19,272,K4,74908606,CGO,NLU,,,155,3205,3205,18.6,,0,0,0,,~018705019S,CNY,,,,System
18705013,2025-11-19,272,K4,74908492,CGO,NLU,,,155,3182,3182,18.6,,0,0,0,,~018705013S,CNY,,,,System
18704929,2025-11-19,480,A7,00116992,CGO,NLU,0000009CGO,AWESOME CARGO,101,2020,1599,12.12,1,0,0,0,,~018704929S,CNY,,,PP,System
18685821,2025-11-18,480,A7,00114940,SCL,HGH,75101330006,,3,2130,2130,5.76,5.8,0,0,0,,~018685821S,CLP,,PER COL,PP,System
18685806,2025-11-18,480,A7,00114936,SCL,HGH,75101330006,,5,3273,3273,9.6,5.8,0,0,0,,~018685806S,CLP,,PER COL,PP,System
18685802,2025-11-18,480,A7,00114925,SCL,HGH,75101330006,,5,3289,3289,9.6,5.8,0,0,0,,~018685802S,CLP,,PER COL,PP,System
18685794,2025-11-18,480,A7,00114914,SCL,HGH,75101330006,,5,3292,3292,9.6,5.8,0,0,0,,~018685794S,CLP,,PER COL,PP,System
18685787,2025-11-18,480,A7,00114903,SCL,HGH,75101330006,,6,3861,3861,11.52,5.8,0,0,0,,~018685787S,CLP,,PER COL,PP,System
18685768,2025-11-18,480,A7,00114892,SCL,HGH,75101330006,,5,3409,3409,9.6,5.8,0,0,0,,~018685768S,CLP,,PER COL,PP,System
18685760,2025-11-18,480,A7,00114881,SCL,HGH,75101330006,,5,3506,3506,9.6,5.8,0,0,0,,~018685760S,CLP,,PER COL,PP,System
18685724,2025-11-18,480,A7,00114870,SCL,HGH,75101330006,,6,4215,4215,11.52,5.8,0,0,0,,~018685724S,CLP,,PER COL,PP,System
18685718,2025-11-18,480,A7,00114866,SCL,HGH,75101330006,,6,4220,4220,11.52,5.8,0,0,0,,~018685718S,CLP,,PER COL,PP,System
18685711,2025-11-18,480,A7,00114855,SCL,HGH,75101330006,,5,3537,3537,9.6,5.8,0,0,0,,~018685711S,CLP,,PER COL,PP,System
18685692,2025-11-18,480,A7,00114844,SCL,HGH,75101330006,,5,3541,3541,9.6,5.8,0,0,0,,~018685692S,CLP,,PER COL,PP,System
18685682,2025-11-18,480,A7,00114833,SCL,HGH,75101330006,,5,3537,3537,9.6,5.8,0,0,0,,~018685682S,CLP,,PER COL,PP,System
18685679,2025-11-18,480,A7,00114811,SCL,HGH,75101330006,,6,3598,3598,11.52,5.8,0,0,0,,~018685679S,CLP,,PER COL,PP,System
18683615,2025-11-18,480,ET,00099212,NLU,BOG,86100790016,FAST FORWARD CONSOLIDATORS,5,2050,2050,5.891,,0,0,0,,,USD,,HEA,,JVALDOS
18683267,2025-11-18,480,ET,00110342,NLU,BOG,0000009ETH,ETHIOPIAN CARGO,2,556,263,3.336,,0,0,0,,,USD,,,,JVALDOS
18683260,2025-11-18,480,ET,00110375,NLU,BOG,0000009ETH,ETHIOPIAN CARGO,2,801,801,3.687,,0,0,0,,,USD,,HEA,,JVALDOS
18683234,2025-11-18,480,ET,00200196,NLU,BOG,0000009ETH,ETHIOPIAN CARGO,1,145.5,95.7,0.873,,0,0,0,,,USD,,,,JVALDOS
18682848,2025-11-18,480,A7,00116200,SCL,CGO,75100390013,,12,8546,8546,23.04,5.5,0,0,0,,~018682848S,CLP,,COL PEP,PP,System
18682847,2025-11-18,480,A7,00116185,SCL,CGO,75100390013,,5,3601,3601,9.6,5.6,0,0,0,,~018682847S,CLP,,COL PEP,PP,System
18682846,2025-11-18,480,A7,00116174,SCL,CGO,75100390013,,5,3523,3523,9.6,5.6,0,0,0,,~018682846S,CLP,,COL PEP,PP,System
18682845,2025-11-18,480,A7,00116196,SCL,CGO,75100390013,,4,2855,2855,7.68,5.5,0,0,0,,~018682845S,CLP,,COL PEP,PP,System
18682844,2025-11-18,480,A7,00116141,SCL,CGO,75100390013,,13,7869,7869,24.96,5.6,0,0,0,,~018682844S,CLP,,COL PEP,PP,System
18682843,2025-11-18,480,A7,00116211,SCL,CGO,75100390013,,7,4823,4823,13.44,5.6,0,0,0,,~018682843S,CLP,,COL PEP,PP,System
18682842,2025-11-18,480,A7,00116130,SCL,CGO,75100390013,,12,8464,8464,23.04,5.6,0,0,0,,~018682842S,CLP,,COL PEP,PP,System
18682841,2025-11-18,480,A7,00116163,SCL,CGO,75100390013,,2,1172,1172,3.84,5.6,0,0,0,,~018682841S,CLP,,COL PEP,PP,System
18682839,2025-11-18,480,A7,00116152,SCL,CGO,75101330006,,5,3076,3076,0,5.8,0,0,0,,~018682839S,CLP,,COL PEP,PP,System
18682838,2025-11-18,480,A7,00114682,SCL,HGH,75101330006,,5,3076,3076,9.6,5.8,0,0,0,,~018682838S,CLP,,COL PEP,PP,System
18682837,2025-11-18,480,A7,00114726,SCL,HGH,75101330006,,5,3381,3381,9.6,5.8,0,0,0,,~018682837S,CLP,,COL PEP,PP,System
18682836,2025-11-18,480,A7,00114715,SCL,HGH,75101330006,,5,3374,3374,9.6,5.8,0,0,0,,~018682836S,CLP,,COL PEP,PP,System
18682835,2025-11-18,480,A7,00114796,SCL,HGH,75101330006,,3,1960,1960,5.76,5.8,0,0,0,,~018682835S,CLP,,COL PEP,PP,System
18682834,2025-11-18,480,A7,00114693,SCL,HGH,75101330006,,5,3604,3604,9.6,5.8,0,0,0,,~018682834S,CLP,,COL PEP,PP,System
18682833,2025-11-18,480,A7,00114741,SCL,HGH,75101330006,,7,4940,4940,13.44,5.8,0,0,0,,~018682833S,CLP,,COL PEP,PP,System
18682832,2025-11-18,480,A7,00114774,SCL,HGH,75101330006,,6,4233,4233,11.52,5.8,0,0,0,,~018682832S,CLP,,COL PEP,PP,System
18682831,2025-11-18,480,A7,00114785,SCL,HGH,75101330006,,7,4756,4756,13.44,5.8,0,0,0,,~018682831S,CLP,,COL PEP,PP,System
18682830,2025-11-18,480,A7,00114752,SCL,HGH,75101330006,,4,2808,2808,7.68,5.8,0,0,0,,~018682830S,CLP,,COL PEP,PP,System
18682829,2025-11-18,480,A7,00114704,SCL,HGH,75101330006,,5,3619,3619,9.6,5.8,0,0,0,,~018682829S,CLP,,COL PEP,PP,System
18682828,2025-11-18,480,A7,00114730,SCL,HGH,75101330006,,7,4929,4929,13.44,5.8,0,0,0,,~018682828S,CLP,,COL PEP,PP,System
18682827,2025-11-18,480,A7,00114671,SCL,HGH,75101330006,,5,3110,3110,9.6,5.8,0,0,0,,~018682827S,CLP,,COL PEP,PP,System
18682826,2025-11-18,480,A7,00114800,SCL,HGH,75101330006,,6,3619,3619,11.52,5.8,0,0,0,,~018682826S,CLP,,COL PEP,PP,System
18682825,2025-11-18,480,A7,00115533,SCL,CGO,75100510015,ANDES INTERGACIÓN LOGÍSTICA,15,10741,10741,28.8,4.28,0,0,0,,~018682825S,CLP,,COL PER,PP,System
18682824,2025-11-18,480,A7,00115544,SCL,CGO,75100510015,ANDES INTERGACIÓN LOGÍSTICA,15,10789,10789,28.8,4.28,0,0,0,,~018682824S,CLP,,COL PER,PP,System
18682823,2025-11-18,480,A7,00115555,SCL,CGO,75100510015,ANDES INTERGACIÓN LOGÍSTICA,15,10770,10770,28.8,4.28,0,0,0,,~018682823S,CLP,,COL PER,PP,System
18682822,2025-11-18,480,A7,00115566,SCL,CGO,75100510015,ANDES INTERGACIÓN LOGÍSTICA,15,10748,10748,28.8,4.28,0,0,0,,~018682822S,CLP,,COL PER,PP,System
18618489,2025-11-14,950,XS,00000000,LUX,MEX,,,10,143,94,0.857,,0,0,0,,,LUF,,,,System
18612233,2025-11-14,480,A7,99999911,NLU,CGO,00001TEST,TEST,1,100,100,0.24,1.1,104.5,104.5,4.62,,00001TEST,USD,,,PP,BENRIQUEZ
18609726,2025-11-13,480,ET,00200071,NLU,BOG,0000009ETH,ETHIOPIAN CARGO,155,4480.5,2697,25.448,,0,0,0,,,USD,,,,JVALDOS
18609665,2025-11-13,480,ET,00110202,NLU,BOG,0000009ETH,ETHIOPIAN CARGO,1,4600,1770,15.13,,0,0,0,,,USD,,HEA,,JVALDOS
18609305,2025-11-13,480,ET,00110401,NLU,BOG,0000009ETH,ETHIOPIAN CARGO,2,572,572,3.278,,0,0,0,,,USD,,HEA,,JVALDOS
18609279,2025-11-13,480,ET,00110191,NLU,UIO,0000009ETH,ETHIOPIAN CARGO,3,420,420,2.278,,0,0,0,,,USD,,,,JVALDOS
18555855,2025-11-10,480,ET,00003975,NLU,BOG,99953520026,HENCO GLOBAL SA DE CV,4,3150.5,3150.5,5.538,1.1,3465,3465,0,,99953520026,USD,,HEA,PP,PTOLEDO
18555578,2025-11-10,480,ET,03030204,NLU,BOG,86102340004,JAS FORWARDING DE MEXICO SA DE CV,1,291,290.6,1.47,1.6,465.6,465.6,0,,86102340004,USD,,HEA,PP,PTOLEDO
18495465,2025-11-06,480,ET,00099595,NLU,BOG,86100040003,EXPEDITORS INTERNATIONAL DE MEXICO,20,2261.5,533.5,6.858,0.55,1181.64,1181.64,0,,86100040003,USD,,,PP,PTOLEDO
18440847,2025-11-03,480,A7,00200034,NLU,BOG,0000009ETH,ETHIOPIAN CARGO,9,5765,5764.7,12.058,,0,0,0,,,USD,,HEA,,JVALDOS
18440825,2025-11-03,480,ET,00200126,NLU,CCS,0000009ETH,ETHIOPIAN CARGO,1,418,417.6,1.742,3.1,1295.8,1295.8,0,,~018440825S,USD,,HEA,PP,JVALDOS
18440812,2025-11-03,480,ET,00200141,NLU,BOG,0000009ETH,ETHIOPIAN CARGO,2,141.5,141.4,0.194,,0,0,0,,,USD,,,,JVALDOS
18348462,2025-10-28,480,A7,00110622,NLU,BOG,0000009ETH,ETHIOPIAN CARGO,28,4054,4053.6,19.811,,0,0,0,,,USD,,,,PTOLEDO
18329477,2025-10-27,480,A7,00110563,NLU,VVI,0000009ETH,ETHIOPIAN CARGO,2,310,310,1.582,,0,0,0,,,USD,,HEA,,PTOLEDO
18329437,2025-10-27,480,A7,00099444,NLU,BOG,86199080015,DSV AIR SEA SA DE CV,7,2487.5,2487.3,11.514,,0,0,0,,,USD,,HEA,,PTOLEDO
18329400,2025-10-27,480,A7,00099562,NLU,BOG,86199080015,DSV AIR SEA SA DE CV,2,333.5,274,2,,0,0,0,,,USD,,,,PTOLEDO
18329369,2025-10-27,480,A7,00110655,NLU,BOG,0000009ETH,ETHIOPIAN CARGO,1,205,205,1.056,,0,0,0,,,USD,,HEA,,PTOLEDO
18329346,2025-10-27,480,A7,00110331,NLU,BOG,0000009ETH,ETHIOPIAN CARGO,1,113,113,0.23,,0,0,0,,,USD,,,,PTOLEDO
18329331,2025-10-27,480,A7,00110320,NLU,BOG,0000009ETH,ETHIOPIAN CARGO,1,340,270,2.037,,0,0,0,,,USD,,HEA,,PTOLEDO
18329274,2025-10-27,480,A7,00110644,NLU,BOG,0000009ETH,ETHIOPIAN CARGO,1,692,692,0.293,,0,0,0,,,USD,,HEA,,PTOLEDO
18329262,2025-10-27,480,A7,00110316,NLU,BOG,0000009ETH,ETHIOPIAN CARGO,2,1785,1785,3.096,,0,0,0,,,USD,,HEA,,PTOLEDO
18329247,2025-10-27,480,A7,00099352,NLU,BOG,86100380004,PLUSCARGO TRANSPORTE MEXICANA SA DE,1,261,261,1.452,,0,0,0,,,USD,,HEA,,PTOLEDO
18292159,2025-10-24,480,A7,00101721,CGO,CCS,0000002ZZL,ZHENGZHOU ALL-LINK LOGISTICS LTD,14,3698,1521,22.188,,0,0,0,,,CNY,,,,PTOLEDO
18292027,2025-10-24,480,A7,00101732,CGO,CCS,0000002ZZL,ZHENGZHOU ALL-LINK LOGISTICS LTD,14,3698,1524,22.188,,0,0,0,,,CNY,,,,PTOLEDO
18291432,2025-10-24,480,A7,00099422,NLU,BOG,86199080015,DSV AIR SEA SA DE CV,2,591,591,3.364,,0,0,0,,,USD,,HEA,,PTOLEDO
18291409,2025-10-24,480,A7,00090532,NLU,BOG,86102350003,POWER LOGISTICS CARGO GROP SA DE CV,3,1087,989,6.522,,0,0,0,,,USD,,HEA,,PTOLEDO
18291335,2025-10-24,480,A7,00110250,NLU,BOG,86174940014,SCHENKER INTERNATIONAL,27,5621,3314.8,33.725,,0,0,0,,,USD,,,,PTOLEDO
18291293,2025-10-24,480,A7,00098475,NLU,BOG,86100370005,GRUPO DE INTERCAMBIO COMERCIAL SA D,1,86,24,0.516,,0,0,0,,,USD,,,,PTOLEDO
18274837,2025-10-23,480,A7,00099433,NLU,BOG,86199080015,DSV AIR SEA SA DE CV,10,1928.5,832,11.569,,0,0,0,,,USD,,,,PTOLEDO
18274827,2025-10-23,480,A7,00110541,NLU,BOG,86101470011,ECM EXPRESS CARGO MEXICO SA DE CV,12,4858,4858,22.842,,0,0,0,,,USD,,HEA,,PTOLEDO
18274733,2025-10-23,480,A7,00110272,NLU,BOG,86174940014,SCHENKER INTERNATIONAL,28,5756.5,3856.9,34.539,,0,0,0,,,USD,,,,PTOLEDO
18274694,2025-10-23,480,A7,00110283,NLU,BOG,86174940014,SCHENKER INTERNATIONAL,28,5756.5,3843.1,34.539,,0,0,0,,,USD,,,,PTOLEDO
18274613,2025-10-23,480,A7,00098464,NLU,BOG,86100370005,GRUPO DE INTERCAMBIO COMERCIAL SA D,2,561,561,2.538,,0,0,0,,,USD,,HEA,,PTOLEDO
18274604,2025-10-23,480,A7,00110600,NLU,BOG,86102340004,JAS FORWARDING DE MEXICO SA DE CV,8,2605,1606,15.63,,0,0,0,,,USD,,HEA,,PTOLEDO
18274564,2025-10-23,480,A7,00110633,NLU,BOG,86102340004,JAS FORWARDING DE MEXICO SA DE CV,2,550.5,550.5,0.832,,0,0,0,,,USD,,HEA,,PTOLEDO
18274434,2025-10-23,480,A7,00110585,NLU,BOG,86102340004,JAS FORWARDING DE MEXICO SA DE CV,2,547,547,2.227,,0,0,0,,,USD,,HEA,,PTOLEDO
18274374,2025-10-23,480,A7,00098486,NLU,BOG,86100370005,GRUPO DE INTERCAMBIO COMERCIAL SA D,6,640,640,3.31,,0,0,0,,,USD,,,,PTOLEDO
18274316,2025-10-23,480,A7,00110552,NLU,SJO,86102360002,NOATUM LOGISTICS MEXICO SA DE CV,1,70,70,0.203,,0,0,0,,,USD,,,,PTOLEDO
18274225,2025-10-23,480,A7,00110596,NLU,CCS,86114130001,DHL GLOBAL FORWARDING MEXICO SA DE,2,81333.5,449.9,488,,0,0,0,,,USD,,HEA,,PTOLEDO
18274166,2025-10-23,480,A7,00110611,NLU,CCS,86114130001,DHL GLOBAL FORWARDING MEXICO SA DE,68,1107.5,1107.1,1.189,,0,0,0,,,USD,,,,PTOLEDO
18274068,2025-10-23,480,A7,00099536,NLU,CCS,99953520026,HENCO GLOBAL SA DE CV,9,1975,1450,11.848,,0,0,0,,,USD,,HEA,,PTOLEDO
18222417,2025-10-21,480,A7,00099083,NLU,PVG,0000009TMA,AWESOME CARGO,10,6920,6920,27.225,,0,0,0,,~018222417S,USD,,HEA,,YMEDINA
18180635,2025-10-17,480,A7,00099116,NLU,PEK,0000009TMA,AWESOME CARGO,12,2676.5,2335.5,16.059,,0,0,0,,~018180635S,USD,,HEA,,YMEDINA
18180553,2025-10-17,480,A7,00098954,NLU,PVG,0000009TMA,AWESOME CARGO,2,690,690,0.427,,0,0,0,,~018180553S,USD,,HEA,,YMEDINA
18180457,2025-10-17,480,A7,00099002,NLU,PVG,0000009TMA,AWESOME CARGO,5,1423,1423,7.29,,0,0,0,,~018180457S,USD,,HEA,,YMEDINA
18165497,2025-10-17,480,A7,00006355,NLU,CGO,0000009TMA,AWESOME CARGO,7,11470,7796,68.818,1,0.95,0.95,0,,~018165497S,USD,,HEA,PP,YMEDINA
18165400,2025-10-17,480,A7,00089806,NLU,PEK,0000009TMA,AWESOME CARGO,56,13712,5576.5,82.27,1.2,15631.68,15631.68,0,,~018165400S,USD,,,PP,YMEDINA
18165345,2025-10-17,480,A7,00094113,NLU,PVG,0000009TMA,AWESOME CARGO,5,1311.5,1311.4,5.401,1,0.95,0.95,0,,~018165345S,USD,,HEA,PP,YMEDINA
18165232,2025-10-17,480,A7,00099024,NLU,PVG,0000009TMA,AWESOME CARGO,10,6920,6920,27.225,,0,0,0,,~018165232S,USD,,HEA,,YMEDINA
18165122,2025-10-17,480,A7,00099061,NLU,PVG,0000009TMA,AWESOME CARGO,3,1021,1021,1.038,,0,0,0,,~018165122S,USD,,HEA,,YMEDINA
18164998,2025-10-16,480,A7,00098943,MTY,PVG,0000009TMA,AWESOME CARGO,9,1313.5,1061,7.879,1,0,1,0,,~018164998S,MXN,,,PP,YMEDINA
18164884,2025-10-16,480,A7,00098980,MTY,PVG,0000009TMA,AWESOME CARGO,4,1112,531.5,6.672,1,0.95,0.95,0,,~018164884S,MXN,,,PP,YMEDINA
18164812,2025-10-16,480,A7,00099890,MTY,PVG,86114130023,DHL GLOBAL FORWARDING (MEXICO),2,711.5,469.5,4.269,,0,0,0,,86114130023,MXN,,HEA,,YMEDINA
18123651,2025-10-14,HWB,A7,CUU0029000,NLU,PEK,86199080015,DSV AIR SEA SA DE CV,1,101,101,0,0,0,0,0,,~018123651S,USD,,,PP,GHAA7
18123595,2025-10-14,HWB,A7,CUU0028998,NLU,PEK,86199080015,DSV AIR SEA SA DE CV,2,79,79,0,0,0,0,0,,~018123595S,USD,,,PP,GHAA7
18123513,2025-10-14,HWB,A7,CUU0028999,NLU,PEK,86199080015,DSV AIR SEA SA DE CV,1,49,49,0,0,0,0,0,,~018123513S,USD,,,PP,GHAA7
18123267,2025-10-14,HWB,A7,H424338,MTY,PVG,86114130023,DHL GLOBAL FORWARDING (MEXICO),20,1652,1652,0,0,0,0,0,,~018123267S,MXN,,,PP,GHAA7
18123003,2025-10-14,480,A7,00089795,NLU,PEK,86199080015,DSV AIR SEA SA DE CV,4,422.5,229,2.534,1.1,464.75,464.75,0,,86199080015,USD,,,PP,YMEDINA
18110870,2025-10-14,480,A7,00098910,MTY,PVG,86114130023,DHL GLOBAL FORWARDING (MEXICO),20,1652,1652,4.84,1.2,1883.28,1883.28,0,,86114130023,MXN,,HEA,PP,BENRIQUEZ
18110830,2025-10-13,480,A7,00098906,MTY,PVG,86114130023,DHL GLOBAL FORWARDING (MEXICO),2,691,469.5,4.143,0,898.3,898.3,0,,86114130023,MXN,,HEA,PP,YMEDINA
18110518,2025-10-13,480,A7,00098976,NLU,CGO,86101830006,BLU CARGO & LOGISTICS SAPI DE CV,8,2992,1853,17.952,0.75,2244,2244,0,,86101830006,USD,,HEA,PP,BENRIQUEZ
18106887,2025-10-13,HWB,DH,PTY0038671,PTY,NLU,89162841003,DSV AIR SEA PA INC,60,25231,25231,0,0,0,0,0,,~018106887S,PAB,,HEA,PP,GHAA7
18106806,2025-10-13,HWB,A7,PTY0038672,PTY,NLU,89162841003,DSV AIR SEA PA INC,1,125.5,125.5,0,0,0,0,0,,~018106806S,PAB,,,PP,GHAA7
18074879,2025-10-10,480,A7,01012421,PTY,NLU,89162841003,DSV AIR SEA PA INC,61,25356.5,25356.5,39.284,1,85500,85500,0,,89162841003,PAB,,HEA,PP,PTOLEDO
